gsr,lag,parcel,yeo,mean_delta,d,t,p,q
none,0,1,Visual,-0.01854402316681924,-0.172383887693846,-1.1434653507665016,0.2591716278856839,0.27846920290637384
none,0,2,Visual,-0.03307399520370177,-0.2461389909483391,-1.6327013585046495,0.10983437253173958,0.14347719725628996
none,0,3,Visual,-0.039644102856937306,-0.365018340100277,-2.4212577514219142,0.019759972060907946,0.06469811958828851
none,0,4,Visual,-0.02337568669401731,-0.16088877502166946,-1.0672153994535631,0.29182988385685843,0.30963382902584446
none,0,5,Visual,-0.040291517369073944,-0.3682820167644625,-2.442906533286199,0.018751973897734486,0.06303184503440164
none,0,6,Visual,-0.047690517355269545,-0.4526088055085774,-3.002267169365786,0.004450915394522789,0.055107176728208515
none,0,7,Visual,-0.01868498982653637,-0.16832947790925154,-1.1165714387628105,0.27037818102976163,0.28917452516552045
none,0,8,Visual,-0.027842888165602053,-0.26527469653497304,-1.7596332695637944,0.08558325702183131,0.12226179574547331
none,0,9,Visual,-0.028578962013926776,-0.2863138514719212,-1.899191235227815,0.06426127509584123,0.10665771800139623
none,0,10,Visual,-0.0302704873902882,-0.23248579637030928,-1.54213631129457,0.13036845987260778,0.16094871589210835
none,0,11,Visual,-0.05134400696173418,-0.3462450426789348,-2.2967297841732384,0.02656746717177507,0.07369447988575763
none,0,12,Visual,-0.024838821727297657,-0.2754053467143569,-1.8268324006185204,0.07467162582852507,0.11207588827263404
none,0,13,Visual,-0.03127220203193748,-0.23282191134500965,-1.5443658458095726,0.1298282345235388,0.16077799940995519
none,0,14,Visual,-0.01395845467631364,-0.15879612922893083,-1.0533343576263035,0.2980709264655061,0.31541896980476836
none,0,15,Visual,-0.01433699125283759,-0.1753207992786937,-1.1629466183052772,0.2512645494251278,0.27385781953692406
none,0,16,Visual,-0.0436676965671633,-0.30346890623844686,-2.0129849950649428,0.050404122107793485,0.09041098135927082
none,0,17,Visual,-0.027836605248777405,-0.24073757525343129,-1.5968724201111582,0.11761807545042037,0.15031063955325288
none,0,18,Visual,-0.04075463542649879,-0.3096068056787453,-2.0536992139537475,0.046117644529412694,0.08804923020262874
none,0,19,Visual,-0.01626486131501821,-0.2558348509677272,-1.697016417912886,0.09692170375849829,0.1332257096336746
none,0,20,Visual,-0.03601976264844489,-0.28167281182285797,-1.8684060609216049,0.06852842495088504,0.11000023006571713
none,0,21,Visual,-0.052020598743807496,-0.3650239957291603,-2.421295266619833,0.019758183729844968,0.06469811958828851
none,0,22,Visual,-0.02652496568320746,-0.22036451790919462,-1.4617328460247023,0.15108456398192996,0.17670709237652626
none,0,23,Visual,-0.032021385654636,-0.31315678059148155,-2.077247083555189,0.04378638061205585,0.08770994529892762
none,0,24,Visual,-0.03364901036643991,-0.29264804729998556,-1.9412075370484632,0.05880528941996385,0.10052186225634847
none,0,25,Visual,-0.03996556694082198,-0.37607818666115034,-2.4946204739845528,0.016529924735572677,0.06276513110479343
none,0,26,Visual,-0.03730108553065752,-0.30776067677900815,-2.0414533802036274,0.04737222333367069,0.08837266771953296
none,0,27,Visual,-0.0248376283398688,-0.2713234134961936,-1.7997559188106496,0.07891811129346853,0.11605604601980665
none,0,28,Visual,-0.031563871228245145,-0.2851726200744905,-1.891621162539314,0.06528895608540126,0.1071868481217653
none,0,29,Visual,-0.017236932827123515,-0.17475499706118294,-1.1591935109832086,0.2527741621279825,0.27475452405215484
none,0,30,Visual,-0.03545860987584795,-0.2776521817622313,-1.8417362182577595,0.07241777779936516,0.11207588827263404
none,0,31,Visual,-0.04143255748375848,-0.30710384154929665,-2.0370964281915476,0.04782570181353091,0.08837266771953296
none,0,32,Somatomotor,-0.03428847886824336,-0.2288801358441541,-1.5182190651212664,0.1362779328128248,0.1657159489123788
none,0,33,Somatomotor,-0.04920190104042172,-0.2917630920947578,-1.9353374083044383,0.05954279431193505,0.10122995083059737
none,0,34,Somatomotor,-0.04262599004117778,-0.3087319432698282,-2.047896033246619,0.04670852158241305,0.08837266771953296
none,0,35,Somatomotor,-0.044728102115454686,-0.32252653151594096,-2.1393989799462236,0.03812144397952984,0.0846252743617169
none,0,36,Somatomotor,-0.04773871159178256,-0.32810432641732107,-2.176397885637094,0.03506442708300801,0.08176013071605309
none,0,37,Somatomotor,-0.02738203294298389,-0.22569282642812427,-1.4970768462737905,0.14167823024052326,0.16916803610808748
none,0,38,Somatomotor,-0.03491222313062104,-0.23135449960340257,-1.534632137489827,0.13220002776074802,0.16220862301932273
none,0,39,Somatomotor,-0.03789375981652851,-0.314100478334694,-2.083506866214671,0.04318425132811546,0.08770994529892762
none,0,40,Somatomotor,-0.04467993630155088,-0.2859956111430834,-1.8970802676999874,0.06454645202442204,0.10668835045359015
none,0,41,Somatomotor,-0.042938718187258466,-0.31127461182767713,-2.0647621883918563,0.045009248495296646,0.08804923020262874
none,0,42,Somatomotor,-0.03518447860536881,-0.24993984360974192,-1.6579133628272433,0.1046137722455789,0.1385612877424886
none,0,43,Somatomotor,-0.02649287548488898,-0.21977006799510704,-1.4577897113813278,0.15216384555995427,0.1769347041394817
none,0,44,Somatomotor,-0.021819232066536496,-0.2509012771610141,-1.664290791528101,0.1033260258278648,0.13790365270328728
none,0,45,Somatomotor,-0.04959854538010092,-0.3814523686582327,-2.5302687644633632,0.015140517561981886,0.06276513110479343
none,0,46,Somatomotor,-0.042325098109408786,-0.4355929496539874,-2.889396750652893,0.006024566086159466,0.055107176728208515
none,0,47,Somatomotor,-0.02620212259222774,-0.22817552990358728,-1.5135452380614347,0.1374573766297956,0.1661116333894811
none,0,48,Somatomotor,-0.0457216733059884,-0.3243041174890261,-2.1511901513568694,0.03712265451658113,0.08389300455724549
none,0,49,Somatomotor,-0.04525882780277297,-0.34293874186330936,-2.274798265674286,0.027963477128221413,0.07464504814943568
none,0,50,Somatomotor,-0.05799954904078242,-0.45581268850689927,-3.023519324921052,0.0042015333018803214,0.055107176728208515
none,0,51,Somatomotor,-0.04135315067192285,-0.34406647926601236,-2.2822788293279177,0.02748012639600654,0.07464504814943568
none,0,52,Somatomotor,-0.03579038005627772,-0.47366865050930557,-3.1419623773867,0.0030355721119956617,0.055107176728208515
none,0,53,Somatomotor,-0.06757666091512594,-0.5096757962363997,-3.38080676168354,0.0015478267401829986,0.055107176728208515
none,0,54,Somatomotor,-0.07082943759620468,-0.4711089424784155,-3.124983195164058,0.003181571182261102,0.055107176728208515
none,0,55,Somatomotor,-0.059874219979699946,-0.41547583307743857,-2.75595489555639,0.008549674484331738,0.05663771934407157
none,0,56,Somatomotor,-0.04848679382352434,-0.4410924511708576,-2.92587631678379,0.005466584480936834,0.055107176728208515
none,0,57,Somatomotor,-0.04979087641091336,-0.37373412683990037,-2.4790717401580857,0.017171477074138488,0.06276513110479343
none,0,58,Somatomotor,-0.038868863692136976,-0.30986797695719015,-2.0554316282269856,0.04594251840993461,0.08804923020262874
none,0,59,Somatomotor,-0.047279297105621065,-0.34194552102815834,-2.2682099839859666,0.028395440746328004,0.07497953842276925
none,0,60,Somatomotor,-0.047316484842295586,-0.38621655950945993,-2.5618708314296925,0.013998725071752231,0.06276513110479343
none,0,61,Somatomotor,-0.03990569963568081,-0.2769210926775645,-1.8368867218934313,0.0731447383245987,0.11207588827263404
none,0,62,Somatomotor,-0.042055492773908694,-0.3359564195223288,-2.228482778933589,0.031128497912052105,0.07686048867173359
none,0,63,Somatomotor,-0.07139199574879738,-0.4376528406430424,-2.9030605216923515,0.005809621298022247,0.055107176728208515
none,0,64,Somatomotor,-0.07560526999918915,-0.4816585295624796,-3.1949612392660987,0.0026194809300544714,0.055107176728208515
none,0,65,Somatomotor,-0.054470920400211884,-0.4031691267879305,-2.6743214412215788,0.010545099435580003,0.05663771934407157
none,0,66,Somatomotor,-0.030836847289401413,-0.2330670042711669,-1.5459916083592402,0.12943544084445865,0.16077799940995519
none,0,67,Somatomotor,-0.04160855063274224,-0.31144624725759573,-2.065900689035399,0.044896512641274915,0.08804923020262874
none,0,68,Somatomotor,-0.03768175970839766,-0.38713328967126104,-2.567951731391084,0.013788257206103294,0.06276513110479343
none,0,69,DorsalAttention,-0.020976334836469348,-0.19638423959950554,-1.3026656749816294,0.19962257385237908,0.22242069510014384
none,0,70,DorsalAttention,-0.03584452952454365,-0.2482638376299661,-1.6467959968646273,0.10689014254616928,0.14103529228038955
none,0,71,DorsalAttention,-0.02152550052806434,-0.13862615500622663,-0.9195418845706033,0.3629420595929933,0.37708265931739565
none,0,72,DorsalAttention,-0.038413165137292156,-0.27869955645324107,-1.8486837159877467,0.07138699338015944,0.11154217715649913
none,0,73,DorsalAttention,-0.028079716834569703,-0.2819875456356494,-1.8704937688533387,0.06823160985217523,0.11000023006571713
none,0,74,DorsalAttention,-0.03161447582506206,-0.2469750757383098,-1.6382473175871612,0.10866805320333556,0.1425154796109319
none,0,75,DorsalAttention,-0.04026068013628798,-0.3395557501678165,-2.252358037428609,0.02945925038731709,0.07602387196726991
none,0,76,DorsalAttention,-0.04504100728780458,-0.3617397257647932,-2.399509884255754,0.020821639586841596,0.06557996720265069
none,0,77,DorsalAttention,-0.03564952409970337,-0.34287298558873536,-2.274362087893539,0.02799189305603838,0.07464504814943568
none,0,78,DorsalAttention,-0.035806557644394915,-0.4116967011204815,-2.730886970087454,0.009121813704779925,0.05663771934407157
none,0,79,DorsalAttention,-0.0501986216277872,-0.3856945120654782,-2.55840796044079,0.014119887057690413,0.06276513110479343
none,0,80,DorsalAttention,-0.03772238824691118,-0.35448456440575404,-2.3513845882129183,0.02335595442051046,0.0697192669268969
none,0,81,DorsalAttention,-0.0321554889859294,-0.2551168418202253,-1.692253684036273,0.09783281981858073,0.13347075861839824
none,0,82,DorsalAttention,-0.03465602821818826,-0.3379092671691223,-2.2414365047678735,0.03021268703666148,0.07642471578721631
none,0,83,DorsalAttention,-0.031617754304018926,-0.21912244166064526,-1.4534938442698015,0.15334657928217665,0.1777931353996251
none,0,84,DorsalAttention,-0.025423692711224907,-0.2245274961173064,-1.489346919478168,0.1436946472888546,0.17106505629625546
none,0,85,DorsalAttention,-0.03495112314631757,-0.23649140060443008,-1.5687064839010463,0.12404672109447473,0.15599209347517912
none,0,86,DorsalAttention,-0.03687578085927454,-0.29541524056697493,-1.9595630206264665,0.05654961218036736,0.09749933134546097
none,0,87,DorsalAttention,-0.047255523451453625,-0.4131923907124165,-2.7408082524460298,0.008891270490730194,0.05663771934407157
none,0,88,DorsalAttention,-0.038857465647966515,-0.39916592180807275,-2.6477671834674372,0.011281444639606997,0.05915056842789549
none,0,89,DorsalAttention,-0.04902560524886668,-0.34564517037534426,-2.292750681466965,0.026816027529278422,0.07369447988575763
none,0,90,DorsalAttention,-0.02970234632346567,-0.2459362357928416,-1.631356432954459,0.11011874889420255,0.14347719725628996
none,0,91,DorsalAttention,-0.028905911291606124,-0.2260806846502348,-1.4996496066629805,0.14101211665050659,0.16887678640779233
none,0,92,VentralAttention,-0.031549404658532273,-0.22735963132399473,-1.50813317915045,0.13883327806028248,0.16676670037271168
none,0,93,VentralAttention,-0.03117994892460879,-0.23457325444166996,-1.5559829416711752,0.12704241060771412,0.15830829982269673
none,0,94,VentralAttention,-0.03302479839452701,-0.2811486903376539,-1.8649294322996328,0.0690251443662375,0.11000023006571713
none,0,95,VentralAttention,-0.034966947148450576,-0.2755391620332879,-1.827720031026712,0.07453575075543739,0.11207588827263404
none,0,96,VentralAttention,-0.019502877850899377,-0.14855260674959733,-0.9853865164352628,0.3299466082777859,0.34640063861184867
none,0,97,VentralAttention,-0.024134453012926327,-0.218426384280253,-1.4488767219431644,0.15462581681547832,0.17875816972887668
none,0,98,VentralAttention,-0.04273315994253973,-0.26625619781183957,-1.7661438124970361,0.08447073595061352,0.12186134655177318
none,0,99,VentralAttention,-0.030080020995221824,-0.21981704485212747,-1.4581013205984616,0.1520783340081202,0.1769347041394817
none,0,100,VentralAttention,-0.044556086431995,-0.3019255814049157,-2.0027477362600217,0.051534830017600855,0.09161747558684596
none,0,101,VentralAttention,-0.023157218641722113,-0.2503088844834199,-1.6603613030478332,0.10411792642703341,0.13836269292629025
none,0,102,VentralAttention,-0.031181053631984198,-0.259236852573395,-1.7195827436372597,0.09269974326464557,0.1291982484524677
none,0,103,VentralAttention,-0.026188551880442276,-0.16260298638763498,-1.0785861912781036,0.286785647734987,0.3050911146116883
none,0,104,VentralAttention,-0.03838792203719303,-0.2548976355131696,-1.690799633891906,0.09811238860080916,0.13347075861839824
none,0,105,VentralAttention,-0.02775060089311833,-0.18389873121860462,-1.219846181749057,0.22917163835046245,0.2518369652202884
none,0,106,VentralAttention,-0.043655213719166634,-0.33514621589906834,-2.2231084960893055,0.03151563438382745,0.0770509827307376
none,0,107,VentralAttention,-0.06457813777105238,-0.47949756231989693,-3.180627004210309,0.002726358203454832,0.055107176728208515
none,0,108,VentralAttention,-0.05227941392728753,-0.4690837825750253,-3.1115498040840235,0.0033017474457182833,0.055107176728208515
none,0,109,VentralAttention,-0.04949674478599143,-0.26444730807376404,-1.7541449954003947,0.08653059113008452,0.12273842713487167
none,0,110,VentralAttention,-0.03954333649005401,-0.30975875741722364,-2.054707147759297,0.04601568396522982,0.08804923020262874
none,0,111,VentralAttention,-0.05079557433059228,-0.33607645784135814,-2.2292790230629596,0.03107150116192489,0.07686048867173359
none,0,112,VentralAttention,-0.06202780295671106,-0.4091802096914775,-2.71419445437115,0.00952219971568022,0.05663771934407157
none,0,113,VentralAttention,-0.04830983995570894,-0.33060229596629537,-2.192967541100456,0.033767043961536236,0.08087914721326045
none,0,114,Limbic,0.0010406770221847667,0.011369369659861357,0.07541586652922143,0.9402336169619074,0.9425900921923883
none,0,115,Limbic,-0.02558339209617776,-0.21185347456573378,-1.40527697133528,0.1671229237096439,0.1907813029073207
none,0,116,Limbic,-0.02894495572865312,-0.4218320665516297,-2.7981173785839695,0.007661717711636084,0.05663771934407157
none,0,117,Limbic,0.003971483087266734,0.055671868977624675,0.36928540155321554,0.7137273366767549,0.7209367037138938
none,0,118,Limbic,-0.03246330257462906,-0.29699422254649616,-1.9700368021800756,0.0552962102621632,0.09616732219506643
none,0,119,Limbic,-0.03020550135380035,-0.3196253206232007,-2.1201545240084005,0.03980241526853644,0.08557647298383808
none,0,120,Limbic,-0.036034005463106,-0.37435366680459287,-2.4831813033691166,0.016999750817741334,0.06276513110479343
none,0,121,Limbic,-0.05246895371051585,-0.46959349605688,-3.1149308608238178,0.00327110355223391,0.055107176728208515
none,0,122,Limbic,-0.03172419365386819,-0.4248574827926673,-2.818185719596306,0.007269829657539627,0.05663771934407157
none,0,123,Limbic,-0.040519565297951726,-0.5308442133633865,-3.521222155715438,0.0010308711179738356,0.055107176728208515
none,0,124,Limbic,-0.03043621353346748,-0.2609572593661352,-1.7309946312738553,0.09062354808810986,0.12719094468506648
none,0,125,Limbic,-0.01312360336920727,-0.1296677115994651,-0.8601182935988807,0.3944941711765192,0.40774591336074334
none,0,126,Limbic,-0.022939042753681024,-0.27910900811016065,-1.8513997110193297,0.07098742482439664,0.11154217715649913
none,0,127,Control,-0.01938551955761602,-0.15149658067536678,-1.0049146302439966,0.32055966469737246,0.3374312259972342
none,0,128,Control,-0.025213278830730216,-0.2762067000090745,-1.8321479770247067,0.07386105692088166,0.11207588827263404
none,0,129,Control,-0.0270839052743112,-0.22295097213429432,-1.478889442428873,0.1464587493784279,0.17233024410520895
none,0,130,Control,-0.02985790014653891,-0.2538304595904717,-1.683720789650126,0.09948288182687685,0.13375733797618436
none,0,131,Control,-0.030327098733632672,-0.24804756678455403,-1.6453614183699774,0.10718682213309606,0.14103529228038955
none,0,132,Control,-0.035001299566252225,-0.2817353531712524,-1.8688209132946192,0.06846935696283131,0.11000023006571713
none,0,133,Control,-0.045176701099588865,-0.34894463795750746,-2.314636873422917,0.02547418648026062,0.07175827177538203
none,0,134,Control,-0.030519753211698128,-0.22861807033429019,-1.5164807191878429,0.1367156578527125,0.1657159489123788
none,0,135,Control,-0.04115764938999337,-0.3185985459974089,-2.113343671652382,0.04041274378564595,0.08557647298383808
none,0,136,Control,-0.037637571579744934,-0.30743630714624887,-2.0393017554731316,0.04759569801665571,0.08837266771953296
none,0,137,Control,-0.04483114162208273,-0.2836783503679159,-1.8817092986347093,0.06665573088450162,0.10882568307673733
none,0,138,Control,-0.0429545716159312,-0.3284188319704164,-2.178484079465295,0.03489869250626861,0.08176013071605309
none,0,139,Control,-0.04270767447738483,-0.37305451742837814,-2.4745637213140586,0.017361663804442738,0.06276513110479343
none,0,140,Control,-0.03642668027301236,-0.2719356699748673,-1.8038171688410984,0.07826849031934296,0.11552544696581987
none,0,141,Control,-0.02672571323328956,-0.20417200363012417,-1.354323857472405,0.1827075810950951,0.20558832622599882
none,0,142,Control,-0.028447023328965145,-0.18781330581695954,-1.2458125320622564,0.21957864839956018,0.2439762759995113
none,0,143,Control,-0.011056603365554123,-0.09186078504614227,-0.609335513891088,0.5455083683032413,0.5580648269086868
none,0,144,Control,-0.0521994393555135,-0.36882431719958014,-2.4465037474200617,0.018589066067848877,0.06303184503440164
none,0,145,Control,-0.035923044379825894,-0.2763779892571196,-1.833284181357483,0.07368876702377136,0.11207588827263404
none,0,146,Control,-0.04040943731950708,-0.33866600964645255,-2.2464561664883305,0.029864295824922414,0.07620367697902627
none,0,147,Control,-0.03048914681428055,-0.27875818124504,-1.8490725888633666,0.07132966686525587,0.11154217715649913
none,0,148,Control,-0.05554188586763871,-0.32116509150257655,-2.130368208548412,0.038902328265698435,0.0846252743617169
none,0,149,DefaultMode,-0.024544413973216248,-0.21170675778975642,-1.4043037623425445,0.16741059330117392,0.1907813029073207
none,0,150,DefaultMode,-0.0352297590969985,-0.36878572882802385,-2.446247781120616,0.01860061557824456,0.06303184503440164
none,0,151,DefaultMode,-0.028280168162964515,-0.2811532522769343,-1.8649596927814518,0.06902080776048687,0.11000023006571713
none,0,152,DefaultMode,-0.06363526256952746,-0.45853563871139646,-3.0415813332233297,0.003999957837030807,0.055107176728208515
none,0,153,DefaultMode,-0.04040253688102098,-0.25972481231400424,-1.7228195023820598,0.09210689307431169,0.1288208294745618
none,0,154,DefaultMode,-0.02199860645039403,-0.18101424434730493,-1.2007126604194425,0.23643546001792065,0.25839940985565096
none,0,155,DefaultMode,-0.030887991702478735,-0.25082498013786736,-1.6637846943313037,0.10342773952746545,0.13790365270328728
none,0,156,DefaultMode,-0.028911542838202534,-0.20720221419674978,-1.37442400044294,0.17643133220448706,0.1993574375191944
none,0,157,DefaultMode,-0.017792316090264146,-0.13967619054890607,-0.9265070323938129,0.35935374674139475,0.3753041741424488
none,0,158,DefaultMode,-0.03256170326282185,-0.2320647835962511,-1.5393436284875759,0.13104768386982946,0.16128945707055933
none,0,159,DefaultMode,-0.024700210458984004,-0.23859048591937684,-1.5826302406862924,0.1208341022773455,0.15281507400087724
none,0,160,DefaultMode,-0.02925875628635024,-0.22375078383166286,-1.4841947930350905,0.14505122989284117,0.1716582602282144
none,0,161,DefaultMode,-0.020622329472092974,-0.17220001882053554,-1.142245702639709,0.2596725317101936,0.27846920290637384
none,0,162,DefaultMode,-0.04722261667866363,-0.3279294987441856,-2.175238210047572,0.03515685620790283,0.08176013071605309
none,0,163,DefaultMode,-0.025527621827228553,-0.20404534198797575,-1.3534836791877316,0.18297361034113896,0.20558832622599882
none,0,164,DefaultMode,-0.0440082640485632,-0.34172483334672366,-2.2667461075156217,0.028492224600652313,0.07497953842276925
none,0,165,DefaultMode,-0.022484473161455146,-0.17407438871949607,-1.154678865986086,0.2545987419922852,0.27598779619759917
none,0,166,DefaultMode,-0.047326423356512,-0.2760883426181272,-1.831362882910832,0.07398030478645062,0.11207588827263404
none,0,167,DefaultMode,-0.03420610180184196,-0.20981882984206662,-1.3917806650751194,0.17114671845844837,0.19448490733914586
none,0,168,DefaultMode,-0.009266009484649744,-0.09820574990995154,-0.6514232494135755,0.5182398678117184,0.5328944656161628
none,0,169,DefaultMode,-0.0075567187635384,-0.08288935549261524,-0.5498257825667784,0.5852835701623399,0.5957084683586157
none,0,170,DefaultMode,-0.02810378141594696,-0.25386940764059157,-1.6839791417872532,0.09943258725526852,0.13375733797618436
none,0,171,DefaultMode,-0.047061118024743734,-0.3408414602614274,-2.2608864733679694,0.02888258404032883,0.0750196988060489
none,0,172,DefaultMode,-0.05121406717825232,-0.33856641299166557,-2.2457955170197255,0.029909943214267817,0.07620367697902627
none,0,173,DefaultMode,-0.010896427812332183,-0.08425848351862587,-0.5589075504712528,0.5791241278255072,0.5909429875770481
none,0,174,DefaultMode,-0.029961755274136068,-0.2546455674015537,-1.6891276031962192,0.09843468448106871,0.13347075861839824
none,0,175,DefaultMode,-0.029463748097546684,-0.19739918346970775,-1.3093980509830936,0.19735321895191643,0.2205063898904094
none,0,176,DefaultMode,-0.03738069262414798,-0.30787601731290104,-2.042218462751712,0.047292979783832866,0.08837266771953296
none,0,177,DefaultMode,-0.04639553093926125,-0.32522584454075376,-2.157304196936271,0.03661388976065722,0.08339304931817526
none,0,178,DefaultMode,-0.03703315011724609,-0.23626088082614738,-1.567177388678406,0.12440369454645535,0.15599209347517912
none,0,179,DefaultMode,-0.0459830050053673,-0.3579200585361819,-2.374173078213113,0.022123211700020923,0.0678775508169259
none,0,180,DefaultMode,-0.0446124334436034,-0.35021290746285666,-2.323049621587504,0.024974611383603365,0.07175827177538203
none,0,181,DefaultMode,-0.0474773146301231,-0.29885154301987604,-1.9823568724313683,0.05385260440298892,0.09406568454670554
none,0,182,DefaultMode,-0.010973382808002542,-0.09303441373256773,-0.61712048588323,0.5404094503537229,0.5542661029268953
none,0,183,DefaultMode,-0.034337068078657794,-0.2660586851563375,-1.7648336617577425,0.08469363585348236,0.12186134655177318
none,0,184,DefaultMode,-0.00964216196278815,-0.07856930426470426,-0.5211698045705889,0.6049223625371252,0.6141343782102794
none,0,185,DefaultMode,-0.029829263714225493,-0.20720820806494394,-1.3744637592666256,0.17641908446423474,0.1993574375191944
none,0,186,DefaultMode,-0.027211504472907752,-0.2229385429446244,-1.4788069965117066,0.1464807074894276,0.17233024410520895
none,0,187,DefaultMode,-0.017900093646572694,-0.13068410819190457,-0.8668603058695157,0.3908302055553965,0.4050053943579238
none,0,188,DefaultMode,-0.020777724232084887,-0.15493997012758937,-1.0277554918841758,0.3098117008638655,0.3269780484051351
none,0,189,DefaultMode,-0.03307150607665527,-0.2915451100158304,-1.9338914787707908,0.059725670990052444,0.10122995083059737
none,0,190,DefaultMode,-0.034308681845137676,-0.2873602983881233,-1.9061325787959496,0.0633311272006641,0.1055518786677735
none,0,191,DefaultMode,-0.0283881213436078,-0.22170251966124158,-1.4706081455854583,0.14867738585926263,0.17440162564136377
none,0,192,DefaultMode,-0.03146112880906143,-0.23984618922079418,-1.590959634083917,0.11894470190888744,0.15152191325972922
none,0,193,DefaultMode,-0.02301672099914547,-0.2430767612433995,-1.6123888245983191,0.11419382184713872,0.14734686689953383
none,0,194,DefaultMode,-0.03956317306427768,-0.31361456423519685,-2.080283676717919,0.04349337985553563,0.08770994529892762
none,0,195,DefaultMode,-0.039612138434350797,-0.3011336623771913,-1.997494739701412,0.05212350877088418,0.09225399782457379
none,0,196,DefaultMode,-0.027772647124417637,-0.23939521745234263,-1.5879682257899226,0.11962048199617124,0.15189902475704287
none,0,197,DefaultMode,-0.04169154118812551,-0.27815096611869466,-1.8450447793811353,0.07192533137539785,0.11194604105120289
none,0,198,DefaultMode,-0.024599073200578723,-0.18597725981097493,-1.2336335806628929,0.22404024493038666,0.24697916888084578
none,0,199,DefaultMode,-0.03803033563806076,-0.34544726574663437,-2.2914379306715547,0.02689848515830153,0.07369447988575763
none,0,200,DefaultMode,-0.038322314534138424,-0.28506787604948386,-1.8909263692793574,0.06538397735427683,0.1071868481217653
none,0,201,Visual,-0.014979692739154636,-0.18593913441322793,-1.233380685384273,0.22413359575936753,0.24697916888084578
none,0,202,Visual,-0.0304277863000349,-0.26632768306438837,-1.7666179920185328,0.08439018353831644,0.12186134655177318
none,0,203,Visual,-0.04755584867963878,-0.5007030351335992,-3.3212881978605706,0.001834660638575953,0.055107176728208515
none,0,204,Visual,-0.0548221024269109,-0.40417409954872324,-2.6809876763657337,0.010367325819443007,0.05663771934407157
none,0,205,Visual,-0.03335629442294811,-0.23558547661243046,-1.562697263960958,0.1254543748756003,0.15681796859450037
none,0,206,Visual,-0.03569081794630709,-0.3480687991537953,-2.3088272160454233,0.02582438683939855,0.07223604710321273
none,0,207,Visual,-0.045855136009352065,-0.3119569825988523,-2.0692885240236434,0.04456250146624003,0.08804923020262874
none,0,208,Visual,-0.0353883645935885,-0.2575117903355837,-1.7081399752715978,0.09482109310077494,0.1316959626399652
none,0,209,Visual,-0.0471887940826847,-0.325081888465755,-2.1563493003621437,0.036692941699997116,0.08339304931817526
none,0,210,Visual,-0.013804981517891864,-0.11687193809172546,-0.7752407343437966,0.4424400744154714,0.456123788057187
none,0,211,Visual,-0.05064296426353834,-0.35185559643814496,-2.333945987544073,0.024340609503828558,0.0705524913154451
none,0,212,Visual,-0.03667916480946932,-0.3054822535875357,-2.0263400305241115,0.04896144578134369,0.08896540929726295
none,0,213,Visual,-0.008837567918493711,-0.06130377657159218,-0.4066432502395023,0.6862869859944831,0.6949741630323879
none,0,214,Visual,-0.05422843805908285,-0.36374703815289755,-2.4128248883125023,0.02016569409056311,0.06505062609859068
none,0,215,Visual,-0.02012686010351972,-0.17240612317028395,-1.1436128442312605,0.25911109999612614,0.27846920290637384
none,0,216,Visual,-0.03946960307113903,-0.27526863763561266,-1.8259255751792607,0.07481065542198322,0.11207588827263404
none,0,217,Visual,-0.046445698183370014,-0.3218431819826158,-2.1348661519408156,0.03851165325570431,0.0846252743617169
none,0,218,Visual,-0.01590667382434642,-0.16527079924821406,-1.096282459816955,0.27905714877165533,0.29766095868976566
none,0,219,Visual,-0.05883225774053923,-0.3754718287150523,-2.4905983503928377,0.016693757887923863,0.06276513110479343
none,0,220,Visual,-0.04740761189874569,-0.33151605997237293,-2.199028765810639,0.033303178231036915,0.08024862224346245
none,0,221,Visual,-0.0370405858332094,-0.3230107446763113,-2.142610886689225,0.037847056882258444,0.08458292660840883
none,0,222,Visual,-0.035942638258384056,-0.3361240695493348,-2.229594843404932,0.031048919798716275,0.07686048867173359
none,0,223,Visual,-0.05189839316854458,-0.4340954567242317,-2.8794635063044725,0.006185455621097155,0.055107176728208515
none,0,224,Visual,-0.04341644279545119,-0.3577663554635521,-2.373153527371038,0.02217708778180684,0.0678775508169259
none,0,225,Visual,-0.034802917273534774,-0.3130195137564348,-2.076336558379169,0.04387457270849611,0.08770994529892762
none,0,226,Visual,-0.03445104845062904,-0.34111036687989543,-2.2626701980821737,0.02876325359496815,0.0750196988060489
none,0,227,Visual,-0.03360670102377178,-0.41395166462210653,-2.745844705789125,0.00877630949111943,0.05663771934407157
none,0,228,Visual,-0.03404857589246366,-0.3069360162221716,-2.035983200910763,0.04794217223784663,0.08837266771953296
none,0,229,Visual,-0.03532574021371105,-0.3538081726705166,-2.3468979130187577,0.02360581186532493,0.06994314626762942
none,0,230,Visual,-0.05538095967758621,-0.5354963260822956,-3.5520807804575605,0.0009418650399550958,0.055107176728208515
none,0,231,Somatomotor,-0.059442674090732554,-0.3688423187007672,-2.4466231558702614,0.018583680435275893,0.06303184503440164
none,0,232,Somatomotor,-0.03805748503672474,-0.2706643987332894,-1.7953845094109324,0.07962241142381686,0.1162465279930751
none,0,233,Somatomotor,-0.07029434286341547,-0.44534640022001365,-2.9540938225304703,0.0050685000010805,0.055107176728208515
none,0,234,Somatomotor,-0.05343931587409546,-0.36019120297542206,-2.389238146112437,0.021340748358526198,0.06668983862039436
none,0,235,Somatomotor,-0.05847803097614275,-0.47624541490268596,-3.159054698718683,0.0028950030506742315,0.055107176728208515
none,0,236,Somatomotor,-0.06173458792772586,-0.4389208715609385,-2.9114716872468147,0.005680885737693075,0.055107176728208515
none,0,237,Somatomotor,-0.06479198746110373,-0.45372785793311277,-3.00969012339163,0.004362274310776578,0.055107176728208515
none,0,238,Somatomotor,-0.04738674737740243,-0.3052114378675262,-2.0245436422629086,0.04915338863673778,0.08896540929726295
none,0,239,Somatomotor,-0.057004032263972666,-0.3864783360001352,-2.563607260226704,0.013938327580046402,0.06276513110479343
none,0,240,Somatomotor,-0.05063092340585715,-0.39861456291510294,-2.644109882321825,0.011386484422369883,0.05915056842789549
none,0,241,Somatomotor,-0.06144766367677554,-0.4571843448112681,-3.032617863526886,0.004098828641392425,0.055107176728208515
none,0,242,Somatomotor,-0.06173834204222282,-0.3726876246487935,-2.4721300299377136,0.017465130471864217,0.06276513110479343
none,0,243,Somatomotor,-0.057298128360882356,-0.5049586069458898,-3.3495164678001323,0.0016928310597773594,0.055107176728208515
none,0,244,Somatomotor,-0.06643538606906584,-0.4472685698833951,-2.9668440536441496,0.004897665853573975,0.055107176728208515
none,0,245,Somatomotor,-0.02285074322649053,-0.22772700961622055,-1.5105700910533195,0.13821239173178818,0.1665209538937207
none,0,246,Somatomotor,-0.05998762833504207,-0.46026526237192117,-3.053054358644293,0.0038766735371637802,0.055107176728208515
none,0,247,Somatomotor,-0.0420309517300493,-0.36263865925812194,-2.405472734473464,0.020525543718863313,0.06516045625035972
none,0,248,Somatomotor,-0.055924287607106986,-0.4185151840598349,-2.7761156691860034,0.008113822305207626,0.05663771934407157
none,0,249,Somatomotor,-0.04447987715925788,-0.38383368773064597,-2.546064648201987,0.014559597218316213,0.06276513110479343
none,0,250,Somatomotor,-0.04748909376626743,-0.37365933891688363,-2.478575653199092,0.01719231324469596,0.06276513110479343
none,0,251,Somatomotor,-0.039573572489472734,-0.4224787261340728,-2.802406832988071,0.007576343367623701,0.05663771934407157
none,0,252,Somatomotor,-0.04327133534964915,-0.3724940151226366,-2.4708457696295105,0.01751995513578267,0.06276513110479343
none,0,253,Somatomotor,-0.027574902778783803,-0.2901543595778944,-1.9246662840114792,0.060903834244678566,0.10279128142561783
none,0,254,Somatomotor,-0.0351829556558899,-0.34905989385611796,-2.3154013945640504,0.025428419941459633,0.07175827177538203
none,0,255,Somatomotor,-0.027328252500675467,-0.26541303076865663,-1.7605508750613736,0.08542571831608287,0.12226179574547331
none,0,256,Somatomotor,-0.013147474171432222,-0.1388056566310459,-0.9207325636481726,0.362327004065114,0.37708265931739565
none,0,257,Somatomotor,-0.0388203697750291,-0.41045770754913574,-2.7226684164998205,0.009316959128532505,0.05663771934407157
none,0,258,Somatomotor,-0.034192390015686205,-0.2889930580631604,-1.9169630812257903,0.06190283654807096,0.10403838075306045
none,0,259,Somatomotor,-0.024938240945864176,-0.22938907309075307,-1.521594972898877,0.1354310602266716,0.16566490547605087
none,0,260,Somatomotor,-0.0589800434989545,-0.38385289839050657,-2.5461920773034534,0.014554994631718478,0.06276513110479343
none,0,261,Somatomotor,-0.03433703837898079,-0.30530597712388824,-2.0251707447455325,0.049086309036927823,0.08896540929726295
none,0,262,Somatomotor,-0.051026143253459735,-0.4287195744482135,-2.843803937451124,0.006796604158835036,0.05634947521480263
none,0,263,Somatomotor,-0.04101630483526028,-0.3888767376484808,-2.5795164569549676,0.013395948299224773,0.06276513110479343
none,0,264,Somatomotor,-0.04044206793475517,-0.31916521053264724,-2.1171024989431557,0.04007490275502253,0.08557647298383808
none,0,265,Somatomotor,-0.049667391708898216,-0.42981047321158916,-2.8510401412158837,0.00666821839491863,0.05634947521480263
none,0,266,Somatomotor,-0.04683944894945597,-0.3676717369557167,-2.4388583950007194,0.018936847678541733,0.06312282559513911
none,0,267,Somatomotor,-0.02684753636526419,-0.22866597289091334,-1.5167984688014782,0.1366355629891823,0.1657159489123788
none,0,268,Somatomotor,-0.058082043179576125,-0.43129878789877285,-2.8609125039906114,0.00649669825439919,0.05634947521480263
none,0,269,Somatomotor,-0.05179202835941106,-0.4212823927456494,-2.7944712550409214,0.007734988391478895,0.05663771934407157
none,0,270,Somatomotor,-0.04470246700594016,-0.35761601934871184,-2.3721563104003085,0.022229897892543232,0.0678775508169259
none,0,271,DorsalAttention,-0.03744950636805264,-0.26312352646721593,-1.7453640216138069,0.08806450107995366,0.12403450856331502
none,0,272,DorsalAttention,-0.046391632395188794,-0.39565517303807585,-2.6244795106608763,0.011965791962496938,0.059828959812484685
none,0,273,DorsalAttention,-0.052311424327198,-0.38900395257621834,-2.580360305321044,0.013367726030896978,0.06276513110479343
none,0,274,DorsalAttention,-0.029177628065228844,-0.28059379987211636,-1.8612487053517655,0.06955435720504066,0.11040374159530264
none,0,275,DorsalAttention,-0.03737495238786401,-0.40977061130628534,-2.7181107356350247,0.00942683361795212,0.05663771934407157
none,0,276,DorsalAttention,-0.0506254916887042,-0.37217061980999966,-2.4687006078075586,0.017611879749905468,0.06276513110479343
none,0,277,DorsalAttention,-0.035935766809751746,-0.31762401054897893,-2.1068793347976973,0.040999602137014486,0.08557647298383808
none,0,278,DorsalAttention,-0.030406093337652654,-0.25670705118965975,-1.7028019396693161,0.09582438703692743,0.13262890939367117
none,0,279,DorsalAttention,-0.04688726723675051,-0.44157868320655136,-2.929101615230684,0.005419646984558935,0.055107176728208515
none,0,280,DorsalAttention,-0.0376054637636645,-0.40463407414093666,-2.684038802636671,0.010286883371840461,0.05663771934407157
none,0,281,DorsalAttention,-0.05139200294719633,-0.5812018058821333,-3.855256635176021,0.0003812619231562098,0.055107176728208515
none,0,282,DorsalAttention,-0.05642366582544764,-0.48821866881570747,-3.238476280216976,0.0023187940443135558,0.055107176728208515
none,0,283,DorsalAttention,-0.04271581726713511,-0.3755057863175627,-2.4908235996454517,0.01668454394813081,0.06276513110479343
none,0,284,DorsalAttention,-0.038699969402715216,-0.32549224664427867,-2.159071308577778,0.03646799393612608,0.08339304931817526
none,0,285,DorsalAttention,-0.04811816578892267,-0.3717532974714935,-2.465932404580641,0.01773114953710414,0.06276513110479343
none,0,286,DorsalAttention,-0.03291398275269421,-0.25495257132083665,-1.691164036815081,0.09804226325438616,0.13347075861839824
none,0,287,DorsalAttention,-0.061091605119563734,-0.40664679494116945,-2.697389682040902,0.009941607638717662,0.05663771934407157
none,0,288,DorsalAttention,-0.034930599190031816,-0.2682587962878619,-1.7794275479984438,0.08223835820674516,0.11961943011890205
none,0,289,DorsalAttention,-0.02731530832608249,-0.24134179061891492,-1.6008803314309106,0.11672569107583416,0.14964832189209507
none,0,290,DorsalAttention,-0.05403627498173102,-0.375245814227023,-2.4890991398848827,0.016755201781762107,0.06276513110479343
none,0,291,DorsalAttention,-0.04459844735689568,-0.3806199437009669,-2.5247470819646076,0.015348518942539975,0.06276513110479343
none,0,292,DorsalAttention,-0.025497901204412032,-0.2117660950379714,-1.4046973611193867,0.16729420360513447,0.1907813029073207
none,0,293,DorsalAttention,-0.053246602331899456,-0.3798434381690663,-2.5195963269707073,0.015544890999619905,0.06276513110479343
none,0,294,VentralAttention,-0.043193095486816824,-0.3282831903280154,-2.1775843345977117,0.03497008631582632,0.08176013071605309
none,0,295,VentralAttention,-0.059849221745237706,-0.5051707355691095,-3.350923569901162,0.0016860415624657301,0.055107176728208515
none,0,296,VentralAttention,-0.05233716373070371,-0.4346916982952269,-2.883418525455279,0.006120921978586984,0.055107176728208515
none,0,297,VentralAttention,-0.04100637806393889,-0.3219652891925826,-2.1356761195401304,0.03844167028011649,0.0846252743617169
none,0,298,VentralAttention,-0.053649590143592565,-0.396396483176901,-2.6293968058284136,0.011818192856379098,0.059828959812484685
none,0,299,VentralAttention,-0.03853726243453817,-0.38067020615791053,-2.525080485386053,0.015335886180283862,0.06276513110479343
none,0,300,VentralAttention,-0.025205197218842665,-0.2384111290371112,-1.5814405217222067,0.12110594614569521,0.15281507400087724
none,0,301,VentralAttention,-0.052494695934199906,-0.4029903157474548,-2.673135342962318,0.010577022579721134,0.05663771934407157
none,0,302,VentralAttention,-0.058854447238442326,-0.3691769585974349,-2.448842905824523,0.01848382087441488,0.06303184503440164
none,0,303,VentralAttention,-0.04817728281004699,-0.3147914606614913,-2.0880903244441766,0.042747972657703574,0.08768814904144323
none,0,304,VentralAttention,-0.05045930835835892,-0.3692267727196457,-2.4491733353297915,0.01846899752156907,0.06303184503440164
none,0,305,VentralAttention,-0.056072546311030584,-0.4027527524211932,-2.6715595261280014,0.01061957237701342,0.05663771934407157
none,0,306,VentralAttention,-0.05896894652607272,-0.4493446567337579,-2.9806152558738384,0.004719215320850345,0.055107176728208515
none,0,307,VentralAttention,-0.04308680626960404,-0.31854983272542076,-2.1130205443613925,0.040441902602174715,0.08557647298383808
none,0,308,VentralAttention,-0.046944163837059245,-0.27710956208658477,-1.8381368865217915,0.07295674446750626,0.11207588827263404
none,0,309,VentralAttention,-0.044236068359704256,-0.3094458732562063,-2.0526317090294173,0.04622584585638009,0.08804923020262874
none,0,310,VentralAttention,-0.05515322199029141,-0.4339659392944337,-2.87860438486757,0.006199557381923458,0.055107176728208515
none,0,311,VentralAttention,-0.06183366224575677,-0.4586714199739737,-3.042482004226386,0.003990147913216546,0.055107176728208515
none,0,312,VentralAttention,-0.05045710997120725,-0.41448069749310984,-2.7493539128588913,0.008697023237659762,0.05663771934407157
none,0,313,VentralAttention,-0.056454468181449065,-0.38130364637710745,-2.529282252454446,0.015177489868316338,0.06276513110479343
none,0,314,VentralAttention,-0.03729843298900804,-0.2790998942988516,-1.8513392568342864,0.07099629795658419,0.11154217715649913
none,0,315,VentralAttention,-0.05687118755269666,-0.4037177047208388,-2.6779602955650295,0.010447714437733324,0.05663771934407157
none,0,316,VentralAttention,-0.0507263350623327,-0.31809535857195054,-2.1100059038734424,0.04071483281162473,0.08557647298383808
none,0,317,VentralAttention,-0.03512834269645401,-0.2706583766108942,-1.7953445631700793,0.07962887167525645,0.1162465279930751
none,0,318,VentralAttention,-0.021225662430323852,-0.18155384692203025,-1.2042919789719901,0.23506394595843633,0.2576043243380124
none,0,319,Limbic,-0.0028313617404425047,-0.03430269476315248,-0.22753833565493173,0.8210836075040776,0.8252096557829925
none,0,320,Limbic,-0.041757670919896045,-0.4724910046895011,-3.1341507587462587,0.003101938739658321,0.055107176728208515
none,0,321,Limbic,-0.0029625669319195314,-0.0511882543552492,-0.33954446673927446,0.7358524907848032,0.7414130889519427
none,0,322,Limbic,-0.01870191586066524,-0.2123426729369326,-1.4085219462259186,0.1661665236260669,0.1907813029073207
none,0,323,Limbic,0.0007223377601856287,0.008802536954648572,0.05838942456361395,0.9537089462646045,0.9537089462646045
none,0,324,Limbic,-0.038409442741374984,-0.3645936736644782,-2.4184408329647105,0.01989467177339872,0.06469811958828851
none,0,325,Limbic,-0.02668558362626574,-0.28149180970107773,-1.8672054286731972,0.06869961909984779,0.11000023006571713
none,0,326,Limbic,-0.04928616731677928,-0.4353330135111138,-2.887672529342166,0.00605221064530518,0.055107176728208515
none,0,327,Limbic,-0.03202322328418294,-0.25627703635969584,-1.6999495439787586,0.09636409632437604,0.13291599493017384
none,0,328,Limbic,-0.02481886029911563,-0.24178344358365245,-1.603809925774076,0.1160768885331548,0.1492950334831573
none,0,329,Limbic,-0.04757167750876712,-0.41670772603522516,-2.764126349002107,0.008370469345380419,0.05663771934407157
none,0,330,Limbic,-0.026582909681431913,-0.27200449252392195,-1.8042736859857595,0.07819575017752768,0.11552544696581987
none,0,331,Limbic,-0.03445891123844531,-0.35230137540166934,-2.336902950666962,0.024171068411644476,0.0705524913154451
none,0,332,Control,-0.04370645257322993,-0.31061668849398877,-2.0603980187145283,0.04544368611979268,0.08804923020262874
none,0,333,Control,-0.024286220217207933,-0.24384900869303916,-1.617511334669846,0.11308135023224943,0.14638362489611575
none,0,334,Control,-0.059780624976117164,-0.5501536796784448,-3.649306665053547,0.0007070972925617362,0.055107176728208515
none,0,335,Control,-0.028265452666427517,-0.29312581277560007,-1.9443766746892615,0.058410401776868265,0.10027536785728457
none,0,336,Control,-0.03659106517083595,-0.3432293112797136,-2.276725685133818,0.027838218320563074,0.07464504814943568
none,0,337,Control,-0.04140627266601137,-0.3813296482975782,-2.529454729682507,0.015171019870588682,0.06276513110479343
none,0,338,Control,-0.03858146311215049,-0.45200429110101004,-2.9982572744252574,0.004499499409284339,0.055107176728208515
none,0,339,Control,-0.03618366446184213,-0.33755112851827374,-2.2390608817122963,0.030378824525418485,0.07642471578721631
none,0,340,Control,-0.03456741229598517,-0.32590844859943563,-2.1618320800223136,0.03624108601259146,0.08339304931817526
none,0,341,Control,-0.035807426139116603,-0.31270961814193865,-2.0742809434242493,0.04407424751271112,0.08770994529892762
none,0,342,Control,-0.050547448560473524,-0.4855825270379177,-3.2209900938747578,0.0024354665701300164,0.055107176728208515
none,0,343,Control,-0.0598293301393491,-0.4696948772505158,-3.1156033475839937,0.003265040584692368,0.055107176728208515
none,0,344,Control,-0.04119803450699841,-0.31321224271410997,-2.0776149776568587,0.0437507909166667,0.08770994529892762
none,0,345,Control,-0.06755778784033918,-0.44591228941066546,-2.9578475067670906,0.005017635780759182,0.055107176728208515
none,0,346,Control,-0.06073308323421592,-0.4955015437112845,-3.2867854070644316,0.0020233799180437214,0.055107176728208515
none,0,347,Control,-0.054674639642984135,-0.3873682303346034,-2.5695101514476915,0.013734785810870264,0.06276513110479343
none,0,348,Control,-0.038046660838735785,-0.30196153739505627,-2.0029862413165453,0.051508239095785294,0.09161747558684596
none,0,349,Control,-0.03921784596544591,-0.32112138887939223,-2.130078318141498,0.03892762620638978,0.0846252743617169
none,0,350,Control,-0.05713694361008972,-0.48128029647989845,-3.1924523248296572,0.0026378968993784843,0.055107176728208515
none,0,351,Control,-0.05256332070785857,-0.4045513172292568,-2.683489855386969,0.010301313729127749,0.05663771934407157
none,0,352,Control,-0.054672685098279404,-0.3833743382712159,-2.5430176685928236,0.014670046755789116,0.06276513110479343
none,0,353,Control,-0.06540157700817412,-0.41087703948593135,-2.7254499498937483,0.00925048550305177,0.05663771934407157
none,0,354,Control,-0.03887254495111804,-0.27642163695094996,-1.833573707404282,0.07364491876552942,0.11207588827263404
none,0,355,Control,-0.04045373437489676,-0.3061407624720792,-2.030708084306403,0.04849743691941233,0.08896540929726295
none,0,356,Control,-0.035072877321180425,-0.30842413762992094,-2.045854281614763,0.04691797436499193,0.08837266771953296
none,0,357,Control,-0.04115309953387269,-0.31660538874618493,-2.1001225621514106,0.04162098442555433,0.08626110761772918
none,0,358,Control,-0.03349401529407289,-0.29973720362227735,-1.9882316802508986,0.05317576567966227,0.09367228847862337
none,0,359,Control,-0.04336438549469819,-0.3844348231108803,-2.550052129210877,0.014416201878973226,0.06276513110479343
none,0,360,Control,-0.06178898802903083,-0.3972394340387801,-2.6349883092795325,0.011652388040020284,0.05975583610266812
none,0,361,Control,-0.06297694637450552,-0.37635957588751523,-2.496486998952355,0.01645439321020698,0.06276513110479343
none,0,362,DefaultMode,-0.06497788575807553,-0.5063160436009475,-3.3585206839231354,0.001649829758328628,0.055107176728208515
none,0,363,DefaultMode,-0.04973529595877834,-0.3532563442989091,-2.3432374977041692,0.023811431179015224,0.07003362111475066
none,0,364,DefaultMode,-0.054666890698316435,-0.36321019598613674,-2.4092638802349278,0.020339269342550956,0.06508566189616306
none,0,365,DefaultMode,-0.04926029807329417,-0.3755170029315815,-2.490898002245689,0.016681501485931807,0.06276513110479343
none,0,366,DefaultMode,-0.05659830667305401,-0.4278315222943253,-2.8379132658736967,0.006902810713813322,0.05634947521480263
none,0,367,DefaultMode,-0.04422178808958933,-0.40791285629182406,-2.705787782964286,0.009729926330388819,0.05663771934407157
none,0,368,DefaultMode,-0.044502857606700995,-0.33218525485617184,-2.203467702493012,0.03296705495313918,0.07992013321973135
none,0,369,DefaultMode,-0.04792454062464779,-0.2994516223582033,-1.9863373484507205,0.05339320443281532,0.09367228847862337
none,0,370,DefaultMode,-0.047949741486860174,-0.30451099996441877,-2.0198974628358073,0.04965286373547141,0.08946461934319172
none,0,371,DefaultMode,-0.05446367154961706,-0.48005753305620996,-3.184341429862165,0.0026982740503637523,0.055107176728208515
none,0,372,DefaultMode,-0.026367863243690406,-0.2632977324778799,-1.746519573561001,0.08786135475001047,0.12403450856331502
none,0,373,DefaultMode,-0.03104613773727626,-0.3349897199073335,-2.222070419117748,0.03159090291960241,0.0770509827307376
none,0,374,DefaultMode,-0.04377546151952923,-0.4063094646509906,-2.695152086035013,0.009998720173261985,0.05663771934407157
none,0,375,DefaultMode,-0.05922557203202428,-0.3550410780050933,-2.355076081812395,0.023152164105043522,0.069630568736973
none,0,376,DefaultMode,-0.050947227540116706,-0.3153414025009124,-2.091738225919932,0.0424035067726053,0.08742991087135113
none,0,377,DefaultMode,-0.05047155141842011,-0.3282030201696747,-2.1770525459285133,0.035012343845328066,0.08176013071605309
none,0,378,DefaultMode,-0.05761240682439146,-0.3230040128000305,-2.1425662324737087,0.03785085965726295,0.08458292660840883
none,0,379,DefaultMode,-0.014233563413579469,-0.14631279990946766,-0.9705293186520996,0.337210532683605,0.3531000342236702
none,0,380,DefaultMode,-0.03757784037299243,-0.25370176571597364,-1.6828671310610712,0.09964921679225736,0.13375733797618436
none,0,381,DefaultMode,-0.020130063328270723,-0.19831368598061583,-1.3154641743801332,0.19532523394619805,0.21885180274083815
none,0,382,DefaultMode,-0.05058813628158516,-0.3096040467694306,-2.0536809134196923,0.046119497593495526,0.08804923020262874
none,0,383,DefaultMode,-0.04146906826298484,-0.34933656358060183,-2.317236613897979,0.025318858586931968,0.07175827177538203
none,0,384,DefaultMode,-0.02800421801141647,-0.26453490027973414,-1.7547260163639207,0.08642988766906468,0.12273842713487167
none,0,385,DefaultMode,-0.043991133348203586,-0.3174968811452227,-2.106036053733535,0.041076707032242275,0.08557647298383808
none,0,386,DefaultMode,-0.04014202190224298,-0.31839599315933553,-2.112000088124161,0.04053410922908285,0.08557647298383808
none,0,387,DefaultMode,-0.058084255741512276,-0.35686555281866106,-2.367178278604511,0.022495218437978994,0.06816732859993634
none,0,388,DefaultMode,-0.06936395998600019,-0.4465481360046371,-2.9620652359199484,0.0049610535152663825,0.055107176728208515
none,0,389,DefaultMode,-0.019100978794886227,-0.17343807712804962,-1.1504580523889225,0.2563131310088437,0.27709527676631746
none,0,390,DefaultMode,-0.04004114061295339,-0.27351047289294755,-1.814263229637157,0.0766182514754776,0.11393048546539421
none,0,391,DefaultMode,-0.02791016287577399,-0.18709206260318295,-1.241028345816882,0.2213233362672211,0.24523361359248874
none,0,392,DefaultMode,-0.02589106736559077,-0.24496840559050367,-1.6249365736706014,0.11148449710699294,0.1447850611779129
none,0,393,DefaultMode,-0.033675239654155704,-0.3730311921184159,-2.474408998711533,0.017368225130397097,0.06276513110479343
none,0,394,DefaultMode,-0.03334127988157425,-0.2963503661939542,-1.9657659422995388,0.05580438288079832,0.09663096602735641
none,0,395,DefaultMode,-0.030791920211322463,-0.22383792356871243,-1.4847728126593376,0.1448985302774887,0.1716582602282144
none,0,396,DefaultMode,-0.03517636148630971,-0.2741784459166702,-1.8186940614166913,0.07592720188023837,0.11332418191080353
none,0,397,DefaultMode,-0.044312245342893526,-0.2883545804013528,-1.9127278995433121,0.06245803960618506,0.10453228385972395
none,0,398,DefaultMode,-0.03462496076370711,-0.21652612928024081,-1.4362718562610897,0.15816090662799026,0.18231804798615592
none,0,399,DefaultMode,-0.05187040387139546,-0.4129761905508347,-2.739374142814868,0.008924258889252029,0.05663771934407157
none,0,400,DefaultMode,-0.061310772925496866,-0.3902705227882018,-2.5887617816486226,0.013089692994472137,0.06276513110479343
none,2,1,Visual,0.014180772201381746,0.11556643833379183,0.7665810286218652,0.4475189736106532,0.999708018464919
none,2,2,Visual,-0.0007415476312464682,-0.006851726919713369,-0.0454492147173336,0.9639596718934497,0.999708018464919
none,2,3,Visual,-0.013563674882830916,-0.09685019306466552,-0.6424315025379526,0.5240037532558064,0.999708018464919
none,2,4,Visual,0.017544884542105774,0.1266235270604244,0.8399254577816827,0.40559611560167896,0.999708018464919
none,2,5,Visual,-0.007360658110158044,-0.05035854303648764,-0.3340407844819884,0.7399724953950901,0.999708018464919
none,2,6,Visual,-0.020788730573214044,-0.1902215495186664,-1.2617870135868523,0.21382714609309814,0.999708018464919
none,2,7,Visual,1.380449080580114e-05,0.00016167470252946792,0.0010724286527651363,0.9991492858733051,0.999708018464919
none,2,8,Visual,0.0006275889920098729,0.005055219571815413,0.03353253310514562,0.9734050971441879,0.999708018464919
none,2,9,Visual,0.006268184468934005,0.053288229174857885,0.35347412383094706,0.7254602098916764,0.999708018464919
none,2,10,Visual,-0.007185188785229711,-0.08054484155781458,-0.5342740364917913,0.5959036529315995,0.999708018464919
none,2,11,Visual,-0.00833656748149336,-0.059866226310345085,-0.39710762057183435,0.693252366224486,0.999708018464919
none,2,12,Visual,-0.017026101552163296,-0.17167571895316494,-1.1387678907643064,0.26110466200637705,0.999708018464919
none,2,13,Visual,0.015647506702026328,0.15043291544952314,0.9978590733306524,0.3239301396438645,0.999708018464919
none,2,14,Visual,-0.0022207661697575365,-0.017822363936713027,-0.11822018811047696,0.9064437273996,0.999708018464919
none,2,15,Visual,-0.001476044372290746,-0.013076620774484153,-0.08674048926946114,0.9312804606449371,0.999708018464919
none,2,16,Visual,0.002773422200327318,0.024449081737583363,0.16217686118458893,0.8719262776768356,0.999708018464919
none,2,17,Visual,0.018578662668823638,0.13572845795727648,0.9003207368356277,0.3729643935040211,0.999708018464919
none,2,18,Visual,0.011190344411375674,0.07319615696339347,0.4855283774870717,0.6297664231451088,0.999708018464919
none,2,19,Visual,-0.0009861134535456865,-0.00930711611814498,-0.061736424088311925,0.9510588038663599,0.999708018464919
none,2,20,Visual,0.0028011984997097505,0.02574137508070458,0.17074896546100307,0.8652220868400545,0.999708018464919
none,2,21,Visual,-0.0032496292681056097,-0.027588547396861632,-0.18300172045265242,0.8556568109812241,0.999708018464919
none,2,22,Visual,0.010169679462027764,0.07859567796037505,0.5213447478763387,0.6048015451088611,0.999708018464919
none,2,23,Visual,-0.0029308399076019313,-0.02104705517412643,-0.13961036990897124,0.8896197194852636,0.999708018464919
none,2,24,Visual,-0.007010117118815349,-0.054209764001711166,-0.35958689433478197,0.7209160865807397,0.999708018464919
none,2,25,Visual,-0.014856066987333667,-0.14432015091963946,-0.9573115805758179,0.3437616956214887,0.999708018464919
none,2,26,Visual,-0.002941985489151079,-0.02702199670588085,-0.17924364831925277,0.8585883365509626,0.999708018464919
none,2,27,Visual,0.01610095228451737,0.09884425514833166,0.6556586140183424,0.5155367170462329,0.999708018464919
none,2,28,Visual,-0.002793253774434212,-0.02152369420907958,-0.14277203558772458,0.8871371430980706,0.999708018464919
none,2,29,Visual,-0.007976087525200543,-0.08080341702620326,-0.5359892321090626,0.5947279159056276,0.999708018464919
none,2,30,Visual,0.001395553435402526,0.012090976385338889,0.08020246403843335,0.9364483486953591,0.999708018464919
none,2,31,Visual,-0.00754488596110097,-0.07093331891092912,-0.470518407924346,0.6403626916506793,0.999708018464919
none,2,32,Somatomotor,0.005027870394668247,0.03532515305757069,0.2343205567076756,0.8158482736786498,0.999708018464919
none,2,33,Somatomotor,-0.018672655256004866,-0.12266301766816397,-0.8136544105160699,0.42032581733104424,0.999708018464919
none,2,34,Somatomotor,-0.01397659228597589,-0.11592638163080979,-0.7689686223458889,0.4461152390508183,0.999708018464919
none,2,35,Somatomotor,0.011036492425317535,0.08178154091164602,0.5424773719620591,0.590290362266952,0.999708018464919
none,2,36,Somatomotor,-0.016308265271699988,-0.12222518848092855,-0.8107501802434182,0.42197391106983106,0.999708018464919
none,2,37,Somatomotor,-0.007919224749415088,-0.0658732288563117,-0.4369535676911962,0.6643315701283076,0.999708018464919
none,2,38,Somatomotor,-0.01573565315107863,-0.11852134955449521,-0.7861816922376335,0.4360722752482653,0.999708018464919
none,2,39,Somatomotor,0.0003601304636897269,0.0028054410476597864,0.018609190653098146,0.9852389531760088,0.999708018464919
none,2,40,Somatomotor,-0.01573567070866729,-0.12467433878293473,-0.8269960054572979,0.41280515403201623,0.999708018464919
none,2,41,Somatomotor,-0.01576014571927469,-0.1298519360632913,-0.8613403004463125,0.3938284764754505,0.999708018464919
none,2,42,Somatomotor,0.011265273448323341,0.0885791869001288,0.5875678543649828,0.5598954449588744,0.999708018464919
none,2,43,Somatomotor,0.01556578967445247,0.1235305452006736,0.8194089371573444,0.4170718189743522,0.999708018464919
none,2,44,Somatomotor,0.007657610811499026,0.06816230191015471,0.45213756056581667,0.6534425756491824,0.999708018464919
none,2,45,Somatomotor,-0.006299418169661001,-0.04360546972067408,-0.28924596374135875,0.773783189585203,0.999708018464919
none,2,46,Somatomotor,-0.004580627508441303,-0.03831191124173563,-0.2541324691804722,0.8006045591865381,0.999708018464919
none,2,47,Somatomotor,-0.005978340105810624,-0.05217745980259374,-0.34610611335810954,0.7309507715111762,0.999708018464919
none,2,48,Somatomotor,-0.0025958901216385196,-0.020089879644423634,-0.1332611857279035,0.8946085330198786,0.999708018464919
none,2,49,Somatomotor,-0.01910576764997243,-0.17137547731646655,-1.1367763130535649,0.2619273165008516,0.999708018464919
none,2,50,Somatomotor,-0.014015392379711538,-0.12307202251493525,-0.8163674417444244,0.41878976659060785,0.999708018464919
none,2,51,Somatomotor,-0.0037388596218298083,-0.02978257200323931,-0.1975552332529764,0.8443239927582269,0.999708018464919
none,2,52,Somatomotor,-0.019790780332073262,-0.22304324850421917,-1.4795015346209868,0.14629581021944826,0.999708018464919
none,2,53,Somatomotor,-0.017572561761883574,-0.13744444487422716,-0.9117033063329957,0.367008017720879,0.999708018464919
none,2,54,Somatomotor,-0.04848038241298176,-0.4031499340814317,-2.674194131209243,0.010548521656464175,0.999708018464919
none,2,55,Somatomotor,-0.03435252537360979,-0.26943988632080673,-1.7872620129642567,0.08094511372569095,0.999708018464919
none,2,56,Somatomotor,-0.024455164582505285,-0.2066744931671813,-1.370923495144822,0.17751223952730388,0.999708018464919
none,2,57,Somatomotor,-0.01587824990489646,-0.11628296225159071,-0.7713339105991739,0.4447271811855017,0.999708018464919
none,2,58,Somatomotor,0.005621889552649412,0.04508479151727764,0.2990586744284157,0.7663359336921343,0.999708018464919
none,2,59,Somatomotor,-0.0031131935478371027,-0.024771603655308453,-0.1643162295601089,0.8702521783742645,0.999708018464919
none,2,60,Somatomotor,-0.007229002711978819,-0.053112618598834344,-0.35230925505117056,0.7263272945791173,0.999708018464919
none,2,61,Somatomotor,-0.012302789530634184,-0.08229583884348858,-0.5458888385028141,0.5879634424517524,0.999708018464919
none,2,62,Somatomotor,-0.026255652495645713,-0.19063713708308652,-1.264543709624291,0.21284610114570107,0.999708018464919
none,2,63,Somatomotor,-0.025435622199084625,-0.19787324571045695,-1.3125426241427738,0.19629996384019247,0.999708018464919
none,2,64,Somatomotor,-0.03442576414968136,-0.2699412539344884,-1.790587709477493,0.08040132679538534,0.999708018464919
none,2,65,Somatomotor,-0.018557820252116004,-0.14487508439380886,-0.9609925928106743,0.34192886117926014,0.999708018464919
none,2,66,Somatomotor,-0.007496852185641894,-0.06346981755419877,-0.42101114067917994,0.6758438996848071,0.999708018464919
none,2,67,Somatomotor,-0.022308129193300632,-0.18198660335032957,-1.207162560368556,0.23396822403413187,0.999708018464919
none,2,68,Somatomotor,-0.030692364021487974,-0.2846231947740194,-1.887976687395332,0.06578869683627447,0.999708018464919
none,2,69,DorsalAttention,0.006232056509653409,0.05927968632534951,0.3932169544622923,0.6961021052555364,0.999708018464919
none,2,70,DorsalAttention,0.007164877676675848,0.05812262390639945,0.3855418706569356,0.7017367698498018,0.999708018464919
none,2,71,DorsalAttention,0.006551081410584767,0.04464683474216712,0.2961535978335445,0.7685384195776607,0.999708018464919
none,2,72,DorsalAttention,0.004523551044211543,0.03545515020925101,0.2351828602595527,0.8151832480233319,0.999708018464919
none,2,73,DorsalAttention,0.013825333669994111,0.10253625578778129,0.6801485757119556,0.5000561395443062,0.999708018464919
none,2,74,DorsalAttention,0.00508190382462598,0.04985482050081531,0.33069946718344534,0.7424775559850293,0.999708018464919
none,2,75,DorsalAttention,-0.0014656052129561918,-0.009735320787778542,-0.06457681253361715,0.9488102325838744,0.999708018464919
none,2,76,DorsalAttention,-0.00039991040380080926,-0.0032873400015391912,-0.02180574668686368,0.9827037853082667,0.999708018464919
none,2,77,DorsalAttention,0.014511756665503634,0.11555701864173011,0.7665185454534466,0.44755574412044385,0.999708018464919
none,2,78,DorsalAttention,0.003092128555230437,0.026167226360951354,0.17357374328714512,0.8630150177835603,0.999708018464919
none,2,79,DorsalAttention,0.00751130107584366,0.05778398297976369,0.38329558087231747,0.703389117848056,0.999708018464919
none,2,80,DorsalAttention,-0.004605138704438062,-0.04794652432421043,-0.31804126237010905,0.7519931222999442,0.999708018464919
none,2,81,DorsalAttention,0.0023257765037556525,0.021928943168286707,0.14546015307646873,0.8850273025336788,0.999708018464919
none,2,82,DorsalAttention,-0.008897714481654858,-0.08062948092591002,-0.534835470544722,0.59551867881717,0.999708018464919
none,2,83,DorsalAttention,-0.00963175755779721,-0.08311975560442372,-0.5513540840118278,0.5842448424169602,0.999708018464919
none,2,84,DorsalAttention,-0.013701293537134994,-0.12592374842204704,-0.8352836514220758,0.4081752317541901,0.999708018464919
none,2,85,DorsalAttention,-0.00937362038794196,-0.08122001197213445,-0.538752610359487,0.592835978693289,0.999708018464919
none,2,86,DorsalAttention,-0.015881357440896447,-0.14394900924450638,-0.9548497052148569,0.34499112002925625,0.999708018464919
none,2,87,DorsalAttention,-0.018517730295781756,-0.13983894882650577,-0.9275866486704586,0.35879962113807906,0.999708018464919
none,2,88,DorsalAttention,-0.018515906233210547,-0.14011903920477767,-0.9294445580546914,0.35784733024617676,0.999708018464919
none,2,89,DorsalAttention,-0.029080028939061774,-0.22481996204250135,-1.49128691895384,0.14318645265980065,0.999708018464919
none,2,90,DorsalAttention,-0.00986537618306519,-0.07714097291233456,-0.5116953262263663,0.6114821822481434,0.999708018464919
none,2,91,DorsalAttention,0.007841223878089833,0.054155350316275996,0.35922595477868424,0.7211841212377752,0.999708018464919
none,2,92,VentralAttention,0.002451093218452123,0.017962484565423643,0.11914964321212058,0.9057117219072507,0.999708018464919
none,2,93,VentralAttention,-0.007386003739021833,-0.07601442006400853,-0.5042226200175591,0.6166789340831199,0.999708018464919
none,2,94,VentralAttention,-0.0007005464232305177,-0.006109190624115425,-0.040523786145895996,0.9678631192097755,0.999708018464919
none,2,95,VentralAttention,0.00022461632691921465,0.002252485756105921,0.014941300197246649,0.9881481218378387,0.999708018464919
none,2,96,VentralAttention,0.009863864733536091,0.08451004346090657,0.56057621035291,0.5779958431301482,0.999708018464919
none,2,97,VentralAttention,-0.002214112811518108,-0.029117459506029262,-0.19314337605973228,0.8477560999077041,0.999708018464919
none,2,98,VentralAttention,-0.01536392205912364,-0.1046605081672809,-0.6942392719175952,0.49126614600763097,0.999708018464919
none,2,99,VentralAttention,0.00046447328612992593,0.003502674155029261,0.023234111870214402,0.9815710150105521,0.999708018464919
none,2,100,VentralAttention,-0.023734626412865837,-0.2019351025869772,-1.339485934565859,0.1874496038452257,0.999708018464919
none,2,101,VentralAttention,0.013382335515445121,0.10414939571614237,0.6908489354653845,0.493373213023825,0.999708018464919
none,2,102,VentralAttention,0.00314831432391893,0.029085633657399752,0.1929322672626548,0.8479204028610867,0.999708018464919
none,2,103,VentralAttention,-0.0017033387983661572,-0.014092387570828094,-0.09347832394540954,0.9259577748096964,0.999708018464919
none,2,104,VentralAttention,-0.011959770168745353,-0.10470667220068627,-0.6945454894728255,0.49107608087752697,0.999708018464919
none,2,105,VentralAttention,0.0016307236170021546,0.014515867861484464,0.09628737440584519,0.9237397084267913,0.999708018464919
none,2,106,VentralAttention,-0.02034925427803698,-0.1547093259232986,-1.026225571312771,0.3105238299115989,0.999708018464919
none,2,107,VentralAttention,-0.0377793445427615,-0.3275784660421519,-2.172909722523993,0.03534309284934859,0.999708018464919
none,2,108,VentralAttention,-0.03511820339114135,-0.32069818173617304,-2.1272710795361855,0.039173355386419834,0.999708018464919
none,2,109,VentralAttention,-0.0025950896860627874,-0.016700330900716976,-0.11077746294491249,0.9123082644648979,0.999708018464919
none,2,110,VentralAttention,-0.019516777806421512,-0.14777273160964707,-0.9802134099901808,0.3324638353421915,0.999708018464919
none,2,111,VentralAttention,-0.009926479568119033,-0.08446175050902824,-0.5602558711501118,0.5782123613338174,0.999708018464919
none,2,112,VentralAttention,-0.01850906164989193,-0.14776026866647146,-0.9801307401775868,0.3325041663438315,0.999708018464919
none,2,113,VentralAttention,-0.030192303654388054,-0.24103139484414085,-1.5988213987880369,0.1171834343147987,0.999708018464919
none,2,114,Limbic,0.011660728492923638,0.12884454417341715,0.8546580186151935,0.39747728519695535,0.999708018464919
none,2,115,Limbic,-0.0004989493047456893,-0.004719072985059662,-0.03130278889949066,0.9751729119539915,0.999708018464919
none,2,116,Limbic,-0.01699794149334608,-0.19161132819890228,-1.271005762434808,0.21055959782103958,0.999708018464919
none,2,117,Limbic,0.013692918840317026,0.12563151493826272,0.8333451937882939,0.40925527962102737,0.999708018464919
none,2,118,Limbic,-0.002596089279419418,-0.024560761680262465,-0.16291766211753886,0.871346518239195,0.999708018464919
none,2,119,Limbic,-0.03784312570220122,-0.44973860319020337,-2.983228401040877,0.004686048581468254,0.687563939773357
none,2,120,Limbic,-0.03350636653723402,-0.4676697938450742,-3.1021704639339442,0.0033881787548150776,0.687563939773357
none,2,121,Limbic,-0.015829461622345466,-0.15074905275081243,-0.9999560909518767,0.32292589684077466,0.999708018464919
none,2,122,Limbic,-0.026131875391014903,-0.3489622172450291,-2.3147534812245003,0.025467201221988534,0.999708018464919
none,2,123,Limbic,-0.021437825783059253,-0.2707715947106247,-1.796095567082646,0.07950749036371754,0.999708018464919
none,2,124,Limbic,-0.011868447502695702,-0.12091723300697964,-0.8020741851442578,0.4269206723563237,0.999708018464919
none,2,125,Limbic,0.0007480344804007883,0.009100654183471795,0.06036691054670827,0.9521431138495052,0.999708018464919
none,2,126,Limbic,-0.007525847746948041,-0.11248779093508933,-0.7461595920552655,0.45963105178794983,0.999708018464919
none,2,127,Control,0.016524649976523895,0.1466660493138242,0.9728725101154339,0.3360578914218266,0.999708018464919
none,2,128,Control,-0.014080534103879378,-0.14013813285401455,-0.9295712109954863,0.3577824729579554,0.999708018464919
none,2,129,Control,0.002351288671967494,0.01991859978497788,0.13212504367205075,0.8955017077059368,0.999708018464919
none,2,130,Control,0.002479140310118104,0.01993037331065875,0.13220314040633685,0.8954403077884595,0.999708018464919
none,2,131,Control,0.0022529627552019486,0.019484054520254795,0.1292425964770265,0.8977683476717706,0.999708018464919
none,2,132,Control,0.005950143517906383,0.04861665604396132,0.32248641331916766,0.7486470284181201,0.999708018464919
none,2,133,Control,-0.017097150660220585,-0.14519891373665295,-0.9631406336633168,0.34086231300114744,0.999708018464919
none,2,134,Control,-0.024267811901362582,-0.1868919756009917,-1.2397011187934912,0.22180916441616222,0.999708018464919
none,2,135,Control,-0.005754706839302129,-0.044405091832208456,-0.2945500567774213,0.7697549756639925,0.999708018464919
none,2,136,Control,-0.010911739191553787,-0.08970124577011505,-0.595010750893852,0.5549547785783351,0.999708018464919
none,2,137,Control,-0.008423330401470842,-0.0640557901032249,-0.4248980428443157,0.6730297177178977,0.999708018464919
none,2,138,Control,-0.0071172871118203,-0.05816301561546746,-0.38580979894417516,0.7015397817398165,0.999708018464919
none,2,139,Control,-0.013309293150712526,-0.12241793629141144,-0.8120287245764862,0.4212478795028244,0.999708018464919
none,2,140,Control,-0.012771223841353579,-0.08790577119306753,-0.5831009199084748,0.5628712054306562,0.999708018464919
none,2,141,Control,-0.0012291668948553173,-0.009099764481743764,-0.06036100893309386,0.9521477866418728,0.999708018464919
none,2,142,Control,0.0010545425958256407,0.008754521364268276,0.05807092516885628,0.9539611610512388,0.999708018464919
none,2,143,Control,-0.012211022046081982,-0.11130796826164387,-0.7383335338013199,0.46432264580324556,0.999708018464919
none,2,144,Control,-0.0076555963712938106,-0.07720732983846845,-0.5121354882788213,0.6111767068634193,0.999708018464919
none,2,145,Control,-0.0039604572321075785,-0.03238084943637745,-0.21479025594691029,0.8309462875748691,0.999708018464919
none,2,146,Control,-0.026881490593464206,-0.23496955079260276,-1.558611674274838,0.12641875827447968,0.999708018464919
none,2,147,Control,0.004497545469601466,0.04100835134321323,0.2720186293530103,0.7869095813358635,0.999708018464919
none,2,148,Control,-0.02012537055465019,-0.15098400980998136,-1.0015146197660945,0.32218089417586654,0.999708018464919
none,2,149,DefaultMode,-0.0006631831515298634,-0.006391754389964126,-0.04239810212723595,0.9663776073862949,0.999708018464919
none,2,150,DefaultMode,-0.01915685150360857,-0.18300398399877432,-1.2139111001282754,0.23140702562057516,0.999708018464919
none,2,151,DefaultMode,-0.0011578438613071714,-0.009698597338273406,-0.06433321672758494,0.9490030570175472,0.999708018464919
none,2,152,DefaultMode,-0.023246227245336835,-0.17999893848198018,-1.1939778832139842,0.23903193576178097,0.999708018464919
none,2,153,DefaultMode,0.001334812001712795,0.00824533905785607,0.054693391848342154,0.9566360664395155,0.999708018464919
none,2,154,DefaultMode,-0.002753741390239935,-0.026055063833409157,-0.17282974124835437,0.8635962184484683,0.999708018464919
none,2,155,DefaultMode,0.000792514318491649,0.007045831705219191,0.046736760204404065,0.9629394237550528,0.999708018464919
none,2,156,DefaultMode,-0.0037006806098678095,-0.027419046285368502,-0.1818773772759106,0.8565336530844628,0.999708018464919
none,2,157,DefaultMode,0.012199629313941463,0.09178827661586521,0.6088545473763548,0.545824195343925,0.999708018464919
none,2,158,DefaultMode,0.0038851457477781337,0.03045898302475335,0.20204203637782253,0.8408367185809621,0.999708018464919
none,2,159,DefaultMode,-0.011737196716925424,-0.12169008943185763,-0.8072007347005292,0.4239934686286533,0.999708018464919
none,2,160,DefaultMode,-0.0026807486334010696,-0.02558513562898779,-0.1697125901834122,0.8660321065193142,0.999708018464919
none,2,161,DefaultMode,-0.006777163068349026,-0.05080261626034926,-0.33698643300797315,0.7377664411355165,0.999708018464919
none,2,162,DefaultMode,-0.011503104969505339,-0.08315480511790498,-0.5515865761824312,0.584086904286161,0.999708018464919
none,2,163,DefaultMode,-0.0035399533334133596,-0.031048736243520083,-0.2059540166689298,0.8377988470677398,0.999708018464919
none,2,164,DefaultMode,-0.02135905932933886,-0.1494640372022773,-0.9914322621033494,0.3270209861891711,0.999708018464919
none,2,165,DefaultMode,-0.012614053909383659,-0.08278323961122651,-0.5491218894410498,0.5857622778016451,0.999708018464919
none,2,166,DefaultMode,-0.022936470516836973,-0.1461375759709952,-0.9693670145356966,0.33778325766857675,0.999708018464919
none,2,167,DefaultMode,-0.003430490241620429,-0.02226335347500793,-0.14767838010331266,0.8832869026142911,0.999708018464919
none,2,168,DefaultMode,0.005845295159947402,0.062305641862914735,0.4132888727630964,0.6814488513031236,0.999708018464919
none,2,169,DefaultMode,0.005541393764860302,0.05625396559278482,0.3731465936816597,0.7108725977800927,0.999708018464919
none,2,170,DefaultMode,-0.014355272613379199,-0.13090224016259036,-0.868307229672607,0.39004666810803834,0.999708018464919
none,2,171,DefaultMode,-0.013596127851362825,-0.10296100623344588,-0.6829660514275668,0.4982916713405017,0.999708018464919
none,2,172,DefaultMode,-0.026077507209652795,-0.17444314523330362,-1.1571249199766842,0.25360900293540356,0.999708018464919
none,2,173,DefaultMode,0.005201166791920428,0.04012723690931521,0.266173977403798,0.7913774150471348,0.999708018464919
none,2,174,DefaultMode,-0.01872823793334245,-0.18046439203733514,-1.1970653528148827,0.23783904193179323,0.999708018464919
none,2,175,DefaultMode,-0.013118813264839001,-0.11850736577244117,-0.7860889343211869,0.43612603087834434,0.999708018464919
none,2,176,DefaultMode,-0.011233402962563898,-0.10579407719125038,-0.7017585181705476,0.48661089820573566,0.999708018464919
none,2,177,DefaultMode,-0.03157549655087312,-0.2965544645209302,-1.9671197774413756,0.05564286124674938,0.999708018464919
none,2,178,DefaultMode,-0.01539364280486787,-0.11741429035863979,-0.7788382922909036,0.4403401884983623,0.999708018464919
none,2,179,DefaultMode,-0.03846979144937001,-0.33985861743600454,-2.2543670316083295,0.029322493050417647,0.999708018464919
none,2,180,DefaultMode,-0.025418966149948242,-0.23362352403634953,-1.549683142858295,0.12854709172735154,0.999708018464919
none,2,181,DefaultMode,-0.005755072412635862,-0.046142719863255355,-0.3060761771857944,0.761023699419674,0.999708018464919
none,2,182,DefaultMode,-0.005747215097645682,-0.05083196573693544,-0.33718111541123275,0.7376207181504335,0.999708018464919
none,2,183,DefaultMode,-0.0185120376169854,-0.13743263641840187,-0.911624977898344,0.3670487953323146,0.999708018464919
none,2,184,DefaultMode,0.004222636231413287,0.03399010260277816,0.22546483383819527,0.8226858457205989,0.999708018464919
none,2,185,DefaultMode,-0.00712312957865488,-0.06069916738616812,-0.4026327266137943,0.6892131891709201,0.999708018464919
none,2,186,DefaultMode,0.004134188120077426,0.03257094987763015,0.21605123961914274,0.8299694575227428,0.999708018464919
none,2,187,DefaultMode,0.0067935200834863515,0.05852364588098848,0.3882019495017342,0.6997819297444575,0.999708018464919
none,2,188,DefaultMode,-0.0153024311835601,-0.11585068958104894,-0.7684665380885498,0.44641021302752415,0.999708018464919
none,2,189,DefaultMode,-0.017404499315586592,-0.14300932871102626,-0.9486165697101477,0.34811681842146747,0.999708018464919
none,2,190,DefaultMode,0.007724046022780883,0.08179159304720413,0.542544050286035,0.5902448397583671,0.999708018464919
none,2,191,DefaultMode,0.0003801692251113143,0.003917890205185778,0.02598834356081951,0.9793868720308074,0.999708018464919
none,2,192,DefaultMode,-0.003286872804199789,-0.027843776426904235,-0.18469471830916775,0.8543368401735779,0.999708018464919
none,2,193,DefaultMode,0.017732658012975903,0.16383642880775065,1.0867679226941667,0.2831940274224953,0.999708018464919
none,2,194,DefaultMode,0.003373929493911079,0.031212734327588185,0.20704185689131194,0.8369545207834246,0.999708018464919
none,2,195,DefaultMode,0.0003059457720365729,0.0024499325023522073,0.01625101374399754,0.9871093083933006,0.999708018464919
none,2,196,DefaultMode,0.011911959865531575,0.1031644155550345,0.6843153162247072,0.49744789819252233,0.999708018464919
none,2,197,DefaultMode,0.005531827466880887,0.046945615662664635,0.31140198541058056,0.7569998286939201,0.999708018464919
none,2,198,DefaultMode,-0.01763627657156349,-0.14032054883754186,-0.9307812217417337,0.357163228668154,0.999708018464919
none,2,199,DefaultMode,-0.008542080349387237,-0.06831881611217919,-0.45317575833077073,0.6527007945644612,0.999708018464919
none,2,200,DefaultMode,0.003539892037413753,0.033471961526438866,0.22202787476081862,0.8253433392447991,0.999708018464919
none,2,201,Visual,0.005838343802170096,0.0492902527348823,0.3269545482867873,0.7452885641453593,0.999708018464919
none,2,202,Visual,0.010447262433946891,0.07462035755912244,0.494975455491539,0.623137303086827,0.999708018464919
none,2,203,Visual,-0.01298509905696672,-0.09231062210862467,-0.6123193953971877,0.5435510999340141,0.999708018464919
none,2,204,Visual,-0.022290575499940946,-0.17180031738764678,-1.1395943832775903,0.2607638090197967,0.999708018464919
none,2,205,Visual,0.016947990187535192,0.0989955602553206,0.6566622585558359,0.514897269711895,0.999708018464919
none,2,206,Visual,0.0024410738160719632,0.01727474159414254,0.11458767243623341,0.9093053496734609,0.999708018464919
none,2,207,Visual,0.01875835484998893,0.13863645865472932,0.9196102312427132,0.3629067362380003,0.999708018464919
none,2,208,Visual,-0.018361767868779775,-0.15177280324137768,-1.006746883464171,0.3196882825708011,0.999708018464919
none,2,209,Visual,-0.02237383964860144,-0.1663495173599918,-1.1034378662796096,0.275974166372093,0.999708018464919
none,2,210,Visual,-0.010283052453019574,-0.09751806380526973,-0.6468616558480345,0.5211596922189909,0.999708018464919
none,2,211,Visual,-0.0049009048678553295,-0.03765939118598545,-0.24980414079426197,0.803928388737019,0.999708018464919
none,2,212,Visual,-0.01593742537746024,-0.18864166505685723,-1.2513072456429857,0.21758747903422396,0.999708018464919
none,2,213,Visual,-0.00886952457499665,-0.059971115244574345,-0.3978033750508318,0.6927432288713891,0.999708018464919
none,2,214,Visual,0.002380240044957122,0.017711404874540624,0.11748416895784582,0.9070234480867408,0.999708018464919
none,2,215,Visual,-0.003475809534929723,-0.025508184584777625,-0.16920215470166985,0.8664311109623447,0.999708018464919
none,2,216,Visual,-0.009216358916280044,-0.065325664197198,-0.43332143464571815,0.6669473270759715,0.999708018464919
none,2,217,Visual,-0.0013462527380036907,-0.010678857149979933,-0.0708355247125749,0.9438570874460792,0.999708018464919
none,2,218,Visual,0.008995208707356211,0.07799010940375875,0.517327860502072,0.6075784632942827,0.999708018464919
none,2,219,Visual,-0.005885005591289922,-0.04437415861526079,-0.2943448690290731,0.76991068756234,0.999708018464919
none,2,220,Visual,0.0006863974389050009,0.0053585163671205005,0.03554437644543401,0.9718101571460245,0.999708018464919
none,2,221,Visual,-0.011500837520266005,-0.09993972232410357,-0.6629251212027137,0.5109166967631728,0.999708018464919
none,2,222,Visual,0.008984827632872493,0.06585557355937571,0.43683645570019813,0.6644158450107989,0.999708018464919
none,2,223,Visual,0.008156846252508832,0.05773628531523732,0.382979190359097,0.703621968281914,0.999708018464919
none,2,224,Visual,0.003450248783048557,0.03002793673464842,0.19918279875471706,0.8430586323839433,0.999708018464919
none,2,225,Visual,-0.007561194077436656,-0.07227915735066297,-0.479445690190415,0.6340511555287067,0.999708018464919
none,2,226,Visual,0.004830677882923989,0.03543115274424421,0.23502367908485816,0.8153060013545235,0.999708018464919
none,2,227,Visual,-0.004538149935824674,-0.03182394252751448,-0.21109615342719995,0.8338095018132018,0.999708018464919
none,2,228,Visual,-0.00719119131879106,-0.06265137797994544,-0.4155822267164269,0.6797823775956537,0.999708018464919
none,2,229,Visual,-0.011285039187256613,-0.13008305278714946,-0.86287335535794,0.39299433295213415,0.999708018464919
none,2,230,Visual,-0.021757938543696252,-0.17035448284319374,-1.1300038018918201,0.26473868122644056,0.999708018464919
none,2,231,Somatomotor,-0.010272194373632025,-0.07209617487495694,-0.4782319217601607,0.634907679756268,0.999708018464919
none,2,232,Somatomotor,-0.0014193353938730996,-0.011167812776299397,-0.0740788894158447,0.941291159604684,0.999708018464919
none,2,233,Somatomotor,-0.026083231936332916,-0.19059482663167504,-1.264263053840206,0.21294582602954648,0.999708018464919
none,2,234,Somatomotor,-0.010964429336697527,-0.0766451141639372,-0.5084061713914677,0.6137670899746138,0.999708018464919
none,2,235,Somatomotor,-0.02012820580317566,-0.1725665672191292,-1.1446771096509907,0.25867465066963535,0.999708018464919
none,2,236,Somatomotor,-0.00695747178747586,-0.04763904902186251,-0.31600170194973065,0.753530025398211,0.999708018464919
none,2,237,Somatomotor,-0.027813975586028595,-0.1936810474147272,-1.2847347265553677,0.20576294955590982,0.999708018464919
none,2,238,Somatomotor,-0.012250224415496863,-0.09385468247279519,-0.622561533160414,0.5368604353916727,0.999708018464919
none,2,239,Somatomotor,-0.016867363368533016,-0.10636760528354401,-0.70556287314828,0.4842650144900612,0.999708018464919
none,2,240,Somatomotor,-0.026434562129200236,-0.1951190558375114,-1.2942733953228596,0.20247901106389182,0.999708018464919
none,2,241,Somatomotor,-0.026805152294580983,-0.19561899972852181,-1.2975896479282831,0.20134661188839,0.999708018464919
none,2,242,Somatomotor,-0.013315311706933548,-0.0920146029646212,-0.6103558265343442,0.5448386901013218,0.999708018464919
none,2,243,Somatomotor,-0.039297325084294774,-0.31666481193852947,-2.1005167310171147,0.04158450952801314,0.999708018464919
none,2,244,Somatomotor,-0.03094907014488897,-0.22695165697731962,-1.505426983486427,0.13952537720888414,0.999708018464919
none,2,245,Somatomotor,-0.0008681798549107778,-0.008251415674528494,-0.054733699563336645,0.956604140891563,0.999708018464919
none,2,246,Somatomotor,-0.012651056936352116,-0.09096392766245699,-0.6033864350268002,0.5494214228577077,0.999708018464919
none,2,247,Somatomotor,-0.017455407785623246,-0.1487688900830481,-0.9868211777661897,0.3292507723871243,0.999708018464919
none,2,248,Somatomotor,-0.019887356133346638,-0.14814404714017032,-0.9826764385773358,0.3312637314148017,0.999708018464919
none,2,249,Somatomotor,-0.02062838816190362,-0.15478483892859538,-1.0267264679234938,0.3102905555298294,0.999708018464919
none,2,250,Somatomotor,-0.02429246706844956,-0.2047742077834903,-1.3583184279202232,0.1814468219555204,0.999708018464919
none,2,251,Somatomotor,-0.00850946508882393,-0.10142960581381331,-0.6728078902361387,0.5046693811287095,0.999708018464919
none,2,252,Somatomotor,-0.015563665920028984,-0.12023758917791874,-0.7975659380001068,0.4295048814055792,0.999708018464919
none,2,253,Somatomotor,0.007735070283079164,0.07187683436964198,0.4767769814452473,0.6359350595729745,0.999708018464919
none,2,254,Somatomotor,-0.020813642195206466,-0.18343312171475332,-1.2167576777028606,0.23033289856690714,0.999708018464919
none,2,255,Somatomotor,0.010250807780115312,0.09584184732661584,0.635742893593823,0.5283132486173416,0.999708018464919
none,2,256,Somatomotor,0.027089021958174885,0.2281448883742916,1.513341985150082,0.13750885196037485,0.999708018464919
none,2,257,Somatomotor,-0.015971538914077103,-0.1347107249605951,-0.8935698598621152,0.376526173029492,0.999708018464919
none,2,258,Somatomotor,0.0005542019648319206,0.004959312464902057,0.032896357328425406,0.9739094649037511,0.999708018464919
none,2,259,Somatomotor,0.006823978777377529,0.05825868939202774,0.38644442698242876,0.7010732689311872,0.999708018464919
none,2,260,Somatomotor,-0.024207453102099853,-0.19012439491953675,-1.2611425628829116,0.21405697757573108,0.999708018464919
none,2,261,Somatomotor,-0.012939768493939545,-0.1092016462194189,-0.7243617739978896,0.47276670935034704,0.999708018464919
none,2,262,Somatomotor,-0.003605883501103337,-0.02597452841377017,-0.17229552970980175,0.8640135818016531,0.999708018464919
none,2,263,Somatomotor,-0.023707740584261994,-0.1882771352225523,-1.2488892282724255,0.21846205618639794,0.999708018464919
none,2,264,Somatomotor,-0.011232951078579084,-0.08189613909248473,-0.5432375302970577,0.5897714875455502,0.999708018464919
none,2,265,Somatomotor,-0.017470500908002777,-0.13255634982052686,-0.8792793518675639,0.38413726946521454,0.999708018464919
none,2,266,Somatomotor,-0.025377353914112624,-0.1854613413293724,-1.230211364611122,0.22530592360974383,0.999708018464919
none,2,267,Somatomotor,-0.01156884916321948,-0.1171435196333564,-0.7770422024909486,0.4413878213626721,0.999708018464919
none,2,268,Somatomotor,-0.020432389930884313,-0.16449058032611039,-1.0911070729790477,0.28130207813198427,0.999708018464919
none,2,269,Somatomotor,-0.008001899592540523,-0.07570883975620811,-0.5021956295689685,0.6180920160227981,0.999708018464919
none,2,270,Somatomotor,-0.01432833671129406,-0.12956549554382904,-0.859440268990691,0.3948638324539271,0.999708018464919
none,2,271,DorsalAttention,-0.008573421804644233,-0.062321126361263884,-0.4133915853052785,0.6813741803667477,0.999708018464919
none,2,272,DorsalAttention,-0.01422672862194478,-0.1123366817635172,-0.7451572472062927,0.4602304029020089,0.999708018464919
none,2,273,DorsalAttention,-0.014245153784693343,-0.10878230996034995,-0.7215802119332433,0.4744581806130578,0.999708018464919
none,2,274,DorsalAttention,-0.010657818793475158,-0.11886275373365429,-0.7884463113658933,0.4347610965958639,0.999708018464919
none,2,275,DorsalAttention,-2.442032676051233e-05,-0.00017795946809394546,-0.0011804495671174366,0.9990635973047435,0.999708018464919
none,2,276,DorsalAttention,-0.02742666390027002,-0.20391157028984624,-1.352596338127203,0.1832548954958397,0.999708018464919
none,2,277,DorsalAttention,-0.008708538051739356,-0.08446839249606103,-0.5602999291078121,0.5781825800896354,0.999708018464919
none,2,278,DorsalAttention,-7.513467601461997e-06,-5.548987395255696e-05,-0.00036807818312949354,0.999708018464919,0.999708018464919
none,2,279,DorsalAttention,-0.030567997905542432,-0.25748201735878556,-1.7079424836857349,0.09485805621719533,0.999708018464919
none,2,280,DorsalAttention,0.006011692514944469,0.053688102496727175,0.35612658337557396,0.7234871788029136,0.999708018464919
none,2,281,DorsalAttention,0.0004321396853172101,0.003907060526031544,0.025916507596110454,0.9794438369642656,0.999708018464919
none,2,282,DorsalAttention,-0.013336154620538148,-0.11417204689257952,-0.757331682179097,0.4529814076743077,0.999708018464919
none,2,283,DorsalAttention,-0.01832267733953498,-0.14980096371510718,-0.9936671797533088,0.3259439058584901,0.999708018464919
none,2,284,DorsalAttention,0.015060205026642836,0.12002672802756979,0.7961672433629665,0.43030854717597167,0.999708018464919
none,2,285,DorsalAttention,-0.001526143721080367,-0.012479716236230187,-0.08278107249136364,0.9344097810663812,0.999708018464919
none,2,286,DorsalAttention,0.008220590356310493,0.0673656666019434,0.44685327974164457,0.6572236208566191,0.999708018464919
none,2,287,DorsalAttention,-0.026515207447375996,-0.19306863439163546,-1.2806724381267227,0.2071736012855597,0.999708018464919
none,2,288,DorsalAttention,0.0037127035583610457,0.028014677876993913,0.18582835028131803,0.8534532228720588,0.999708018464919
none,2,289,DorsalAttention,0.0005805184031571991,0.005640170443433106,0.037412658229040094,0.9703291335886679,0.999708018464919
none,2,290,DorsalAttention,-0.02242289307085511,-0.19806531956146822,-1.313816697934459,0.19587443625251882,0.999708018464919
none,2,291,DorsalAttention,-0.016102979759165272,-0.13108646840967733,-0.8695292616153517,0.3893856845973316,0.999708018464919
none,2,292,DorsalAttention,-0.02380993830766892,-0.19622374964811362,-1.3016011050788505,0.19998321972146577,0.999708018464919
none,2,293,DorsalAttention,-0.017550599839695504,-0.12541816600991665,-0.8319299970987974,0.41004489338734273,0.999708018464919
none,2,294,VentralAttention,-0.00112448497809117,-0.008665363510388602,-0.05747951887199184,0.954429499268774,0.999708018464919
none,2,295,VentralAttention,-0.03173793580901258,-0.25511480148896487,-1.692240150009795,0.09783541895160254,0.999708018464919
none,2,296,VentralAttention,-0.029695935696566,-0.2522327939025773,-1.6731230743957846,0.10156415931577317,0.999708018464919
none,2,297,VentralAttention,-0.027683267713483947,-0.23592766735475973,-1.5649671005590367,0.12492116076621976,0.999708018464919
none,2,298,VentralAttention,-0.024086534242938554,-0.18488975840551258,-1.2264199124210877,0.2267143246168439,0.999708018464919
none,2,299,VentralAttention,-0.002624395818893195,-0.026677591315415618,-0.17695912140735473,0.8603713966727758,0.999708018464919
none,2,300,VentralAttention,0.006801322071806191,0.056018045553454014,0.37158167717968726,0.7120291020954623,0.999708018464919
none,2,301,VentralAttention,-0.014809741896350098,-0.10888987145013762,-0.7222936941402784,0.47402398335455,0.999708018464919
none,2,302,VentralAttention,-0.018632285248753464,-0.1486841528816753,-0.9862590947607133,0.32952327513447877,0.999708018464919
none,2,303,VentralAttention,-0.01903857927134832,-0.16429867291113737,-1.089834103199143,0.28185619371054677,0.999708018464919
none,2,304,VentralAttention,-0.011966000407730926,-0.09365433823057633,-0.621232599799718,0.5377261337415242,0.999708018464919
none,2,305,VentralAttention,-0.018553811918304266,-0.14565089228253025,-0.9661387201632475,0.33937739039214654,0.999708018464919
none,2,306,VentralAttention,-0.030231084525989712,-0.23877545532647956,-1.5838571889284012,0.1205542696562173,0.999708018464919
none,2,307,VentralAttention,-0.023609772491208283,-0.2204485872436805,-1.4622904989024326,0.15093241645568264,0.999708018464919
none,2,308,VentralAttention,-0.013610032140849382,-0.0991156470663194,-0.6574588243445426,0.5143900612715422,0.999708018464919
none,2,309,VentralAttention,-0.005297451876966891,-0.03639911620507728,-0.24144442230557256,0.810358370167765,0.999708018464919
none,2,310,VentralAttention,-0.03227988955830647,-0.2908737292242229,-1.929438042416363,0.060291960661888966,0.999708018464919
none,2,311,VentralAttention,-0.02756161799258021,-0.24095572959321782,-1.5983194922940769,0.11729523935685322,0.999708018464919
none,2,312,VentralAttention,-0.030413255395777942,-0.2752351604274474,-1.8257035125022347,0.07484473421332602,0.999708018464919
none,2,313,VentralAttention,-0.01780780711426219,-0.1432468573723336,-0.9501921566031715,0.34732496210470465,0.999708018464919
none,2,314,VentralAttention,0.007575987461674879,0.048353671166563375,0.3207419689914344,0.7499595814683242,0.999708018464919
none,2,315,VentralAttention,-0.014277009877735836,-0.12472682737305027,-0.827344175375674,0.4126100016690485,0.999708018464919
none,2,316,VentralAttention,-0.022727558134981184,-0.17343510157700248,-1.1504383148161867,0.25632116736848365,0.999708018464919
none,2,317,VentralAttention,-0.013274910735200613,-0.09865281507906692,-0.6543887442591608,0.5163463942981148,0.999708018464919
none,2,318,VentralAttention,0.006198021497096309,0.056367523374997244,0.37389985079290666,0.7103161711886156,0.999708018464919
none,2,319,Limbic,0.01770827792299836,0.1412755964292676,0.9371162907791074,0.3539325599873686,0.999708018464919
none,2,320,Limbic,-0.016089500378301872,-0.22198890033374763,-1.4725077800612827,0.14816612210959615,0.999708018464919
none,2,321,Limbic,0.00706177208042992,0.08999712303367471,0.596973378628301,0.5536556518380213,0.999708018464919
none,2,322,Limbic,-0.011856507304312387,-0.12684800243248506,-0.8414144589492841,0.40477092491595057,0.999708018464919
none,2,323,Limbic,0.011993585204879724,0.10045517490135575,0.6663442467946479,0.5087506003594022,0.999708018464919
none,2,324,Limbic,-0.01646507288897486,-0.15801362062263827,-1.0481437827417106,0.30042819976198043,0.999708018464919
none,2,325,Limbic,-0.02094139172837023,-0.22554521547428275,-1.4960977059761125,0.14193239598276067,0.999708018464919
none,2,326,Limbic,-0.03707736968992845,-0.44437728550175953,-2.9476654427319504,0.005156729548300177,0.687563939773357
none,2,327,Limbic,-0.014035420829239248,-0.13399485807360992,-0.8888213361341761,0.3790444778075145,0.999708018464919
none,2,328,Limbic,-0.021221414216099098,-0.2145793267843836,-1.423358229421718,0.1618479749132337,0.999708018464919
none,2,329,Limbic,-0.031749438114764945,-0.3243566768055855,-2.1515387904213985,0.03709347676861461,0.999708018464919
none,2,330,Limbic,-0.002917419472646116,-0.023090889828864,-0.1531676352755514,0.878982609429651,0.999708018464919
none,2,331,Limbic,-0.012170163899113047,-0.1391139470076242,-0.9227775306593476,0.3612722369128225,0.999708018464919
none,2,332,Control,-0.014271408838543033,-0.11116125836038694,-0.7373603704103215,0.4649079643499884,0.999708018464919
none,2,333,Control,0.01111221907649571,0.1005507404107111,0.6669781566695101,0.5083495517595618,0.999708018464919
none,2,334,Control,-0.017667459402610303,-0.1691189913417132,-1.1218084784076525,0.26816937838083466,0.999708018464919
none,2,335,Control,-0.005122762719319645,-0.04987264093737517,-0.3308176745867841,0.7423888848589135,0.999708018464919
none,2,336,Control,-0.003845646470283691,-0.03245327729230157,-0.21527068799185073,0.8305740854673223,0.999708018464919
none,2,337,Control,0.006827547287656532,0.05959879254608754,0.39533366566720507,0.69455115479875,0.999708018464919
none,2,338,Control,-0.012868081226609264,-0.10903277160107676,-0.7232415865065789,0.47344748311612816,0.999708018464919
none,2,339,Control,-0.012808207562693947,-0.13509545956187438,-0.8961219004947362,0.3751771633634974,0.999708018464919
none,2,340,Control,-0.02017152678605548,-0.18813427793189225,-1.2479416202090536,0.21880551045592386,0.999708018464919
none,2,341,Control,-0.0235174429219,-0.21610136774611863,-1.433454306992972,0.15895970017198266,0.999708018464919
none,2,342,Control,-0.030334633140761572,-0.267391150838397,-1.7736722391845754,0.08319940551418324,0.999708018464919
none,2,343,Control,-0.026585223258542193,-0.20615738851751542,-1.367493410944242,0.1785763464496914,0.999708018464919
none,2,344,Control,-0.009143165330694935,-0.08197218435901078,-0.5437419575293567,0.5894272918813659,0.999708018464919
none,2,345,Control,-0.027218375795887543,-0.20356569652358394,-1.3503020711121654,0.18398371037809946,0.999708018464919
none,2,346,Control,-0.023962968060390923,-0.17541350169014955,-1.163561536537198,0.25101783290641877,0.999708018464919
none,2,347,Control,-0.009471424119612349,-0.06220981078330862,-0.41265320129448013,0.681911049609029,0.999708018464919
none,2,348,Control,-0.009498085856683032,-0.09596311551526307,-0.6365472957553209,0.5277939823084425,0.999708018464919
none,2,349,Control,-0.0028338847087405875,-0.02391680304942975,-0.1586461237995726,0.8746904472305959,0.999708018464919
none,2,350,Control,-0.02604747543535851,-0.22358581886396847,-1.4831005392322996,0.14534065620809347,0.999708018464919
none,2,351,Control,-0.012073488126573266,-0.10063311479983826,-0.6675245665516487,0.5080039985699295,0.999708018464919
none,2,352,Control,-0.013170916239752556,-0.09709854723069389,-0.6440788977056279,0.5229452005577715,0.999708018464919
none,2,353,Control,-0.012791487667842294,-0.09307211419986032,-0.6173705624920913,0.540246067728039,0.999708018464919
none,2,354,Control,0.008536074847330316,0.05923672743706272,0.39293199743457624,0.6963109988312266,0.999708018464919
none,2,355,Control,-0.00014998729527770926,-0.0012015524378756403,-0.00797019720474063,0.9936776332743762,0.999708018464919
none,2,356,Control,0.0032631681889577616,0.029914559699544405,0.1984307405841511,0.8436432725218215,0.999708018464919
none,2,357,Control,0.006024345249223908,0.046554805057255455,0.3088096411261127,0.7589576092825322,0.999708018464919
none,2,358,Control,0.01944596548562102,0.17570646412918925,1.1655048295131216,0.2502392985526305,0.999708018464919
none,2,359,Control,-0.007914246465505547,-0.07366637107488216,-0.48864742504494824,0.6275743008520015,0.999708018464919
none,2,360,Control,-0.022869671520419944,-0.18714335201886673,-1.2413685613119616,0.22119892843855463,0.999708018464919
none,2,361,Control,-0.013250389414481286,-0.08216057986536277,-0.544991631942874,0.5885749905217399,0.999708018464919
none,2,362,DefaultMode,-0.018017330067500507,-0.14121050435659355,-0.9366845188153348,0.354152140122599,0.999708018464919
none,2,363,DefaultMode,-0.01776826880132383,-0.13404170684312866,-0.8891320957149426,0.37887934397115197,0.999708018464919
none,2,364,DefaultMode,-0.024642360768596525,-0.1643724648350522,-1.09032358344751,0.2816430354677152,0.999708018464919
none,2,365,DefaultMode,-0.016358142912231862,-0.11667837194958175,-0.7739567618125821,0.4431909597042418,0.999708018464919
none,2,366,DefaultMode,-0.0204244730119429,-0.1812987600260873,-1.2025999239264316,0.2357115749399752,0.999708018464919
none,2,367,DefaultMode,-0.01998564084442871,-0.25267749544939583,-1.6760728907447595,0.10098127335980829,0.999708018464919
none,2,368,DefaultMode,0.00026282368609374283,0.00262977640402952,0.017443963229391967,0.9861631272664532,0.999708018464919
none,2,369,DefaultMode,0.008066528855182303,0.06125984727610506,0.40635185625863157,0.6864994328672281,0.999708018464919
none,2,370,DefaultMode,0.007053926465465624,0.04534871127424926,0.30080932004568894,0.7650096224722749,0.999708018464919
none,2,371,DefaultMode,-0.010185673425584628,-0.10102177419072436,-0.6701026412932833,0.5063753297399607,0.999708018464919
none,2,372,DefaultMode,-0.009908530352370043,-0.1234925078081153,-0.8191566256391057,0.41721416991613147,0.999708018464919
none,2,373,DefaultMode,-0.0013950836745047414,-0.016199608840971443,-0.10745604855205275,0.9149270079849906,0.999708018464919
none,2,374,DefaultMode,-0.01352802016919283,-0.11223951298388118,-0.7445127024395141,0.4606160468132694,0.999708018464919
none,2,375,DefaultMode,-0.017925467537981007,-0.11836231953810078,-0.7851268064480647,0.4366838422412148,0.999708018464919
none,2,376,DefaultMode,-0.005828651257842752,-0.03813990386812133,-0.252991501341566,0.8014803764405133,0.999708018464919
none,2,377,DefaultMode,-0.009186989525930783,-0.06244465822385686,-0.4142110029810276,0.6807785881217514,0.999708018464919
none,2,378,DefaultMode,-0.024517667823321498,-0.1594140156830281,-1.057432952688871,0.29621862973132657,0.999708018464919
none,2,379,DefaultMode,0.003263095006446115,0.02826228920605169,0.18747081802596974,0.8521733278900278,0.999708018464919
none,2,380,DefaultMode,-0.00170885804453155,-0.012992925545108664,-0.08618531792429868,0.9317191745430884,0.999708018464919
none,2,381,DefaultMode,-0.011823037755591846,-0.1084781870551137,-0.7195628887996006,0.4756870671286699,0.999708018464919
none,2,382,DefaultMode,-0.019836601813614727,-0.12301191801154676,-0.8159687535725236,0.4190152793609452,0.999708018464919
none,2,383,DefaultMode,-0.003265886520108861,-0.02562126321171798,-0.16995223345640934,0.8658447909541205,0.999708018464919
none,2,384,DefaultMode,-0.011720320277859216,-0.13026109420140075,-0.8640543484943715,0.3923525044536277,0.999708018464919
none,2,385,DefaultMode,-0.002588318982471083,-0.018544541206270533,-0.12301057018096813,0.9026718891289303,0.999708018464919
none,2,386,DefaultMode,-0.013357679758941645,-0.12875240178995564,-0.8540468151887315,0.39781207831758847,0.999708018464919
none,2,387,DefaultMode,-0.013355342109469896,-0.086804667995434,-0.5757970275844526,0.5677538335381747,0.999708018464919
none,2,388,DefaultMode,-0.0019710280411925703,-0.013732422316147196,-0.091090584570727,0.9278436372038475,0.999708018464919
none,2,389,DefaultMode,-0.005997195542846526,-0.05098611741286215,-0.3382036419509395,0.7368555005972194,0.999708018464919
none,2,390,DefaultMode,-0.0016308958148605285,-0.012730105640224487,-0.08444196790042327,0.9330969636608213,0.999708018464919
none,2,391,DefaultMode,-0.01306961881497979,-0.09264627165943749,-0.6145458426393825,0.542093028826401,0.999708018464919
none,2,392,DefaultMode,0.010878118291858769,0.1185047233856836,0.786071406710335,0.43613618902983087,0.999708018464919
none,2,393,DefaultMode,0.015563082982818038,0.12922220422261485,0.8571631319781853,0.3961069213867412,0.999708018464919
none,2,394,DefaultMode,0.0024549238660832935,0.026041802248357757,0.1727417738448727,0.8636649420193476,0.999708018464919
none,2,395,DefaultMode,-0.00012852880648958872,-0.0010438492577114439,-0.006924112651039715,0.9945074262748347,0.999708018464919
none,2,396,DefaultMode,-0.0015091268219346587,-0.012861332193238718,-0.08531242637818302,0.9324090043364139,0.999708018464919
none,2,397,DefaultMode,0.018908199441532596,0.1321108100837189,0.8763239755951922,0.38572337879839413,0.999708018464919
none,2,398,DefaultMode,-0.006961491303142397,-0.05039690155791539,-0.33429522612816565,0.7397818513220875,0.999708018464919
none,2,399,DefaultMode,0.00191715544832098,0.015183334856331988,0.10071484956955583,0.92024496354506,0.999708018464919
none,2,400,DefaultMode,-0.006179774598861972,-0.04696683692016535,-0.3115427513079993,0.7568935660572194,0.999708018464919
gsr,0,1,Visual,-0.024226331988820137,-0.23950875419777037,-1.5887213433589265,0.11945005489608022,0.16943270198025565
gsr,0,2,Visual,-0.02280381640661391,-0.29034071941312956,-1.9259024553104143,0.060744813438050035,0.10518582413515157
gsr,0,3,Visual,-0.046336225058485475,-0.6525191262320189,-4.328322220484317,8.80892451067731e-05,0.00587261634045154
gsr,0,4,Visual,-0.008798992741543625,-0.1267569386557404,-0.8408104101903744,0.40510555779600754,0.4332679762524145
gsr,0,5,Visual,-0.03451766734405222,-0.5990121847465942,-3.973397323311005,0.00026593663498555793,0.00808825604215335
gsr,0,6,Visual,-0.04876016537297309,-0.6828703619995183,-4.529649542413137,4.645551711446838e-05,0.00587261634045154
gsr,0,7,Visual,-0.004323578154824809,-0.08267651298191031,-0.5484139450718876,0.58624393031302,0.6075066635368084
gsr,0,8,Visual,-0.03376617841763812,-0.4535377241080342,-3.0084289182761483,0.004377217257666199,0.024474129935668963
gsr,0,9,Visual,-0.03029295441931684,-0.5578498874643041,-3.700357532122161,0.0006074918574951191,0.00867845510707313
gsr,0,10,Visual,-0.031280293483558895,-0.48317441326807886,-3.205016474220669,0.002546886850776769,0.019923654784688313
gsr,0,11,Visual,-0.035811323443129976,-0.6574703474797418,-4.36116490674978,7.940506533329246e-05,0.00587261634045154
gsr,0,12,Visual,-0.032285340636008415,-0.332591307710413,-2.2061611524181526,0.03276457103706037,0.07083968536925456
gsr,0,13,Visual,-0.017378808873367596,-0.27906257553059793,-1.851091712130415,0.07103264102278772,0.11608938056363924
gsr,0,14,Visual,-0.020579900504944938,-0.280165606686643,-1.8584083930837614,0.06996508932546296,0.11608938056363924
gsr,0,15,Visual,-0.026607629563431313,-0.44438345436831006,-2.9477063623634097,0.005156163411328552,0.026182765503562692
gsr,0,16,Visual,-0.03155726528017913,-0.3921560535672701,-2.6012689778982963,0.012685582913920792,0.03934533776544052
gsr,0,17,Visual,-0.02332965079659269,-0.34834822850131625,-2.310680740647706,0.025712192937624244,0.061586090868561066
gsr,0,18,Visual,-0.03238094575375308,-0.4988912649920611,-3.309270274328869,0.001898411330454346,0.017119092997493077
gsr,0,19,Visual,-0.014077266942525335,-0.19944749972267004,-1.3229850439092183,0.19283291779529516,0.2448671972003748
gsr,0,20,Visual,-0.018946813702571872,-0.23496106144951104,-1.5585553623433337,0.12643209206021325,0.1774485502599484
gsr,0,21,Visual,-0.037552894082487805,-0.5087874267380008,-3.3749139850807697,0.0015741975919404934,0.016570500967794666
gsr,0,22,Visual,-0.009595130006481593,-0.08502194710601224,-0.5639717949921715,0.5757031885201196,0.5981331828780463
gsr,0,23,Visual,-0.024263853234031928,-0.300565348863215,-1.9937249743231158,0.05254954846934071,0.09511230492188363
gsr,0,24,Visual,-0.014033019534295421,-0.13108231510070628,-0.8695017116803606,0.3894005782744875,0.41758775150079086
gsr,0,25,Visual,-0.01734119187488969,-0.3229839254404892,-2.1424329880044533,0.03786220882150994,0.07681439927188723
gsr,0,26,Visual,-0.03145971481307215,-0.36288400488865374,-2.407100173274318,0.020445393225618412,0.05415998205461831
gsr,0,27,Visual,-0.02070097280843617,-0.3492621406767568,-2.3167429482022537,0.025348288448042294,0.06108021312781276
gsr,0,28,Visual,-0.028578583145817616,-0.35561920466472274,-2.3589109402349804,0.022942152986657905,0.05791551014729242
gsr,0,29,Visual,-0.005219072888935752,-0.04446718177400448,-0.2949619148578061,0.7694424557815609,0.7791822337028464
gsr,0,30,Visual,-0.031143616583833265,-0.4700983188719417,-3.118279476550159,0.003241018103009352,0.02160678735339568
gsr,0,31,Visual,-0.04281088733697764,-0.355400451641261,-2.3574598968338227,0.023021415283548737,0.05791551014729242
gsr,0,32,Somatomotor,-0.03438481814578393,-0.5648777054113902,-3.746974802572981,0.0005284472698690548,0.008579208485970272
gsr,0,33,Somatomotor,-0.019381135203261426,-0.3543136901348144,-2.3502511365268535,0.023418849653000718,0.05854712413250179
gsr,0,34,Somatomotor,-0.010989184661435586,-0.16942989666817512,-1.1238707910340469,0.2673030971861821,0.3090209216025227
gsr,0,35,Somatomotor,-0.0175149343006598,-0.2653020211486436,-1.7598145205459677,0.0855521197751454,0.13083695096563264
gsr,0,36,Somatomotor,-0.017786914094394715,-0.24091250279639562,-1.5980327581621805,0.11735915134737693,0.16765593049625277
gsr,0,37,Somatomotor,-0.023426875158054437,-0.4284450619766026,-2.8419830277139106,0.006829271089994433,0.028754825642081826
gsr,0,38,Somatomotor,-0.008468478256682045,-0.10777801439486567,-0.7149184687945852,0.4785231515341677,0.5023865107970265
gsr,0,39,Somatomotor,-0.009720676375432015,-0.13199390818025222,-0.8755485360930377,0.38614023130920416,0.41520454979484317
gsr,0,40,Somatomotor,-0.02280322407861469,-0.31117548026739994,-2.0641046240112124,0.045074473891827685,0.0856950270207824
gsr,0,41,Somatomotor,-0.016267214622734026,-0.21276990397849574,-1.411355876353234,0.16533476201100664,0.21826371222575136
gsr,0,42,Somatomotor,-0.028369330356502312,-0.47592933712940877,-3.1569580759616205,0.0029119090499851908,0.020799350357037075
gsr,0,43,Somatomotor,-0.002471576886559536,-0.03983098891077714,-0.2642088904917089,0.7928811920318835,0.8008900929614985
gsr,0,44,Somatomotor,-0.016341426941004152,-0.13651650999558987,-0.9055480826883481,0.37022132157047427,0.4013239258216523
gsr,0,45,Somatomotor,-0.005211887046615866,-0.06398615459702478,-0.424436133152011,0.6733639009657024,0.688863325796115
gsr,0,46,Somatomotor,-0.03163040111977111,-0.3612509406947668,-2.396267650894944,0.02098425065605348,0.054677060951606224
gsr,0,47,Somatomotor,-0.023253629335529425,-0.22437820936752184,-1.4883566632077543,0.14395460234408602,0.19585660182868847
gsr,0,48,Somatomotor,-0.025163319429343214,-0.27837708001687067,-1.8465446493014042,0.07170302762989904,0.11611826336825755
gsr,0,49,Somatomotor,-0.028229324242991273,-0.34951965253742995,-2.3184510886440926,0.025246587942369,0.06108021312781276
gsr,0,50,Somatomotor,-0.013391524706568009,-0.1552188616103135,-1.02960544869502,0.3089520976816409,0.34811503964128554
gsr,0,51,Somatomotor,-0.038652860367292693,-0.477653574749597,-3.1683953744327793,0.002820805405682762,0.020799350357037075
gsr,0,52,Somatomotor,-0.0366557026834166,-0.325891825928991,-2.1617218177005557,0.03625012454320941,0.07435922983222443
gsr,0,53,Somatomotor,-0.04644232049364176,-0.5618917608992176,-3.727168287389589,0.0005607388646669054,0.008579208485970272
gsr,0,54,Somatomotor,-0.03455714446717237,-0.3630440108474466,-2.4081615327333927,0.02039327415795902,0.05415998205461831
gsr,0,55,Somatomotor,-0.03485793435841142,-0.38568061293519534,-2.558315764040669,0.014123125956992544,0.04123540425399283
gsr,0,56,Somatomotor,-0.026179689904162404,-0.39899137811353536,-2.6466093915788327,0.011314600368742567,0.036795448353634366
gsr,0,57,Somatomotor,-0.03597726183852143,-0.3908946058867921,-2.592901480600677,0.012954651939028967,0.03934533776544052
gsr,0,58,Somatomotor,-0.029551889370724418,-0.4026773391227472,-2.6710592908977038,0.010633112507580977,0.03635252139343924
gsr,0,59,Somatomotor,-0.026684803742111008,-0.33000350260063854,-2.1889955952587807,0.03407411007190908,0.07173496857244017
gsr,0,60,Somatomotor,-0.020865232983280833,-0.20292419661775477,-1.3460468421307974,0.18534133875295442,0.23838114309061662
gsr,0,61,Somatomotor,-0.028279622934074867,-0.3160724864692142,-2.096587688346135,0.04194934328620919,0.0814550355072023
gsr,0,62,Somatomotor,-0.02905935185255073,-0.29047995816362426,-1.9268260606937513,0.06062623358473529,0.10518582413515157
gsr,0,63,Somatomotor,-0.0361404863998059,-0.4742318389105497,-3.1456981466131158,0.0030043092805712122,0.021082872144359385
gsr,0,64,Somatomotor,-0.050672150658900315,-0.602147246628689,-3.9941929712259134,0.0002494932791663634,0.00808825604215335
gsr,0,65,Somatomotor,-0.02690582891199532,-0.3590642851253847,-2.3817630187561813,0.021725826266955926,0.055707246838348524
gsr,0,66,Somatomotor,-0.024462179278948174,-0.2648888375836159,-1.7570737708364919,0.08602396845082484,0.13083695096563264
gsr,0,67,Somatomotor,-0.024144850455221103,-0.2874496172262056,-1.9067250529412076,0.06325227104624281,0.10858758977895762
gsr,0,68,Somatomotor,-0.018222071615335053,-0.2038253039790947,-1.3520241121575813,0.18343646569649485,0.23693271110058636
gsr,0,69,DorsalAttention,-0.018282956102061345,-0.19672117141287548,-1.3049006277913935,0.19886703602482825,0.2485837950310353
gsr,0,70,DorsalAttention,-0.04419711999737244,-0.49812788544748154,-3.304206587284863,0.0019258979622179713,0.017119092997493077
gsr,0,71,DorsalAttention,-0.013666811659262989,-0.19473831579724452,-1.2917478516103993,0.20334462454271807,0.25260201806548827
gsr,0,72,DorsalAttention,-0.028878588356031378,-0.40879793039580986,-2.7116587003934494,0.00958442240023926,0.03432378356067782
gsr,0,73,DorsalAttention,-0.01464809681643587,-0.1446282952681369,-0.9593555789462866,0.342743155919649,0.37767840872688596
gsr,0,74,DorsalAttention,-0.04361355365112965,-0.6310337697287052,-4.18580448846729,0.00013780450150388616,0.006890225075194308
gsr,0,75,DorsalAttention,-0.034360585391128635,-0.36083395769838694,-2.3935016986090427,0.021123878675229957,0.054677060951606224
gsr,0,76,DorsalAttention,-0.03361271660318215,-0.3459315380803285,-2.29465022992598,0.026697111399800848,0.06281673270541376
gsr,0,77,DorsalAttention,-0.021534883344055133,-0.2710769958144541,-1.7981213688265703,0.07918084560552809,0.12410226898999946
gsr,0,78,DorsalAttention,-0.0206104692587488,-0.18492317711250505,-1.226641587045233,0.2266318011984764,0.2747052135739108
gsr,0,79,DorsalAttention,-0.03447093080447936,-0.4701095455203009,-3.118353945710681,0.0032403520138654493,0.02160678735339568
gsr,0,80,DorsalAttention,-0.044252114367451016,-0.4373459376156885,-2.901024757314837,0.005841185852278862,0.026827827978172125
gsr,0,81,DorsalAttention,-0.05031897106567973,-0.6966396767735656,-4.62098484386476,3.4658042568636244e-05,0.00587261634045154
gsr,0,82,DorsalAttention,-0.04650835615932863,-0.44554019687538793,-2.9553793241134745,0.005051026773733489,0.026182765503562692
gsr,0,83,DorsalAttention,-0.037098676406803206,-0.4878242815590141,-3.235860211111877,0.0023359057428913414,0.019314884211341306
gsr,0,84,DorsalAttention,-0.0185483948361864,-0.24141235013984738,-1.6013483703435512,0.11662183939626522,0.16719976974374942
gsr,0,85,DorsalAttention,-0.017327755338166186,-0.27505038324383096,-1.8244778393264862,0.07503306804179756,0.1195746104251754
gsr,0,86,DorsalAttention,-0.030608643569246443,-0.3646411911447978,-2.4187560282711162,0.019879558614849375,0.05403320149949147
gsr,0,87,DorsalAttention,-0.020460869987389125,-0.1706728537224871,-1.1321156353934032,0.2638597286082564,0.30770813831866634
gsr,0,88,DorsalAttention,-0.019732650355249796,-0.17789208803106005,-1.1800026183437977,0.24448615743002017,0.2884792418053335
gsr,0,89,DorsalAttention,-0.02875498773758083,-0.46413751485592586,-3.078739975810224,0.003613497834474252,0.022882188355077094
gsr,0,90,DorsalAttention,-0.022153912032892957,-0.2757778388502132,-1.829303233922507,0.07429391913728156,0.1188702706196505
gsr,0,91,DorsalAttention,-0.03532227375076122,-0.4548280574427596,-3.0169880213276925,0.004276743138822027,0.024438532221840156
gsr,0,92,VentralAttention,-0.013435068097924689,-0.18215605062269805,-1.2082865464169468,0.23354021261207877,0.2822238218877085
gsr,0,93,VentralAttention,-0.029682326689641346,-0.38432750006677796,-2.5493402286735853,0.014441707907745256,0.041342332576712486
gsr,0,94,VentralAttention,-0.01809696497151894,-0.2727016055532118,-1.8088978106950042,0.07746216091279497,0.12225616873680979
gsr,0,95,VentralAttention,-0.026072170395309766,-0.4347394007594504,-2.8837349478060887,0.006115786151182634,0.026882576488714872
gsr,0,96,VentralAttention,-0.036270071147345886,-0.47953247102772073,-3.180858562381842,0.0027245993842765774,0.0205630142209553
gsr,0,97,VentralAttention,-0.01655238819698656,-0.28558017932042035,-1.894324604736493,0.06492034896408172,0.10977624366118219
gsr,0,98,VentralAttention,-0.03856334260683068,-0.6645655953962496,-4.408229457016994,6.840299757784302e-05,0.00587261634045154
gsr,0,99,VentralAttention,-0.018225027851785997,-0.2855497130063427,-1.8941225140714117,0.06494784190058639,0.10977624366118219
gsr,0,100,VentralAttention,-0.020120199463219884,-0.3658320336178413,-2.4266551836061243,0.01950417750481359,0.05343610275291395
gsr,0,101,VentralAttention,-0.02156207207296654,-0.27923893116080223,-1.8522615230405228,0.07086103510826008,0.11608938056363924
gsr,0,102,VentralAttention,-0.025032953457647958,-0.3341403923194944,-2.2164366172518277,0.032002186170523396,0.07072306336027269
gsr,0,103,VentralAttention,-0.03467815468098804,-0.4869829537283471,-3.230279473631865,0.0023728100580918017,0.019314884211341306
gsr,0,104,VentralAttention,-0.030152366811830592,-0.4362595717942594,-2.893818621685344,0.005954207105104789,0.026827827978172125
gsr,0,105,VentralAttention,-0.014718259132495482,-0.198837389557763,-1.3189380309136616,0.19417102172005346,0.24578610344310564
gsr,0,106,VentralAttention,-0.026368510479729976,-0.35812721335226494,-2.375547187810039,0.022050786096637125,0.056180346743024516
gsr,0,107,VentralAttention,-0.03192942386880693,-0.46052245452677526,-3.05476037839764,0.0038586493387609364,0.023745534392374992
gsr,0,108,VentralAttention,-0.033857892769948356,-0.34311594851780663,-2.2759737216409293,0.027887027109965944,0.06394143764559068
gsr,0,109,VentralAttention,-0.015460095593021249,-0.23903444445199157,-1.5855751284366115,0.12016333814698257,0.16984217405933932
gsr,0,110,VentralAttention,-0.01851741495490813,-0.19408370988371842,-1.2874056872089712,0.204839388017466,0.2536710687522799
gsr,0,111,VentralAttention,-0.037397382984075966,-0.3638772042442977,-2.4136883124837056,0.020123809966777487,0.05403320149949147
gsr,0,112,VentralAttention,-0.039801686001030234,-0.4663846323374585,-3.093645666902407,0.0034685805703384763,0.022744790625170336
gsr,0,113,VentralAttention,-0.03339988683842284,-0.4366588367770353,-2.8964670459649353,0.005912434167127917,0.026827827978172125
gsr,0,114,Limbic,-0.013620497739714769,-0.19964762290814989,-1.3243125109453933,0.19239553530151235,0.2448671972003748
gsr,0,115,Limbic,-0.02514521388712992,-0.2845967158060319,-1.8878010457920318,0.06581286351928291,0.11060985465425699
gsr,0,116,Limbic,-0.03349576766734652,-0.38994039944919195,-2.5865719911485545,0.013161645998861883,0.03934533776544052
gsr,0,117,Limbic,-0.004217984437555414,-0.05008626750761756,-0.33223471294427315,0.7413261952205448,0.7526154266198424
gsr,0,118,Limbic,-0.019031869835384532,-0.18886116553810903,-1.2527632471182146,0.21706211372249407,0.26470989478352935
gsr,0,119,Limbic,-0.012062269868492249,-0.13388924038324168,-0.8881207476338253,0.3794169301048895,0.4090748572559456
gsr,0,120,Limbic,-0.015709654860929928,-0.14982416971793294,-0.9938211109618227,0.3258698093218524,0.3630861385201698
gsr,0,121,Limbic,-0.03201000564872064,-0.2914696445873411,-1.9333908977489058,0.05978909520053314,0.10443510078695745
gsr,0,122,Limbic,-0.020650454275051737,-0.3061481340880385,-2.030756982074875,0.04849226432336592,0.0906397463988148
gsr,0,123,Limbic,-0.02333713103099785,-0.33178533441068975,-2.2008149303657008,0.033167563796134586,0.0709466605264911
gsr,0,124,Limbic,-0.0024638504642592774,-0.023885224882121435,-0.15843665793451517,0.8748544855090219,0.8792507392050471
gsr,0,125,Limbic,-0.020826457598473812,-0.27869140332636416,-1.848629634262309,0.07139496904663813,0.11608938056363924
gsr,0,126,Limbic,-0.02589000545009941,-0.2725390825372394,-1.8078197549674488,0.07763266714787422,0.12225616873680979
gsr,0,127,Control,-0.04110467902845257,-0.4302734460160211,-2.854111155376762,0.006614416994342016,0.02814645529507241
gsr,0,128,Control,-0.03414107720382782,-0.27956048972924213,-1.8543945012798015,0.07054904262980526,0.11608938056363924
gsr,0,129,Control,-0.024682298274681446,-0.28100399316705227,-1.86396961985341,0.06916281459881013,0.11527135766468355
gsr,0,130,Control,-0.03466982534387433,-0.40288046414132345,-2.6724066698420055,0.010596678479646918,0.03635252139343924
gsr,0,131,Control,-0.029988724925055874,-0.3218425056145281,-2.1348616654224815,0.03851204121263447,0.07700584383449252
gsr,0,132,Control,-0.03339396777359624,-0.3389600587738979,-2.248406667739666,0.029729887955458507,0.06680873697855844
gsr,0,133,Control,-0.047830389775180976,-0.4349215371255736,-2.884943103780308,0.00609621358414965,0.026882576488714872
gsr,0,134,Control,-0.021739775385802334,-0.18015301389909708,-1.1949999039099726,0.23863657867919863,0.28579230979544745
gsr,0,135,Control,-0.013485648316758964,-0.15266654066626092,-1.0126752668630434,0.31687986436140286,0.35504746707159984
gsr,0,136,Control,-0.009218661379894095,-0.14331227582503572,-0.9506260935271282,0.34710708318733785,0.3803913240409182
gsr,0,137,Control,-0.03629627674589136,-0.4562495379940838,-3.026417056598753,0.004168564262804946,0.024438532221840156
gsr,0,138,Control,-0.03389392233141736,-0.42713820379321027,-2.8333143112168764,0.006986798437376265,0.02911166015573444
gsr,0,139,Control,-0.029004155758473007,-0.318002521645993,-2.10939009337326,0.04077078350027565,0.07955274829322079
gsr,0,140,Control,-0.013664830635137659,-0.21456994217315017,-1.4232959789531892,0.16186590983936555,0.21564765032887812
gsr,0,141,Control,-0.02334173127422551,-0.3606451959794788,-2.3922495950162412,0.021187361118747413,0.054677060951606224
gsr,0,142,Control,-0.010023925976878621,-0.16971957131708143,-1.125792275277447,0.2664977654935711,0.30898291651428533
gsr,0,143,Control,-0.030753888457394515,-0.5510325892350809,-3.6551366915015864,0.0006949733850785822,0.009585839794187341
gsr,0,144,Control,-0.041329091610450494,-0.502118412006235,-3.3306767459075304,0.0017862794931864452,0.017119092997493077
gsr,0,145,Control,-0.045313174290469944,-0.4585116135277372,-3.0414219681838954,0.004001695966045743,0.024152436257795656
gsr,0,146,Control,-0.028597985202486253,-0.36901174396466785,-2.4477469959309937,0.018533061508235863,0.051480726411766285
gsr,0,147,Control,-0.014946900072848294,-0.21387962197360416,-1.4187169127789943,0.163189443702192,0.21614495854594964
gsr,0,148,Control,-0.027662618533371444,-0.33012861110383535,-2.1898254711851544,0.034009750007689285,0.07173496857244017
gsr,0,149,DefaultMode,-8.338855241220678e-05,-0.0011098315172346585,-0.007361789446356427,0.9941602440335728,0.9941602440335728
gsr,0,150,DefaultMode,-0.023207806175171545,-0.34291350725873937,-2.274630878244102,0.027974378969945923,0.06394143764559068
gsr,0,151,DefaultMode,-0.03813912324901774,-0.38828383905630326,-2.5755836126170033,0.013528201409111228,0.04008355973069993
gsr,0,152,DefaultMode,-0.025264376834543797,-0.40863742342413967,-2.7105940175909162,0.00961065939698979,0.03432378356067782
gsr,0,153,DefaultMode,-0.022604303339151186,-0.3011032313950721,-1.9972928834020294,0.05214624554498386,0.09481135553633428
gsr,0,154,DefaultMode,-0.028411213036577412,-0.3920238856315873,-2.6003922749943453,0.012713532554926014,0.03934533776544052
gsr,0,155,DefaultMode,-0.004455138707406338,-0.07499997726171159,-0.4974935677245678,0.6213756084628018,0.6405934107863936
gsr,0,156,DefaultMode,-0.02736605370511241,-0.44876981129423593,-2.976802162603155,0.004768006857279708,0.025662393137646032
gsr,0,157,DefaultMode,-0.028435928104869234,-0.44233356913061866,-2.9341089619699874,0.005347520980070771,0.026182765503562692
gsr,0,158,DefaultMode,-0.01738637895923694,-0.32596916021458716,-2.162234795318062,0.03620809113100809,0.07435922983222443
gsr,0,159,DefaultMode,-0.013290683075309897,-0.2708481980400765,-1.7966036960856129,0.07942545215359965,0.12410226898999946
gsr,0,160,DefaultMode,-0.02505966880383249,-0.33317203255678235,-2.2100132452618424,0.032476899993281266,0.07083968536925456
gsr,0,161,DefaultMode,-0.017134503628711092,-0.18067384443677895,-1.1984547028556725,0.2373036661337367,0.28579230979544745
gsr,0,162,DefaultMode,-0.030658987310937358,-0.4436094481692228,-2.942572186067846,0.005227652155417661,0.026182765503562692
gsr,0,163,DefaultMode,-0.01715249937388574,-0.3187699436613106,-2.1144805951345935,0.04031029509561279,0.07903979430512312
gsr,0,164,DefaultMode,-0.026694826500528422,-0.27586430396852446,-1.829876778632291,0.07420647505066298,0.1188702706196505
gsr,0,165,DefaultMode,-0.013536521195179764,-0.14771053948141408,-0.9798008740816557,0.33266512621280275,0.3696279180142253
gsr,0,166,DefaultMode,-0.027048078821117583,-0.3952799092418357,-2.6219902922418092,0.012041152212570164,0.03853168708022452
gsr,0,167,DefaultMode,-0.012319844591970585,-0.1409350670738977,-0.93485747457538,0.3550822799208133,0.38701065931423795
gsr,0,168,DefaultMode,-0.006309284327331322,-0.05812685221682563,-0.3855699180952973,0.7017161476432837,0.7160368853502895
gsr,0,169,DefaultMode,-0.020272399924253674,-0.20823863984636515,-1.3812988704486888,0.17432325812947075,0.22862066639930592
gsr,0,170,DefaultMode,-0.013353598251919169,-0.17854266972244395,-1.1843180890753882,0.24279235929110476,0.28818084188855164
gsr,0,171,DefaultMode,-0.006229690825947326,-0.05755726620347002,-0.3817917119110274,0.704496160189358,0.7170444378517639
gsr,0,172,DefaultMode,-0.022057784853069348,-0.22604686504242694,-1.499425272763669,0.14107009961002967,0.19258716670311216
gsr,0,173,DefaultMode,-0.011554842620212889,-0.17935300183978836,-1.1896932242529996,0.2406946133574937,0.2868671682285715
gsr,0,174,DefaultMode,-0.02241325965689789,-0.293548027766913,-1.9471773321033579,0.05806332808154526,0.10276695235671729
gsr,0,175,DefaultMode,-0.016969210101689034,-0.20373681798732202,-1.3514371624897565,0.18362285110295443,0.23693271110058636
gsr,0,176,DefaultMode,-0.04222704068705001,-0.28628751916736517,-1.8990165664796592,0.0642848306957183,0.10977624366118219
gsr,0,177,DefaultMode,-0.021512138294049604,-0.2996340166713781,-1.9875472154521119,0.05325424269959179,0.09595359044971492
gsr,0,178,DefaultMode,-0.010032418067705119,-0.11334070117468657,-0.7518171585444579,0.45625661054821587,0.48409189448086565
gsr,0,179,DefaultMode,-0.0335521931245406,-0.4017717517739001,-2.6650523039956666,0.010796952393904546,0.03644654689387778
gsr,0,180,DefaultMode,-0.03026717531290291,-0.4111741391987876,-2.727420686439481,0.00920365385514572,0.03432378356067782
gsr,0,181,DefaultMode,-0.031132644455768518,-0.5092053698488596,-3.3776863060456352,0.0015617382546515386,0.016570500967794666
gsr,0,182,DefaultMode,-0.010832377034020109,-0.10622739407031184,-0.7046328171768969,0.4848379291339212,0.5076836954281898
gsr,0,183,DefaultMode,-0.024481316389895206,-0.35240053770931906,-2.337560719002601,0.024133498832238275,0.05963999552692652
gsr,0,184,DefaultMode,-0.009986438908425821,-0.11015826287577973,-0.730707251032596,0.4689209080275042,0.496212601087306
gsr,0,185,DefaultMode,-0.02754419223972202,-0.39966197289145716,-2.651057614108309,0.011187703296101501,0.03668099441344755
gsr,0,186,DefaultMode,-0.01877833486667215,-0.26851124088542977,-1.7811020760194136,0.0819604939850386,0.12621708892610448
gsr,0,187,DefaultMode,-0.006558916038522494,-0.08654299842870194,-0.5740613080406426,0.5689172356515155,0.5926221204703287
gsr,0,188,DefaultMode,-0.03158841888259844,-0.4717557779337271,-3.129273816176792,0.0031440643565772775,0.02160678735339568
gsr,0,189,DefaultMode,-0.015834472655675707,-0.1453520622716621,-0.964156506118953,0.3403586796130741,0.37608693879897687
gsr,0,190,DefaultMode,-0.021573967869183728,-0.3243105828855934,-2.151233037945938,0.03711906422953922,0.07575319230518208
gsr,0,191,DefaultMode,-0.031895285984265415,-0.38379166157384276,-2.5457858782149936,0.01456967068742422,0.041342332576712486
gsr,0,192,DefaultMode,-0.034862493764372955,-0.43344677629635825,-2.8751606471282662,0.006256384696129983,0.026930799894511616
gsr,0,193,DefaultMode,-0.014616425709329535,-0.25599336404718315,-1.6980678747307247,0.09672150824017611,0.1418789906951551
gsr,0,194,DefaultMode,-0.0218372854535824,-0.3322384736109563,-2.2038207157758722,0.03294045369670337,0.07083968536925456
gsr,0,195,DefaultMode,-0.02802349744793877,-0.3638661385742954,-2.4136149111328025,0.020127367558560573,0.05403320149949147
gsr,0,196,DefaultMode,-0.020006696167113546,-0.26086283858756193,-1.7303683146839743,0.09073648291583145,0.1364458389711751
gsr,0,197,DefaultMode,-0.02360065706592855,-0.3502778437113704,-2.3234803599307314,0.02494927068551092,0.060851879720758346
gsr,0,198,DefaultMode,-0.019412396865239368,-0.32808592714870904,-2.176275838696288,0.035074144418604444,0.07307113420542592
gsr,0,199,DefaultMode,-0.020046204091213726,-0.31212186407819553,-2.0703822240273637,0.044455136427710734,0.0856950270207824
gsr,0,200,DefaultMode,-0.044513756622837214,-0.48226772255925204,-3.199002168456511,0.002590075122009481,0.019923654784688313
gsr,0,201,Visual,-0.026894793747660052,-0.2585611072356859,-1.7151003561592333,0.09352597815253015,0.13855700467041504
gsr,0,202,Visual,-0.030146073187589762,-0.40994289027899,-2.7192535050584836,0.009399172450651954,0.03432378356067782
gsr,0,203,Visual,-0.035632362750899524,-0.40755571089024223,-2.7034187483789918,0.009789215008255425,0.034652088524797967
gsr,0,204,Visual,-0.049354206674458716,-0.5908989384430905,-3.9195801356700857,0.00031351952638004036,0.00808825604215335
gsr,0,205,Visual,-0.013247830841966663,-0.15155531781557402,-1.0053042483546482,0.32037423589814285,0.3579600401096568
gsr,0,206,Visual,-0.027832937088322695,-0.41673220445975817,-2.764288720501378,0.008366943926664233,0.033126938502939726
gsr,0,207,Visual,-0.023347143451075383,-0.41552606705934575,-2.7562881100958143,0.008542297983426754,0.033126938502939726
gsr,0,208,Visual,-0.03260604572328051,-0.45318149333239904,-3.00606595063303,0.004405343388420413,0.024474129935668963
gsr,0,209,Visual,-0.05868740827543693,-0.5438698018875575,-3.607624135331906,0.0007998955989338937,0.010321233534630887
gsr,0,210,Visual,-0.029889082057600044,-0.4414407486222835,-2.928186660707424,0.005432923841989258,0.026182765503562692
gsr,0,211,Visual,-0.05021866762189517,-0.5903404257330505,-3.9158753814703915,0.0003170825167306415,0.00808825604215335
gsr,0,212,Visual,-0.02086922975905171,-0.30456946894497255,-2.0202853021765503,0.04961100220332704,0.09187222630245746
gsr,0,213,Visual,-0.010843062288116325,-0.07266396565659528,-0.48199821972439455,0.6322515589915323,0.6484631374272126
gsr,0,214,Visual,-0.01884583030968091,-0.2632735386120885,-1.7463590896108847,0.08788954445598214,0.1331659764484578
gsr,0,215,Visual,-0.026266958077165777,-0.41245278121414247,-2.7359022380517137,0.009004591108252523,0.033979589087745364
gsr,0,216,Visual,-0.02864314873234489,-0.3108515599575933,-2.061955979752004,0.04528817856646587,0.0856950270207824
gsr,0,217,Visual,-0.02806407715210587,-0.39414638325912177,-2.6144713314922483,0.012271437772968116,0.03882136029378226
gsr,0,218,Visual,-0.011583686658035193,-0.19728160741464137,-1.3086181396651226,0.19761510686329992,0.24852422159527238
gsr,0,219,Visual,-0.05081528733047465,-0.5835079512288532,-3.8705538728302087,0.00036397152189690074,0.00808825604215335
gsr,0,220,Visual,-0.02943715938881504,-0.36833898568811885,-2.4432844223751555,0.018734799795796463,0.051682206333231624
gsr,0,221,Visual,-0.028658748409389492,-0.2602949038393103,-1.726601061753263,0.09141825292552946,0.13655055197598148
gsr,0,222,Visual,-0.02602142476350876,-0.3833474812199753,-2.5428395190689423,0.014676528064732932,0.041342332576712486
gsr,0,223,Visual,-0.030087528961364327,-0.4220201371147622,-2.7993648975680108,0.007636796372190694,0.03149194380284822
gsr,0,224,Visual,-0.031336040487621036,-0.33229010862560276,-2.204163223715126,0.032914662248686305,0.07083968536925456
gsr,0,225,Visual,-0.00909895448328632,-0.1232091575342191,-0.8172770925535897,0.41827551131411256,0.44497394820650277
gsr,0,226,Visual,-0.02131921495853118,-0.30142587057665776,-1.9994330296180025,0.05190561938215251,0.09480478425963929
gsr,0,227,Visual,-0.04173921726813851,-0.5120253366472254,-3.3963918496285133,0.0014800955978546372,0.016445506642829302
gsr,0,228,Visual,-0.017880735854523,-0.21043965419871036,-1.3958987479785214,0.16991106621034996,0.22356719238203943
gsr,0,229,Visual,-0.03895445366923375,-0.4917766434779564,-3.262077214153517,0.002169700783292578,0.018508095271451246
gsr,0,230,Visual,-0.044421460802182455,-0.4650212146737356,-3.0846017772561822,0.00355584070550656,0.022882188355077094
gsr,0,231,Somatomotor,-0.027475589127871628,-0.4055105457668718,-2.68985265768191,0.010135191485910338,0.03550346203385065
gsr,0,232,Somatomotor,-0.022420268208990814,-0.45487974059043906,-3.017330848545367,0.004272764169835684,0.024438532221840156
gsr,0,233,Somatomotor,-0.008286459894768072,-0.10921464028205276,-0.7244479668584073,0.47271435031504605,0.4985516823359415
gsr,0,234,Somatomotor,-0.018232825357117254,-0.3447457026038345,-2.286784287248735,0.027192621995566223,0.06323865580364238
gsr,0,235,Somatomotor,-0.028613368492200163,-0.41846657741734017,-2.775793249195056,0.008120627679998849,0.033126938502939726
gsr,0,236,Somatomotor,-0.020517813745699356,-0.32844465294690744,-2.178655356446778,0.034885116461451385,0.07305783552136416
gsr,0,237,Somatomotor,-0.018471986605893356,-0.23348442641055991,-1.5487604735903482,0.12876866638842246,0.17972414638802012
gsr,0,238,Somatomotor,-0.025905260477588878,-0.44210636745265613,-2.9326018765349073,0.005369134181823263,0.026182765503562692
gsr,0,239,Somatomotor,-0.010786115025238536,-0.13949003555209719,-0.9252722198392833,0.3599882106904535,0.3912915333591886
gsr,0,240,Somatomotor,-0.008345080440853726,-0.10898898256698888,-0.7229511229145758,0.4736240982191444,0.4985516823359415
gsr,0,241,Somatomotor,-0.015374186208155222,-0.21956402366201225,-1.456422967895219,0.15253935382519893,0.20597370661848985
gsr,0,242,Somatomotor,-0.01823951803429088,-0.21712310824385364,-1.440231766721168,0.15704356942474923,0.2100917316719053
gsr,0,243,Somatomotor,-0.025034650327959682,-0.3460639437741185,-2.2955285099387974,0.02664228856319384,0.06281673270541376
gsr,0,244,Somatomotor,-0.027814486353814307,-0.5026351015898013,-3.33410407687108,0.0017689220093299552,0.017119092997493077
gsr,0,245,Somatomotor,-0.017780782622537263,-0.2054509770808625,-1.3628076075782554,0.18003794288129613,0.23428221823566434
gsr,0,246,Somatomotor,-0.0140079365900102,-0.19046210010280493,-1.2633826456482289,0.21325888637645032,0.26086713929841016
gsr,0,247,Somatomotor,-0.025772268743752935,-0.35103916061679336,-2.328530364974416,0.024653888922616326,0.0605003409143959
gsr,0,248,Somatomotor,-0.02042256799558873,-0.2767378408801065,-1.8356711669847785,0.0733279209145724,0.11827084018479418
gsr,0,249,Somatomotor,-0.037098267749844115,-0.4089685541292813,-2.7127904902019564,0.009556604169487986,0.03432378356067782
gsr,0,250,Somatomotor,-0.019105794235040344,-0.2451728971350264,-1.6262930171225662,0.11119478281995587,0.15999249326612358
gsr,0,251,Somatomotor,-0.032288591225518,-0.33063214113916317,-2.193165511580868,0.03375180339216027,0.07173496857244017
gsr,0,252,Somatomotor,-0.017390066923064804,-0.1996780633691974,-1.3245144301208733,0.1923290718522296,0.2448671972003748
gsr,0,253,Somatomotor,-0.023861377248479098,-0.26023627950385736,-1.7262121919047002,0.0914888698239076,0.13655055197598148
gsr,0,254,Somatomotor,-0.02947388044092265,-0.2854449854254431,-1.89342782988932,0.06504242436925045,0.10977624366118219
gsr,0,255,Somatomotor,-0.017035616896611414,-0.16267110528449927,-1.0790380409221672,0.28658646759515827,0.32566644044904347
gsr,0,256,Somatomotor,-0.009356377115266285,-0.09318494337543126,-0.6181189865736391,0.5397572524723853,0.5637151461852588
gsr,0,257,Somatomotor,-0.015913295832421816,-0.1931247448878714,-1.2810446330523533,0.20704405302518875,0.2548234498771554
gsr,0,258,Somatomotor,-0.020432074418552625,-0.22993248372594705,-1.5251995512669303,0.1345314747063196,0.18620273315753577
gsr,0,259,Somatomotor,-0.01916730974328164,-0.16633561979892247,-1.1033456802884736,0.27601373217296293,0.3172571634171988
gsr,0,260,Somatomotor,-0.04268183310827564,-0.5457786141634735,-3.6202857635607817,0.0007705359595906523,0.010273812794542031
gsr,0,261,Somatomotor,-0.027149191987894127,-0.29226174910105535,-1.9386451246823801,0.05912625203654256,0.1040544406651698
gsr,0,262,Somatomotor,-0.03765898064111521,-0.321928707105201,-2.1354334614243444,0.03846262472569968,0.07700584383449252
gsr,0,263,Somatomotor,-0.02471032519890137,-0.302621181616557,-2.007361826072233,0.05102251040541624,0.09361928514755273
gsr,0,264,Somatomotor,-0.018227319136121706,-0.15877305541349002,-1.053181303249705,0.2981402518320671,0.3378359794131072
gsr,0,265,Somatomotor,-0.022178519179693327,-0.2143561770954891,-1.4218780218414229,0.16227485687248078,0.21564765032887812
gsr,0,266,Somatomotor,-0.03594794778943216,-0.562775457597142,-3.733030068140571,0.0005509890606576142,0.008579208485970272
gsr,0,267,Somatomotor,-0.02504202591136595,-0.3269679828636277,-2.1688602352360147,0.03566905424568375,0.07392550102732384
gsr,0,268,Somatomotor,-0.050290327966227406,-0.5669624438368528,-3.760803392859576,0.0005069727135246152,0.008579208485970272
gsr,0,269,Somatomotor,-0.03360741722118424,-0.3215234414033013,-2.132745232877142,0.03869543652683249,0.07700584383449252
gsr,0,270,Somatomotor,-0.023275369364112345,-0.2648876784126088,-1.757066081765894,0.08602529525990345,0.13083695096563264
gsr,0,271,DorsalAttention,-0.036097404849721966,-0.31065488553775733,-2.0606513892390903,0.04541836432101467,0.0856950270207824
gsr,0,272,DorsalAttention,-0.03717577769520258,-0.43949872624317604,-2.915304741575478,0.005623107179158557,0.02677670085313599
gsr,0,273,DorsalAttention,-0.03021222067332049,-0.5181541317536413,-3.43704567719841,0.001316465885907713,0.015113297043220975
gsr,0,274,DorsalAttention,-0.036999861515172726,-0.41504620132010933,-2.7531050408822253,0.00861300401076433,0.033126938502939726
gsr,0,275,DorsalAttention,-0.04131456263301048,-0.4475184845526661,-2.968501800019304,0.004875854696152746,0.025662393137646032
gsr,0,276,DorsalAttention,-0.0447315633305434,-0.6000937461338521,-3.980571589929548,0.0002601484786928332,0.00808825604215335
gsr,0,277,DorsalAttention,-0.024242771188182684,-0.3523458860690415,-2.337198201032645,0.02415419818840524,0.05963999552692652
gsr,0,278,DorsalAttention,-0.017223717779419858,-0.22795393672042288,-1.5120753551721215,0.1378299823186326,0.19011032043949327
gsr,0,279,DorsalAttention,-0.024406986963501142,-0.3420454954912538,-2.268873139551377,0.02835169292694191,0.06443566574304979
gsr,0,280,DorsalAttention,-0.04240327135620345,-0.5228484033622871,-3.4681839523782028,0.0012029713309349111,0.014581470677998922
gsr,0,281,DorsalAttention,-0.03258932162525489,-0.4334010689221484,-2.8748574587074534,0.006261410975473951,0.026930799894511616
gsr,0,282,DorsalAttention,-0.046089899590687815,-0.48605041450153025,-3.2240937081965857,0.0024143605264176633,0.019314884211341306
gsr,0,283,DorsalAttention,-0.012313085674724982,-0.16479789930931626,-1.0931455964955428,0.28041631691382923,0.32112226710994685
gsr,0,284,DorsalAttention,-0.027527331644574073,-0.21818381860315683,-1.447267723267271,0.15507357871184488,0.20815245464677165
gsr,0,285,DorsalAttention,-0.047624423908687104,-0.5703445032953979,-3.783237437344908,0.0004739136575846005,0.008579208485970272
gsr,0,286,DorsalAttention,-0.03475081010915976,-0.3226996774315149,-2.140547500018107,0.038023127639584174,0.07681439927188723
gsr,0,287,DorsalAttention,-0.04201769600364227,-0.476428248397549,-3.1602674789218237,0.002885266234065912,0.020799350357037075
gsr,0,288,DorsalAttention,-0.044662072139538427,-0.5852659039101356,-3.882214811716234,0.0003513032103738259,0.00808825604215335
gsr,0,289,DorsalAttention,-0.029144496593660543,-0.25648292705267184,-1.701315268331614,0.09610537070183625,0.14185294568536716
gsr,0,290,DorsalAttention,-0.04003860685575989,-0.4985032583348716,-3.3066965293327537,0.0019123351730795056,0.017119092997493077
gsr,0,291,DorsalAttention,-0.021689981332149263,-0.1850476395141419,-1.2274671772187054,0.2263246516153616,0.2747052135739108
gsr,0,292,DorsalAttention,-0.02573949356488897,-0.2703420870659834,-1.7932465356789171,0.07996879272500658,0.1244650470428118
gsr,0,293,DorsalAttention,-0.031745319425772967,-0.46341711708446215,-3.073961397594717,0.003661150136812335,0.022882188355077094
gsr,0,294,VentralAttention,-0.028617185303591978,-0.41673864037523406,-2.7643314115350104,0.0083660172448809,0.033126938502939726
gsr,0,295,VentralAttention,-0.034990968220153455,-0.5602673271462253,-3.716393012878659,0.0005790965728029934,0.008579208485970272
gsr,0,296,VentralAttention,-0.03984032983317573,-0.40087312226068944,-2.659091470153947,0.01096182641642148,0.03644654689387778
gsr,0,297,VentralAttention,-0.018723696861622643,-0.26945200964726257,-1.7873424300143868,0.08093192830392476,0.12547585783554227
gsr,0,298,VentralAttention,-0.025907369319986048,-0.4050927244619863,-2.6870811446864655,0.010207245334732062,0.03550346203385065
gsr,0,299,VentralAttention,-0.04119066812646905,-0.5671053214394266,-3.7617511356569397,0.0005055321851691364,0.008579208485970272
gsr,0,300,VentralAttention,-0.020866258302589633,-0.2684379279084683,-1.7806157727457232,0.08204110780196791,0.12621708892610448
gsr,0,301,VentralAttention,-0.04569915576550934,-0.5987145772188311,-3.9714232183022546,0.0002675511212225125,0.00808825604215335
gsr,0,302,VentralAttention,-0.03045544588995617,-0.45790889684906527,-3.0374239980278066,0.004045533073180773,0.024152436257795656
gsr,0,303,VentralAttention,-0.019717726929014686,-0.32026439250094924,-2.1243936472735205,0.03942664282967858,0.07807256005876946
gsr,0,304,VentralAttention,-0.016613552347388958,-0.19320353910039667,-1.281567294729549,0.206862235208589,0.2548234498771554
gsr,0,305,VentralAttention,-0.021975760012689003,-0.393881733667612,-2.61271584470033,0.01232578189327587,0.03882136029378226
gsr,0,306,VentralAttention,-0.04933317202930101,-0.6311105681143017,-4.186313911326347,0.00013758545540795496,0.006890225075194308
gsr,0,307,VentralAttention,-0.02075538760227107,-0.29464971988306005,-1.954485130870863,0.057166045255630835,0.10208222367076934
gsr,0,308,VentralAttention,-0.011318921763254325,-0.16460155999053655,-1.09184322879157,0.2809819837212035,0.32112226710994685
gsr,0,309,VentralAttention,-0.02377861419402696,-0.3440419341270517,-2.282116015295198,0.027490566586365717,0.06356200366789762
gsr,0,310,VentralAttention,-0.03356479507088846,-0.3898533096769871,-2.5859943029535923,0.013180688151422575,0.03934533776544052
gsr,0,311,VentralAttention,-0.03989442743567044,-0.5884783587841296,-3.9035238266622065,0.0003292469899194996,0.00808825604215335
gsr,0,312,VentralAttention,-0.03730744102571544,-0.4177010840801771,-2.770715540837281,0.008228503459131788,0.033126938502939726
gsr,0,313,VentralAttention,-0.02139786735869526,-0.38342427685992564,-2.5433489237154427,0.014658002209245234,0.041342332576712486
gsr,0,314,VentralAttention,-0.01880992149355714,-0.19744114084710285,-1.3096763647391063,0.19725982713140544,0.24852422159527238
gsr,0,315,VentralAttention,-0.04307303703855357,-0.5618375875459984,-3.726808942017061,0.0005613419354454256,0.008579208485970272
gsr,0,316,VentralAttention,-0.024312798722015586,-0.3034755921857739,-2.0130293446222463,0.05039927087058848,0.09290188178910319
gsr,0,317,VentralAttention,-0.023909884762847874,-0.3112326671370474,-2.0644839587903228,0.04503683670019968,0.0856950270207824
gsr,0,318,VentralAttention,-0.024966105051409018,-0.40053165871663493,-2.656826457243519,0.011025080435398028,0.03644654689387778
gsr,0,319,Limbic,-0.014113895330047765,-0.17243496559520968,-1.143804163234306,0.25903260222803337,0.30296950789850197
gsr,0,320,Limbic,-0.022190449791724215,-0.3971296041662414,-2.6342597803235663,0.011673869431019553,0.03765764332586953
gsr,0,321,Limbic,-0.01759213416182929,-0.25424213258601597,-1.6864515193752099,0.09895233964262715,0.1444559702812075
gsr,0,322,Limbic,-0.024669048841565257,-0.2331579039384416,-1.5465945685390765,0.129290005229391,0.17972414638802012
gsr,0,323,Limbic,-0.01607738455364912,-0.16793323981603678,-1.1139430925971319,0.27149158036861293,0.3129585940848564
gsr,0,324,Limbic,-0.014077147811546693,-0.15680144011784652,-1.040103086916555,0.30410517730680564,0.3436216692732267
gsr,0,325,Limbic,-0.01861525795600927,-0.14403150030999434,-0.9553968890404175,0.34471761386359423,0.37881056468526836
gsr,0,326,Limbic,-0.015707795415745757,-0.17030417594938294,-1.1296701037095427,0.2648777584941856,0.30799739359789025
gsr,0,327,Limbic,-0.0106318294156251,-0.07946630367805864,-0.5271198255531194,0.6008195299472017,0.6210020981366425
gsr,0,328,Limbic,0.003637388703494471,0.026986474215721788,0.17900801877629938,0.8587722096884389,0.8652616722301651
gsr,0,329,Limbic,-0.01675333387144606,-0.18024044391633554,-1.195579849035161,0.23841244605600062,0.28579230979544745
gsr,0,330,Limbic,-0.03058695481135918,-0.23308828212329794,-1.5461327496629667,0.12940138539937449,0.17972414638802012
gsr,0,331,Limbic,-0.015226944834165207,-0.17815050920060926,-1.181716790458357,0.2438123291770354,0.2884792418053335
gsr,0,332,Control,-0.01048301010110441,-0.13451240250880353,-0.8922543375419232,0.37722276724411075,0.40780839702066024
gsr,0,333,Control,-0.014157338546242272,-0.16298209382817097,-1.0811009055490834,0.2856783635824908,0.3255593886979953
gsr,0,334,Control,-0.032537473578916905,-0.2734766867472337,-1.8140391177002666,0.07665334541586835,0.12167197685058469
gsr,0,335,Control,-0.029641239490503558,-0.26197565686944135,-1.7377499160856582,0.08941288585770232,0.1349628465776639
gsr,0,336,Control,-0.006429890287431353,-0.07324212293860859,-0.4858332812728943,0.6295519819588844,0.6473542230939685
gsr,0,337,Control,-0.01767651097125796,-0.20527796666513476,-1.3616599863106706,0.18039730804146153,0.23428221823566434
gsr,0,338,Control,-0.04893950131938349,-0.3617476408328809,-2.3995623868778284,0.020819015747360222,0.054677060951606224
gsr,0,339,Control,-0.05046777296522043,-0.3400918756572658,-2.2559142916067074,0.029217552793310536,0.06602836789448709
gsr,0,340,Control,-0.01045767740179829,-0.1470427928802458,-0.9753715442194353,0.3348314852368891,0.37100441577494636
gsr,0,341,Control,-0.019460524938365333,-0.1970203074220378,-1.3068848715987451,0.19819806672222973,0.24852422159527238
gsr,0,342,Control,-0.02392934861853343,-0.24987435714094886,-1.6574789747355791,0.10470196275546438,0.15174197500791942
gsr,0,343,Control,-0.0423701169372461,-0.5301888259126692,-3.5168748071827647,0.001044039872098811,0.013050498401235138
gsr,0,344,Control,-0.035448128150021074,-0.4916536049529129,-3.2612610689088632,0.002174701194395521,0.018508095271451246
gsr,0,345,Control,-0.061049003294252197,-0.6743847304091973,-4.473362230224574,5.5602971323268495e-05,0.00587261634045154
gsr,0,346,Control,-0.017781170786532272,-0.1753247976872086,-1.162973140746882,0.25125390452027413,0.29559282884738136
gsr,0,347,Control,-0.027598242560556253,-0.3369766055364347,-2.235249927383904,0.03064703799323404,0.06848500110219896
gsr,0,348,Control,-0.02185567171655934,-0.25910515311142296,-1.7187091482363537,0.09286029482933131,0.1380822227945447
gsr,0,349,Control,-0.03811282342974311,-0.5035228570733469,-3.3399927805600806,0.0017394731289535022,0.017119092997493077
gsr,0,350,Control,-0.03433781124874884,-0.39061988177475965,-2.5910791669997257,0.013013939680850822,0.03934533776544052
gsr,0,351,Control,-0.028235455316626544,-0.31088536822486895,-2.0621802384267345,0.045265832501913614,0.0856950270207824
gsr,0,352,Control,-0.028741786536125667,-0.29551518727843074,-1.9602259921083236,0.0564695545566265,0.101290680819061
gsr,0,353,Control,-0.045187035927468366,-0.5691364437814401,-3.7752240770804724,0.00048547605669478535,0.008579208485970272
gsr,0,354,Control,-0.02397964982837106,-0.3362044467954224,-2.230128005738842,0.031010831417780802,0.06891295870617956
gsr,0,355,Control,-0.024097139016032765,-0.37528036846656043,-2.4893283467798066,0.016745794641005483,0.04684138361120415
gsr,0,356,Control,-0.012774089983179806,-0.15392276716403364,-1.021008130752672,0.3129607869121297,0.35164133360913447
gsr,0,357,Control,-0.02368220287312633,-0.3323683440005011,-2.204682178482867,0.03287561813997346,0.07083968536925456
gsr,0,358,Control,-0.021964147365037066,-0.4008636185397504,-2.6590284296010127,0.010963582397731842,0.03644654689387778
gsr,0,359,Control,-0.02785842317086984,-0.43740949334960855,-2.901446338360214,0.005834636126192804,0.026827827978172125
gsr,0,360,Control,-0.03430586140328215,-0.4479240694837587,-2.9711921460934163,0.004840650947328398,0.025662393137646032
gsr,0,361,Control,-0.010152906473332536,-0.14241519484641169,-0.9446755315018072,0.35010269811225014,0.38262589957622967
gsr,0,362,DefaultMode,-0.04487527279185807,-0.6054758220690483,-4.0162722428700395,0.000233115446457191,0.00808825604215335
gsr,0,363,DefaultMode,-0.03428960194621671,-0.415622803062607,-2.756929784148886,0.008528109579581108,0.033126938502939726
gsr,0,364,DefaultMode,-0.033549567877022915,-0.4419185787475573,-2.931356227185547,0.005387059701504574,0.026182765503562692
gsr,0,365,DefaultMode,-0.027807614336379873,-0.3915667712220508,-2.5973601210289505,0.01281063431033724,0.03934533776544052
gsr,0,366,DefaultMode,-0.015782423965917215,-0.21934710028912904,-1.4549840610229952,0.15293547716422873,0.20597370661848985
gsr,0,367,DefaultMode,-0.02431422475455828,-0.20582480278903595,-1.3652872868002561,0.17926333873964406,0.23428221823566434
gsr,0,368,DefaultMode,-0.041141259486085165,-0.3836385551061395,-2.544770284802297,0.014606423386593292,0.041342332576712486
gsr,0,369,DefaultMode,-0.027781570707514445,-0.30539068016914994,-2.025732601185,0.04902627619892069,0.09121167664915478
gsr,0,370,DefaultMode,-0.021425393607137647,-0.3067218169955368,-2.0345623639804984,0.04809118437734019,0.09031208333772806
gsr,0,371,DefaultMode,-0.03384652921125275,-0.24639663575057158,-1.634410380781031,0.10947387714321909,0.15808502114544273
gsr,0,372,DefaultMode,-0.017528760045699483,-0.2229177584314095,-1.478669127648138,0.14651743241353085,0.19866770496749944
gsr,0,373,DefaultMode,-0.028717763889362476,-0.3866930560230294,-2.5650315517285374,0.013888964866501272,0.04084989666618021
gsr,0,374,DefaultMode,-0.018243847972078352,-0.2789361633433095,-1.8502531885420874,0.07115586548932652,0.11608938056363924
gsr,0,375,DefaultMode,-0.027380552756065466,-0.4141836424076107,-2.7473834723375554,0.0087414610061443,0.033300803832930666
gsr,0,376,DefaultMode,-0.02172589253630284,-0.2888127900970923,-1.9157673188154534,0.06205916282387731,0.10699855659289191
gsr,0,377,DefaultMode,-0.01930968286779276,-0.1954800623735084,-1.2966680417763956,0.20166083148378383,0.25129075574303283
gsr,0,378,DefaultMode,-0.03281285480737511,-0.4504535409951617,-2.987970761935852,0.004626414381505349,0.025350215789070405
gsr,0,379,DefaultMode,-0.01495998800500639,-0.12446712272371341,-0.8256214896193514,0.4135761352750429,0.4411478776267124
gsr,0,380,DefaultMode,-0.02555409839959125,-0.22622233579611906,-1.500589214067025,0.14076946496438716,0.19258716670311216
gsr,0,381,DefaultMode,-0.019959625199089562,-0.2513298262200325,-1.6671334643941491,0.10275624365978533,0.14946362714150593
gsr,0,382,DefaultMode,-0.012289260950339737,-0.1792469420893099,-1.188989703457608,0.24096842131200005,0.2868671682285715
gsr,0,383,DefaultMode,-0.022451505823150416,-0.22709171954816718,-1.506356053475774,0.13928746189308724,0.19146042871902025
gsr,0,384,DefaultMode,-0.027681362747799032,-0.23653656041452192,-1.569006040192402,0.12397688547598475,0.17461533165631654
gsr,0,385,DefaultMode,-0.019006334230114826,-0.19985474090915367,-1.325686376338709,0.19194366053439776,0.2448671972003748
gsr,0,386,DefaultMode,-0.019543511008921866,-0.25590551856497423,-1.6974851737226953,0.09683241114944337,0.1418789906951551
gsr,0,387,DefaultMode,-0.025063960324058162,-0.3475717934179687,-2.305530452956641,0.02602502318088801,0.06196434090687622
gsr,0,388,DefaultMode,-0.03144448670165763,-0.43611698543167693,-2.892872810755528,0.005969191725143298,0.026827827978172125
gsr,0,389,DefaultMode,-0.0007593110804208239,-0.005773798871977939,-0.038299048946656145,0.9696265110319757,0.9720566526636347
gsr,0,390,DefaultMode,-0.023300739274110496,-0.2937278849101729,-1.9483703694234742,0.05791601957422301,0.10276695235671729
gsr,0,391,DefaultMode,-0.012573995381188684,-0.1724326406249174,-1.1437887411260892,0.2590389292532192,0.30296950789850197
gsr,0,392,DefaultMode,-0.02518261502690948,-0.34482671095425965,-2.2873216358552266,0.027158512394636694,0.06323865580364238
gsr,0,393,DefaultMode,-0.015132916357760788,-0.2920401725018148,-1.937175351798373,0.05931103117914679,0.1040544406651698
gsr,0,394,DefaultMode,-0.013598760400187943,-0.19283215446936794,-1.279103807781495,0.20772025670309974,0.2548714806173003
gsr,0,395,DefaultMode,-0.022527159605193515,-0.2815584628717534,-1.8676475557896355,0.0686365353995613,0.11487286259340802
gsr,0,396,DefaultMode,-0.016511423613806753,-0.23979978862231194,-1.590651847333489,0.11901408982589176,0.16941507448525517
gsr,0,397,DefaultMode,-0.019236460720442106,-0.31971363903350425,-2.1207403620665164,0.03975029767712395,0.07832570970861863
gsr,0,398,DefaultMode,-0.026390476042987908,-0.40976483876146186,-2.7180724449044944,0.009427761759447623,0.03432378356067782
gsr,0,399,DefaultMode,-0.03687082341638669,-0.49820909491279486,-3.3047452699366033,0.0019229560162496928,0.017119092997493077
gsr,0,400,DefaultMode,-0.045450669131886695,-0.5179189262877445,-3.4354855006403673,0.0013224134912818352,0.015113297043220975
gsr,2,1,Visual,-0.017580062330728327,-0.14655199744042435,-0.9721159755740248,0.33642975171236555,0.5136086402150559
gsr,2,2,Visual,-0.0006403633881738692,-0.008527422155224867,-0.05656451943568933,0.9551541248853356,0.9821636245607563
gsr,2,3,Visual,-0.031182442370695364,-0.46228221926250096,-3.0664333370930428,0.003737421657234037,0.0786825612049271
gsr,2,4,Visual,0.009442412936769421,0.14499011607141418,0.9617556266379184,0.3415497457430122,0.5136086402150559
gsr,2,5,Visual,-0.024021584946279515,-0.3088418495518314,-2.0486250690456336,0.04663393112480292,0.18259670034882522
gsr,2,6,Visual,-0.03816423358929665,-0.46907586881343644,-3.1114973101282817,0.003302225346166856,0.0786825612049271
gsr,2,7,Visual,0.002438161188955618,0.04567356970279998,0.3029641870806635,0.763378047351418,0.8477113811166112
gsr,2,8,Visual,-0.024103883808055736,-0.3369168916221962,-2.2348538300873195,0.030675035564824902,0.1593508341029865
gsr,2,9,Visual,-0.022883147931120597,-0.3682725937765791,-2.442844028255772,0.01875481596639204,0.12298239977961994
gsr,2,10,Visual,-0.01525528375931906,-0.28912472896869845,-1.9178364872047424,0.06178886635488268,0.21124398753806045
gsr,2,11,Visual,-0.02444086069576179,-0.35223418700862025,-2.336457273286939,0.024196553864491183,0.13826602208280678
gsr,2,12,Visual,-0.024817113278826134,-0.2223342480627335,-1.4747985577397782,0.14755143709510674,0.3411593921274144
gsr,2,13,Visual,-3.502009709761202e-05,-0.0005993543206626421,-0.003975666796232677,0.9968462727619378,0.9968462727619378
gsr,2,14,Visual,-0.018828755731339027,-0.1563132902526533,-1.036865067027938,0.305594614321013,0.5009747775754311
gsr,2,15,Visual,-0.018568846427141208,-0.2704213543978099,-1.7937723356745194,0.07988348853553975,0.2477007396450845
gsr,2,16,Visual,-0.012327898282502359,-0.21976920074552725,-1.4577839586984163,0.1521654245627146,0.3458505361149202
gsr,2,17,Visual,-0.004420838172874823,-0.06154387255796021,-0.4082358668404084,0.6851263093249611,0.7989811187463103
gsr,2,18,Visual,-0.01350929889335285,-0.1903694930128294,-1.2627683597074784,0.21347752110678703,0.402762516808063
gsr,2,19,Visual,-0.00507523159480973,-0.04423800344803173,-0.2934417178231394,0.7705961807238668,0.8491417969409001
gsr,2,20,Visual,0.00039011285527202293,0.005255796509795674,0.03486300999490344,0.9723503149975137,0.9907651768183849
gsr,2,21,Visual,-0.02599242984713338,-0.37406207435739813,-2.481247097891023,0.01708038020824635,0.11986231725085159
gsr,2,22,Visual,-0.005681352036341746,-0.059129237824129675,-0.39221899200465726,0.6968337865030538,0.8059536616421844
gsr,2,23,Visual,-0.012146688793686284,-0.11178225540010438,-0.7414795987636499,0.46243332225118006,0.6166307143955624
gsr,2,24,Visual,-0.009471629442046265,-0.06903853646813057,-0.4579498430801143,0.6492943462286336,0.7644118257750552
gsr,2,25,Visual,-0.017687764737845686,-0.48657025906216267,-3.2275419669104357,0.0023911139379314073,0.0786825612049271
gsr,2,26,Visual,-0.03463691405509875,-0.4842071671773181,-3.211866988656109,0.0024985242731205884,0.0786825612049271
gsr,2,27,Visual,-0.00932525994543605,-0.13889411870481128,-0.9213193546618853,0.36202414086640156,0.5319227969999593
gsr,2,28,Visual,-0.012893936097749697,-0.11407756880316737,-0.7567049854321174,0.4533529238977998,0.6147158290139658
gsr,2,29,Visual,-0.014484924221268515,-0.1497772657545341,-0.9935099852662733,0.3260195849120686,0.5114905221285954
gsr,2,30,Visual,-0.026742304543721587,-0.4775878243722894,-3.1679592357700717,0.0028242295057802945,0.0786825612049271
gsr,2,31,Visual,-0.025166562244907046,-0.212937040077476,-1.4124645318117168,0.165010254399911,0.3646635456351624
gsr,2,32,Somatomotor,-0.011621653221220484,-0.14023219759106073,-0.9301951658730575,0.3574630657670115,0.5315435922186045
gsr,2,33,Somatomotor,-0.0015773629016857477,-0.019952790849415494,-0.13235184153589558,0.8953234002488626,0.9424872032266579
gsr,2,34,Somatomotor,-0.005693694235816832,-0.07590332719539866,-0.5034857132934328,0.6171924864298963,0.7476297234006798
gsr,2,35,Somatomotor,0.002999832363387979,0.03211984066451042,0.2130589196203615,0.8322879199985866,0.8973454663057538
gsr,2,36,Somatomotor,-0.009271985987519745,-0.11096890795478791,-0.7360844621630322,0.4656760149114927,0.6167894237238314
gsr,2,37,Somatomotor,-0.005075730201866002,-0.08640197655337349,-0.573125874745249,0.5695447178178872,0.7119308972723589
gsr,2,38,Somatomotor,-0.004519672736897081,-0.04533877942025888,-0.30074343957937166,0.7650595214577416,0.8477113811166112
gsr,2,39,Somatomotor,-0.0003362240012826746,-0.003930394496460989,-0.026071287645677888,0.9793210986460034,0.9917175682491173
gsr,2,40,Somatomotor,-0.00881246673702283,-0.09378938954184443,-0.6221284288535615,0.5371424899848315,0.6857369267640181
gsr,2,41,Somatomotor,-0.006065319107553376,-0.058853942742348876,-0.39039289101886315,0.6981733940530167,0.8059536616421844
gsr,2,42,Somatomotor,-0.01371723248548028,-0.20374139177827796,-1.3514675015866966,0.1836132133888932,0.37472084365080244
gsr,2,43,Somatomotor,0.024276965650492466,0.3822461081495133,2.5355338366110933,0.014944578775169304,0.1149582982705331
gsr,2,44,Somatomotor,0.003990392300672902,0.029225368573345924,0.19385916383526544,0.8471990635561186,0.9109667350065791
gsr,2,45,Somatomotor,0.01629859399834366,0.17167291292162642,1.1387492776567802,0.2611123418906224,0.4588819660231892
gsr,2,46,Somatomotor,-0.014592787958226229,-0.145916017920391,-0.9678973646894231,0.33850835275058855,0.5136086402150559
gsr,2,47,Somatomotor,-0.019794351552270092,-0.18994955831169497,-1.2599828280272523,0.21447104020029353,0.402762516808063
gsr,2,48,Somatomotor,-0.008313118903332473,-0.07292521198864907,-0.4837311318469526,0.6310310958863165,0.7534699652373927
gsr,2,49,Somatomotor,-0.018278271780168196,-0.20181198535017397,-1.3386692672064555,0.18771330726983976,0.37921880256533286
gsr,2,50,Somatomotor,-0.005998938462491337,-0.07383199406993743,-0.48974604370745467,0.6268029802557284,0.7506622518032676
gsr,2,51,Somatomotor,-0.026303657089004916,-0.2639074814294037,-1.7505641905380356,0.08715338875272546,0.264101178038562
gsr,2,52,Somatomotor,-0.03874976774674182,-0.37184893440893035,-2.466566788255795,0.01770375219074101,0.12102621339713095
gsr,2,53,Somatomotor,-0.018332457790701112,-0.1932861530555493,-1.2821152937129257,0.2066717321876747,0.39585645762605226
gsr,2,54,Somatomotor,-0.035930287661787755,-0.38406413172487414,-2.547593240730079,0.0145044737732453,0.1149582982705331
gsr,2,55,Somatomotor,-0.01673053626033405,-0.21009853655717403,-1.3936360295258274,0.1705891471588003,0.3661271190801638
gsr,2,56,Somatomotor,-0.01845894359688747,-0.2202340911808269,-1.460867692983444,0.15132084787432265,0.3458505361149202
gsr,2,57,Somatomotor,-0.026909519465254227,-0.2759786564452752,-1.8306353071507515,0.07409096158957167,0.23709107708662933
gsr,2,58,Somatomotor,-0.004375411344330174,-0.05511230454205061,-0.36557367099556304,0.7164754898002379,0.8184445327981912
gsr,2,59,Somatomotor,-0.005640975245535688,-0.07788521033688757,-0.5166320388107319,0.6080600902891058,0.7438043917909551
gsr,2,60,Somatomotor,-0.01544215098342195,-0.15432387193662922,-1.0236687588173128,0.31171643891817125,0.5068559982409289
gsr,2,61,Somatomotor,-0.017077139168074667,-0.19810157951884524,-1.3140572192815272,0.1957941831675367,0.3879393355742299
gsr,2,62,Somatomotor,-0.02055505965492401,-0.18367940996350823,-1.2183913691256483,0.22971810132227716,0.4215602035040117
gsr,2,63,Somatomotor,-0.025660548107116973,-0.3432940918884425,-2.2771553910795057,0.027810361011941818,0.14637032111548326
gsr,2,64,Somatomotor,-0.03147493079176249,-0.4168121741051638,-2.7648191791182346,0.008355436158816508,0.09829924892725303
gsr,2,65,Somatomotor,-0.010913972616099766,-0.15063421082389622,-0.9991943157883117,0.32329046078988555,0.5111311633041669
gsr,2,66,Somatomotor,-0.014609123521562805,-0.19804954181279516,-1.3137120401896893,0.19590936446498608,0.3879393355742299
gsr,2,67,Somatomotor,-0.01904781440294711,-0.2402498942993658,-1.5936375106270824,0.11834238151728033,0.30099500338029583
gsr,2,68,Somatomotor,-0.021352469960678768,-0.26010507793605636,-1.7253418991600953,0.09164707525495577,0.2735733589700172
gsr,2,69,DorsalAttention,-0.005792654305141673,-0.04973091963054229,-0.32987760178765707,0.7430941610620458,0.8325984997894071
gsr,2,70,DorsalAttention,-0.02456496339235078,-0.2280446323291976,-1.5126769617809988,0.13767738166876506,0.32703323198244516
gsr,2,71,DorsalAttention,-0.00572553863611778,-0.07716050617566311,-0.5118248952371505,0.6113922532247245,0.7456003088106397
gsr,2,72,DorsalAttention,-0.01474773502892081,-0.25845461850707796,-1.7143939898448446,0.09365673821333362,0.27546099474509883
gsr,2,73,DorsalAttention,0.0014999042071800245,0.017863457304832034,0.11849277067732233,0.9062290425938658,0.9439885860352769
gsr,2,74,DorsalAttention,-0.03208269213702793,-0.4924836303746404,-3.266766834689515,0.0021411788531238325,0.0786825612049271
gsr,2,75,DorsalAttention,-0.020955654008427516,-0.20681341095636036,-1.3718449715116472,0.17722720662094027,0.3692233471269589
gsr,2,76,DorsalAttention,-0.021070896903528598,-0.21707403722437396,-1.439906266401779,0.1571351790722347,0.35242981212846086
gsr,2,77,DorsalAttention,-0.015888070897583373,-0.18588700157562013,-1.2330348752610698,0.22426129068192022,0.4152986864480004
gsr,2,78,DorsalAttention,-0.02233192907769907,-0.2044262372051634,-1.3560102522274367,0.1821745066126679,0.37472084365080244
gsr,2,79,DorsalAttention,-0.013497163695423408,-0.15205629517682562,-1.008627356226116,0.3187956375343612,0.5088337247161251
gsr,2,80,DorsalAttention,-0.03509815370133407,-0.36505674830857165,-2.421512522653481,0.019747830117410704,0.12631282839602526
gsr,2,81,DorsalAttention,-0.03344976956978979,-0.48359317846249383,-3.207794248270941,0.0025271707626215493,0.0786825612049271
gsr,2,82,DorsalAttention,-0.029740253798410297,-0.2930441110006363,-1.9438347264247398,0.05847776873385181,0.20518515345211163
gsr,2,83,DorsalAttention,-0.03215360970291597,-0.45465094619502955,-3.015813198217949,0.004290404925027263,0.08304262961441986
gsr,2,84,DorsalAttention,-0.011248607720488914,-0.16175130524588616,-1.072936777701699,0.2892841379555222,0.4886141258919241
gsr,2,85,DorsalAttention,-0.01944029901418883,-0.2922514078236816,-1.938576528408576,0.059134864912183976,0.20568648665107472
gsr,2,86,DorsalAttention,-0.029482785944866054,-0.38930071322241616,-2.582328792753008,0.013302101826581914,0.11252525901343452
gsr,2,87,DorsalAttention,-0.01011286181796166,-0.09255232280540146,-0.6139226564427398,0.5425009416879047,0.6867100527694997
gsr,2,88,DorsalAttention,-0.015546952167315919,-0.14975985047674997,-0.993394465382214,0.3260752078569795,0.5114905221285954
gsr,2,89,DorsalAttention,-0.02119851347827514,-0.3470329850095794,-2.3019564023076096,0.026244109459350233,0.14579478461585554
gsr,2,90,DorsalAttention,-0.014704115741326828,-0.1606392055404192,-1.0655599427967017,0.2925693831937036,0.4886141258919241
gsr,2,91,DorsalAttention,-0.020725627691100038,-0.22678780773124813,-1.504340130543623,0.139804108235899,0.32703323198244516
gsr,2,92,VentralAttention,0.004222637963940184,0.044404534225593435,0.29454635803357604,0.7697577824640172,0.8491417969409001
gsr,2,93,VentralAttention,-0.029917213797728524,-0.4327009360805817,-2.8702133028296895,0.006338873750784234,0.09095008886932451
gsr,2,94,VentralAttention,-0.00900873221958588,-0.13789432394896228,-0.9146874665168534,0.3654566478494178,0.5334108249451464
gsr,2,95,VentralAttention,-0.017734005983260435,-0.2667679805157118,-1.7695385949029123,0.08389545633374948,0.2561693323167923
gsr,2,96,VentralAttention,-0.02418412956051749,-0.3628369897260677,-2.406788309966808,0.02046073041008652,0.12787956506304074
gsr,2,97,VentralAttention,-0.012058205326436476,-0.2554721924623422,-1.6946108135341,0.0973810168167996,0.27823147661942743
gsr,2,98,VentralAttention,-0.020058948958115178,-0.30926939865427444,-2.0514611089501473,0.04634475107969218,0.18259670034882522
gsr,2,99,VentralAttention,-0.011383483969550521,-0.1609160072758757,-1.0673960377923588,0.2917492707104345,0.4886141258919241
gsr,2,100,VentralAttention,-0.00028140100632974665,-0.005331751569872904,-0.03536683886531359,0.9719508999815566,0.9907651768183849
gsr,2,101,VentralAttention,-0.010607386519125545,-0.10777831801007573,-0.71492048275005,0.4785219196562772,0.6288859958625993
gsr,2,102,VentralAttention,-0.013240197354509868,-0.16167486315235627,-1.072429718216843,0.28950912844311677,0.4886141258919241
gsr,2,103,VentralAttention,-0.025359710411702294,-0.30240886409886586,-2.0059534709870315,0.05117841525124158,0.19312609528770408
gsr,2,104,VentralAttention,-0.027788902944716667,-0.40484193915814876,-2.6854176231749376,0.010250719944379642,0.1009345376990938
gsr,2,105,VentralAttention,-0.0017463957040433605,-0.019001570656490746,-0.12604216059001389,0.9002860523530721,0.9439885860352769
gsr,2,106,VentralAttention,-0.024537967562510823,-0.32365460061568285,-2.1468817438290992,0.037484899640309016,0.17462798232517876
gsr,2,107,VentralAttention,-0.027205407279008022,-0.35999745507230696,-2.3879529679153353,0.02140651270435566,0.12973644063245854
gsr,2,108,VentralAttention,-0.03721712829378057,-0.40148653765173303,-2.663160407539389,0.010849032631049896,0.1009345376990938
gsr,2,109,VentralAttention,-0.011097280841116608,-0.13212969152649817,-0.8764492209175913,0.3856560774527863,0.5549008308673185
gsr,2,110,VentralAttention,-0.01696695856254261,-0.19948030846954648,-1.3232026725156802,0.19276116031446786,0.3855223206289357
gsr,2,111,VentralAttention,-0.029140410529137017,-0.3544853594731233,-2.3513898620932125,0.02335566212794142,0.13569051744836816
gsr,2,112,VentralAttention,-0.032685932203662456,-0.4452482121826216,-2.953442516772608,0.005077374465741375,0.0860233703742197
gsr,2,113,VentralAttention,-0.029223098824456714,-0.3706595103228964,-2.458677041435823,0.018047235419201314,0.12102621339713095
gsr,2,114,Limbic,0.0018432938470662513,0.021461115057225612,0.14235693245492806,0.887463022056843,0.9391143090548604
gsr,2,115,Limbic,-0.009943545642628449,-0.10753109883969096,-0.7132806162917517,0.4795255718452319,0.6288859958625993
gsr,2,116,Limbic,-0.02651822418054031,-0.2978744267802,-1.9758754165442314,0.0546079592173638,0.20039618061417905
gsr,2,117,Limbic,0.007460195914166154,0.07102067827957298,0.47109788441977396,0.6399521801235906,0.7593562360672962
gsr,2,118,Limbic,0.009210409723604459,0.07976753145478814,0.5291179445768088,0.5994446530019941,0.7438043917909551
gsr,2,119,Limbic,-0.00493884021711172,-0.05102196785012196,-0.33844144684886124,0.7366775756930586,0.8324040403311397
gsr,2,120,Limbic,-0.0127573799484089,-0.11532718756523899,-0.7649940185616773,0.44845345855852703,0.6101407599435742
gsr,2,121,Limbic,-0.006053329867576401,-0.05476459818288788,-0.36326724793443643,0.7181850775304127,0.8184445327981912
gsr,2,122,Limbic,-0.007582583172117968,-0.10292903945071152,-0.6827540077793977,0.49842434609148156,0.6473043455733527
gsr,2,123,Limbic,-0.000986397046682365,-0.012994396192216444,-0.08619507309360974,0.9317114655150049,0.9655041093419741
gsr,2,124,Limbic,0.00710484448974926,0.06894216165021468,0.4573105648595826,0.6497500519087969,0.7644118257750552
gsr,2,125,Limbic,-0.013534848866731335,-0.1701883452748169,-1.128901769936044,0.2651981794111871,0.4607582265214937
gsr,2,126,Limbic,-0.018022492711363216,-0.19548356406289744,-1.296691269356067,0.20165290754728524,0.39346908789714197
gsr,2,127,Control,-0.025729421591562964,-0.3294634682869614,-2.1854134128740133,0.034353160090118434,0.16964523501293052
gsr,2,128,Control,-0.04209693136769013,-0.3645949349787168,-2.418449199576855,0.01989427047237398,0.12631282839602526
gsr,2,129,Control,-0.01979253447958623,-0.21480742239659636,-1.4248712445457903,0.16141253886138707,0.3586945308030824
gsr,2,130,Control,-0.027597473258176054,-0.3204958866248156,-2.1259292055735943,0.03929129602316522,0.17462798232517876
gsr,2,131,Control,-0.02400542767698045,-0.24969174711854922,-1.6562676768810627,0.10494820613278562,0.2915227948132934
gsr,2,132,Control,-0.021430274631574306,-0.2049679503884616,-1.3596035709734149,0.18104263150043878,0.37472084365080244
gsr,2,133,Control,-0.039876933758602524,-0.3768570351346,-2.499786770294501,0.016321630658945617,0.11986231725085159
gsr,2,134,Control,-0.006532580399475193,-0.052722740120791874,-0.3497230938001672,0.7282536327289424,0.8252165809959687
gsr,2,135,Control,0.017635782408453374,0.17732154771051986,1.1762180820017958,0.2459786201404787,0.4392475359651405
gsr,2,136,Control,-0.006326296808358101,-0.07810788712961145,-0.5181091095527016,0.6070379161038417,0.7438043917909551
gsr,2,137,Control,-0.02684569877337074,-0.3082766128016006,-2.0448757126091635,0.04701865033982249,0.18259670034882522
gsr,2,138,Control,-0.022973251674673588,-0.25573134302929773,-1.696329823923699,0.09705261506222564,0.27823147661942743
gsr,2,139,Control,-0.02497735665138282,-0.2738637293845826,-1.8166064681121792,0.07625213250160882,0.23935278988363176
gsr,2,140,Control,-0.009704031196853573,-0.1290926552974665,-0.8563038016247634,0.3965766648834984,0.5674400253856839
gsr,2,141,Control,-0.019071202101893028,-0.27950367345317495,-1.854017624740401,0.07060408369237975,0.2296067762353813
gsr,2,142,Control,-0.014116797714559358,-0.19736747520988326,-1.3091877221819075,0.19742381975370074,0.38901245271665175
gsr,2,143,Control,-0.016808438291077255,-0.29351666911162994,-1.9469693223163498,0.05808904474485621,0.20518515345211163
gsr,2,144,Control,-0.02887517099764529,-0.33416277489689317,-2.216585086473974,0.03199128684450051,0.16198119921266083
gsr,2,145,Control,-0.032947210534651855,-0.4626820552128995,-3.069085548743376,0.0037103814818865025,0.0786825612049271
gsr,2,146,Control,-0.021448894008299267,-0.2537295525314893,-1.6830514479434404,0.09961328331186951,0.28060079806160426
gsr,2,147,Control,-0.007091939802527405,-0.11171612148970014,-0.7410409160301902,0.46269650011919616,0.6166307143955624
gsr,2,148,Control,-0.007657199969484693,-0.09874877109704328,-0.655025244475169,0.5159404723115204,0.6635890319119234
gsr,2,149,DefaultMode,0.011084575846651982,0.1225249530718155,0.8127385935902306,0.42084510251851337,0.5885945489769419
gsr,2,150,DefaultMode,-0.005891040336638814,-0.07516974943540329,-0.49861970892452473,0.6205884753125215,0.7476969582078572
gsr,2,151,DefaultMode,-0.02576228943900303,-0.23770869816913437,-1.5767811224617208,0.1221753630274126,0.30367546644042304
gsr,2,152,DefaultMode,-0.013215766833886778,-0.18644107692480294,-1.236710195338719,0.2229068826972945,0.414710479436827
gsr,2,153,DefaultMode,-0.00012106975478986588,-0.0011796150290737221,-0.007824680897003425,0.9937930617948136,0.9962837712228707
gsr,2,154,DefaultMode,-0.02296793728188069,-0.3242275633345037,-2.1506823485434796,0.037165188927261304,0.17462798232517876
gsr,2,155,DefaultMode,0.009367310539796066,0.15119841760528183,1.002936840184372,0.32150206308774937,0.5103207350599196
gsr,2,156,DefaultMode,-0.011408882806836301,-0.16323512101138052,-1.0827792980060165,0.2849409968852259,0.48707862715423234
gsr,2,157,DefaultMode,-0.00792189531708462,-0.07897330680109702,-0.5238496542257222,0.6030728641728176,0.7438043917909551
gsr,2,158,DefaultMode,-0.012848298830026162,-0.16986724648419638,-1.126771841517794,0.2660878758161626,0.4607582265214937
gsr,2,159,DefaultMode,-0.012807110914312398,-0.22630717669074235,-1.5011519848957113,0.14062428975245142,0.32703323198244516
gsr,2,160,DefaultMode,-0.015275829033729522,-0.24880988017899383,-1.650418033374015,0.10614407957400424,0.29161349875358344
gsr,2,161,DefaultMode,0.003530676740196503,0.03288136530939853,0.21811030265176642,0.8283749749088011,0.896833410673956
gsr,2,162,DefaultMode,-0.017849587665515906,-0.2371778812022106,-1.573260081038439,0.12298856390837135,0.30367546644042304
gsr,2,163,DefaultMode,-0.01505946408013963,-0.20700466871963313,-1.3731136319896844,0.17683535957087237,0.3692233471269589
gsr,2,164,DefaultMode,-0.015868895019247733,-0.13921850386667642,-0.9234710824008163,0.3609149650955288,0.5319227969999593
gsr,2,165,DefaultMode,-0.013026195651039192,-0.12891868760731,-0.8551498305169756,0.3972080177699787,0.5674400253856839
gsr,2,166,DefaultMode,-0.0065488862876377256,-0.08652412534189127,-0.573936118145469,0.5690011923460598,0.7119308972723589
gsr,2,167,DefaultMode,0.006393750497940268,0.0706582491162008,0.46869380132379823,0.6416560194768652,0.7593562360672962
gsr,2,168,DefaultMode,-0.005366502976207438,-0.04990830151364192,-0.33105422008935353,0.7422114551956104,0.8325984997894071
gsr,2,169,DefaultMode,-0.017167751615168522,-0.15841750404132657,-1.0508228422593808,0.2992099168669291,0.49252661212663224
gsr,2,170,DefaultMode,0.016776620960960862,0.24127480832361872,1.6004360211487223,0.1168243472354127,0.30099500338029583
gsr,2,171,DefaultMode,0.012716386627658562,0.1129309828856525,0.7490993948755131,0.4578758111767335,0.6166307143955624
gsr,2,172,DefaultMode,-0.008873047222879236,-0.09314855635646957,-0.6178776223953681,0.5399148686597535,0.6857369267640181
gsr,2,173,DefaultMode,-0.004512178716252772,-0.06030995419061325,-0.4000509783475729,0.6910994663376314,0.8036040306251528
gsr,2,174,DefaultMode,-0.01300054142874723,-0.16043734256683206,-1.0642209353117935,0.29316847553515446,0.4886141258919241
gsr,2,175,DefaultMode,-0.0017779546653288155,-0.027387226278554617,-0.18166630722905416,0.856698280866995,0.9162548458470534
gsr,2,176,DefaultMode,-0.016397295591370098,-0.10957701756335181,-0.7268517058076432,0.47125549804723554,0.6221194693692879
gsr,2,177,DefaultMode,-0.023955784816168647,-0.31222793114796815,-2.07108579337346,0.04438618873817125,0.18259670034882522
gsr,2,178,DefaultMode,-0.006906010145218189,-0.07834073828227299,-0.5196536693634617,0.6059698881234985,0.7438043917909551
gsr,2,179,DefaultMode,-0.031059784973269142,-0.3130625053593389,-2.0766217324111063,0.04384693449966057,0.18259670034882522
gsr,2,180,DefaultMode,-0.0297668835197049,-0.3963703737981652,-2.629223615802862,0.011823362865368158,0.10748511695789234
gsr,2,181,DefaultMode,-0.018882795279747552,-0.316562198705836,-2.099836071834375,0.04164751274788341,0.1810761423821018
gsr,2,182,DefaultMode,-0.01455070501422414,-0.15561127012173004,-1.0322083922888408,0.307745376844157,0.502441431582297
gsr,2,183,DefaultMode,-0.024357438542959173,-0.26841875014882566,-1.7804885618796147,0.08206220635001987,0.2524990964615996
gsr,2,184,DefaultMode,-0.005002768055260431,-0.05359956917493097,-0.3555393197558903,0.7239238512536998,0.8226407400610225
gsr,2,185,DefaultMode,-0.02509836612732644,-0.4058483427688116,-2.6920933495033914,0.0100772808908102,0.1009345376990938
gsr,2,186,DefaultMode,-0.0008574275036700011,-0.010170238015006442,-0.0674617270487705,0.9465268446101172,0.9783223200104569
gsr,2,187,DefaultMode,0.010395874154536267,0.1385983744757694,0.9193576093785956,0.3630373089524722,0.5319227969999593
gsr,2,188,DefaultMode,-0.01985627638907191,-0.3225881980804448,-2.139808029659363,0.038086402624654216,0.17462798232517876
gsr,2,189,DefaultMode,-0.01921761521743992,-0.20301126697559532,-1.3466244015454363,0.1851566201187156,0.3759525281598286
gsr,2,190,DefaultMode,-0.011666498072826971,-0.17610704529638893,-1.1681619843724897,0.24917759976280382,0.4429823995783179
gsr,2,191,DefaultMode,-0.02455342259155296,-0.3488864589030939,-2.314250957234623,0.02549731658920498,0.14364685402369004
gsr,2,192,DefaultMode,-0.02242442098155795,-0.3451290542850545,-2.2893271546274527,0.02703154413866454,0.14611645480359212
gsr,2,193,DefaultMode,-0.013559113198207911,-0.20863508048083937,-1.3839285601210918,0.17352207100668834,0.3661271190801638
gsr,2,194,DefaultMode,-0.015473252200165483,-0.24619087266710343,-1.6330455028938897,0.10976170189278758,0.2934340041409462
gsr,2,195,DefaultMode,-0.015531370629317498,-0.2750684909527219,-1.8245979522788949,0.0750145941035644,0.23814156858274413
gsr,2,196,DefaultMode,-0.008161933277339299,-0.14516562039052627,-0.9629197905890813,0.3409718644791838,0.5136086402150559
gsr,2,197,DefaultMode,-0.011509439493700842,-0.21676539356301822,-1.437858955964502,0.15771234092748623,0.35242981212846086
gsr,2,198,DefaultMode,-0.013144586560070377,-0.24652660497359116,-1.6352724990751306,0.10929239254993395,0.2934340041409462
gsr,2,199,DefaultMode,-0.0144259445556222,-0.24582063785180674,-1.6305896429605586,0.11028115133592455,0.2934340041409462
gsr,2,200,DefaultMode,-0.03078561242890162,-0.49533378530387023,-3.2856726236787903,0.00202976323156543,0.0786825612049271
gsr,2,201,Visual,-0.016897750858156108,-0.13959760348864186,-0.9259857448092664,0.35962150282472316,0.5319227969999593
gsr,2,202,Visual,-0.0029311721005368285,-0.038646987576194516,-0.25635511413552775,0.7988991826864066,0.8731138608594607
gsr,2,203,Visual,-0.027202118749726552,-0.3226920537902226,-2.1404969305027004,0.03802745182152255,0.17462798232517876
gsr,2,204,Visual,-0.04518980327260466,-0.5624193491218971,-3.7306679117464645,0.0005548981817295048,0.07398642423060064
gsr,2,205,Visual,-0.004760783816033895,-0.046703300072250965,-0.3097946456220694,0.7582135286323242,0.8448061600360158
gsr,2,206,Visual,-0.021662342662697894,-0.28760599793925273,-1.9077623652404596,0.06311441079742726,0.21394715524551614
gsr,2,207,Visual,-0.007225214621227088,-0.1258761988246195,-0.8349682430748766,0.4083508475836771,0.579221060402379
gsr,2,208,Visual,-0.03064172260393995,-0.4537601898516665,-3.009904589076821,0.004359738054757042,0.08304262961441986
gsr,2,209,Visual,-0.04074588667579703,-0.46732547748667785,-3.0998865275939806,0.0034095458309169957,0.0786825612049271
gsr,2,210,Visual,-0.020519392001067362,-0.2272785836210718,-1.5075955695090193,0.13897055138423803,0.32703323198244516
gsr,2,211,Visual,-0.01996863044504303,-0.2450327766051059,-1.6253635626762222,0.11139323276825948,0.2934340041409462
gsr,2,212,Visual,-0.015741680548518117,-0.21929055782257023,-1.4546090007304011,0.1530388622308522,0.3458505361149202
gsr,2,213,Visual,-0.005269385760388626,-0.032648527213682214,-0.21656582945098268,0.8295709048734093,0.896833410673956
gsr,2,214,Visual,-0.0043048626581744295,-0.057696609804719065,-0.3827160127955873,0.7038156780915753,0.8089835380362934
gsr,2,215,Visual,-0.02190284135363171,-0.39411349139754587,-2.6142531515652396,0.01227817993313947,0.1078700817530806
gsr,2,216,Visual,-0.01889152587778859,-0.2115593334351651,-1.4033258598042648,0.1677000379530558,0.3661271190801638
gsr,2,217,Visual,-0.0142156112758768,-0.21067592110381284,-1.3974659653277275,0.16944263705010892,0.3661271190801638
gsr,2,218,Visual,-0.00461781739326938,-0.058650333100999555,-0.389042297450754,0.699164801474595,0.8059536616421844
gsr,2,219,Visual,-0.03454757240020518,-0.4093100600108105,-2.7150557839474203,0.009501149255860533,0.1009345376990938
gsr,2,220,Visual,-0.01822295574504162,-0.24479303213745512,-1.6237732777866998,0.11173344906955374,0.2934340041409462
gsr,2,221,Visual,-0.01834936796446058,-0.14633692406715615,-0.9706893402109718,0.33713173274587693,0.5136086402150559
gsr,2,222,Visual,-0.011658904083938297,-0.15189822184833837,-1.0075788163862065,0.3192931622593685,0.5088337247161251
gsr,2,223,Visual,-0.014524227784494075,-0.16827492689981477,-1.1162095883023369,0.2705312726304009,0.4644313693225766
gsr,2,224,Visual,-0.025840789345118853,-0.3097614727568889,-2.054725159284993,0.046013863743937164,0.18259670034882522
gsr,2,225,Visual,-0.0123873647944455,-0.1829680120272128,-1.2136724890629977,0.23149723010457257,0.4215602035040117
gsr,2,226,Visual,-0.005558122262419787,-0.07650659599076366,-0.5074873457773434,0.6144060749383571,0.7469982674022578
gsr,2,227,Visual,-0.027588811313465248,-0.3227815247050608,-2.1410904134110367,0.03797673056119033,0.17462798232517876
gsr,2,228,Visual,-0.013192882697144333,-0.1749206485486242,-1.1602923186428227,0.2523315128648769,0.4466044475484547
gsr,2,229,Visual,-0.028394692194049442,-0.3432951140103566,-2.277162171069264,0.027809921672958753,0.14637032111548326
gsr,2,230,Visual,-0.04054354594486292,-0.40925869265461823,-2.7147150514534966,0.00950947144610525,0.1009345376990938
gsr,2,231,Somatomotor,-0.0072959187860970635,-0.10002727100028518,-0.6635058534222871,0.5105484378750417,0.6587721779032796
gsr,2,232,Somatomotor,-0.0015401804901231284,-0.025911914164071008,-0.1718801937642382,0.8643380983911301,0.9219606382838721
gsr,2,233,Somatomotor,0.0021675810641011177,0.02327103501631661,0.15436258326468852,0.8780460999528487,0.9316138991542161
gsr,2,234,Somatomotor,-0.008199424462188657,-0.10081830610241876,-0.6687529866818424,0.5072276036910823,0.6566053122214658
gsr,2,235,Somatomotor,-0.019300729420712804,-0.2960195346621847,-1.963571454180143,0.05606705878322704,0.20388021375718923
gsr,2,236,Somatomotor,-0.0017929629616539474,-0.01794997313453257,-0.11906665176840828,0.9057770796288995,0.9439885860352769
gsr,2,237,Somatomotor,-0.009425306042999853,-0.11777121962608973,-0.7812058932045592,0.43896145954125976,0.6033834495412504
gsr,2,238,Somatomotor,-0.024410884214620312,-0.3831281783474932,-2.5413848283820015,0.01472954941552533,0.1149582982705331
gsr,2,239,Somatomotor,-0.004854963511247678,-0.04979208858980609,-0.3302833507610462,0.74278972626512,0.8325984997894071
gsr,2,240,Somatomotor,-0.005868968605696621,-0.06839845723124732,-0.45370403775043683,0.652323480992733,0.7651888340090709
gsr,2,241,Somatomotor,-0.008799173913110643,-0.11138521947724712,-0.73884596039483,0.46401461258266063,0.6166307143955624
gsr,2,242,Somatomotor,-0.00031774812298872426,-0.002811153348723506,-0.018647081771733954,0.985208901019351,0.9926538045535022
gsr,2,243,Somatomotor,-0.02141272511205058,-0.2561765825532452,-1.699283208809239,0.09649053745281035,0.27823147661942743
gsr,2,244,Somatomotor,-0.023163226227290324,-0.2942500639365026,-1.9518341132309314,0.057490159309807866,0.20518515345211163
gsr,2,245,Somatomotor,-0.009766316405220531,-0.08673842198149385,-0.5753576012402606,0.5680482567133467,0.7119308972723589
gsr,2,246,Somatomotor,0.004631893876024115,0.04699345586084227,0.3117193213850835,0.7567602819637422,0.8448061600360158
gsr,2,247,Somatomotor,-0.022645069971570713,-0.244438223933213,-1.6214197464146778,0.11223850658391193,0.2934340041409462
gsr,2,248,Somatomotor,-0.012021850219695068,-0.16082262024265592,-1.0667765782934095,0.29202578032172993,0.4886141258919241
gsr,2,249,Somatomotor,-0.03785106778673768,-0.3702942147915331,-2.4562539450055723,0.01815393200956964,0.12102621339713095
gsr,2,250,Somatomotor,-0.020025997198554583,-0.2326757290971029,-1.5433961824749374,0.1300629664770247,0.3191729238699993
gsr,2,251,Somatomotor,-0.03738384649186635,-0.40259457843525054,-2.670510318602067,0.010647990115135876,0.1009345376990938
gsr,2,252,Somatomotor,-0.010683627866144945,-0.11229723464545535,-0.7448955846269489,0.46038693825800614,0.6166307143955624
gsr,2,253,Somatomotor,-0.024885698829246673,-0.27716931517940535,-1.8385332436996906,0.0728972276516207,0.23515234726329257
gsr,2,254,Somatomotor,-0.02354349499430116,-0.228940799596195,-1.5186214629290553,0.13617676661358968,0.3265635533620396
gsr,2,255,Somatomotor,-0.00724308302184451,-0.08145840786577452,-0.5403339498210181,0.591754606439282,0.7373889176813483
gsr,2,256,Somatomotor,-0.0034867165161613367,-0.0359175965008721,-0.23825038192954953,0.8128186346736178,0.8859058688540794
gsr,2,257,Somatomotor,-0.014313713539917087,-0.15927019030156062,-1.0564789230375564,0.2966490751350492,0.49236361018265423
gsr,2,258,Somatomotor,-0.008186973918509033,-0.11936066820997103,-0.791749102357151,0.4328530631249218,0.5970387077585129
gsr,2,259,Somatomotor,-0.011050845364744067,-0.12286461320531189,-0.8149916440283296,0.419568281275007,0.5885945489769419
gsr,2,260,Somatomotor,-0.02823374125382119,-0.35560485905054123,-2.358815782195726,0.02294734340566744,0.13569051744836816
gsr,2,261,Somatomotor,-0.020864094954444065,-0.3096216712121508,-2.0537978207469765,0.04610766098101593,0.18259670034882522
gsr,2,262,Somatomotor,-0.020516678417609766,-0.1936403108590468,-1.2844645108144808,0.20585655860172358,0.39585645762605226
gsr,2,263,Somatomotor,-0.01935612690687994,-0.19691541978580782,-1.306189125729701,0.1984324367374635,0.3890832092891441
gsr,2,264,Somatomotor,-0.007137618377170877,-0.07113683704312025,-0.4718683944893698,0.6394065136811493,0.7593562360672962
gsr,2,265,Somatomotor,-0.02150909296828923,-0.24641195342598599,-1.6345119867450504,0.10945247525215898,0.2934340041409462
gsr,2,266,Somatomotor,-0.025282594528087125,-0.3093600125379682,-2.0520621734561657,0.04628366392136961,0.18259670034882522
gsr,2,267,Somatomotor,-0.021633522740936443,-0.25611114279359265,-1.6988491305509623,0.0965729803049816,0.27823147661942743
gsr,2,268,Somatomotor,-0.02757275523506145,-0.32562003827916736,-2.1599189823863223,0.0363981906498493,0.17462798232517876
gsr,2,269,Somatomotor,-0.015472461314840548,-0.1795842439299691,-1.1912271107507337,0.24009841652415498,0.43066980542449323
gsr,2,270,Somatomotor,-0.01281419446681178,-0.1828242016548328,-1.2127185589707061,0.23185811192720646,0.4215602035040117
gsr,2,271,DorsalAttention,-0.02184472767778673,-0.18758453796760022,-1.2442950578214131,0.22013092802554535,0.41145967855242116
gsr,2,272,DorsalAttention,-0.030972224242504266,-0.3610974317630053,-2.3952493878377017,0.021035556487364535,0.12944957838378174
gsr,2,273,DorsalAttention,-0.036335839963960365,-0.6909406541754871,-4.5831818046055925,3.913341487168096e-05,0.015653365948672383
gsr,2,274,DorsalAttention,-0.017728096680225458,-0.18323300532597042,-1.2154302557508732,0.2308333302944781,0.4215602035040117
gsr,2,275,DorsalAttention,-0.037460445390890086,-0.44332240628598535,-2.9406681656162146,0.005254398677031773,0.0860233703742197
gsr,2,276,DorsalAttention,-0.03724106323656133,-0.43045108342092275,-2.8552894686183445,0.006593881443026027,0.09095008886932451
gsr,2,277,DorsalAttention,-0.022616094850008026,-0.3006650399011591,-1.9943862498587597,0.052474597259990576,0.1943503602221873
gsr,2,278,DorsalAttention,-0.012210701299461,-0.13267165382117993,-0.88004419208155,0.38372746421675674,0.5541190819014538
gsr,2,279,DorsalAttention,-0.018551460327690002,-0.23720897841171554,-1.5734663565903493,0.12294080323930258,0.30367546644042304
gsr,2,280,DorsalAttention,-0.03175798548207053,-0.4119725810292286,-2.732716950376477,0.009078878901356429,0.1009345376990938
gsr,2,281,DorsalAttention,-0.024929101727739322,-0.2945262823243829,-1.9536663387365232,0.0572659826683527,0.20518515345211163
gsr,2,282,DorsalAttention,-0.03133533611178561,-0.3296319482740321,-2.186530982677608,0.03426588587640808,0.16964523501293052
gsr,2,283,DorsalAttention,-0.008625216098448091,-0.1029365182262978,-0.6828036163644197,0.49839330448176444,0.6473043455733527
gsr,2,284,DorsalAttention,-0.022115168961548304,-0.19278705190895792,-1.2788046312415666,0.20782464025367745,0.39585645762605226
gsr,2,285,DorsalAttention,-0.03262500690940787,-0.38839626950727413,-2.5763293918587644,0.013503031081612141,0.11252525901343452
gsr,2,286,DorsalAttention,-0.029116765344045878,-0.28251763113454553,-1.8740099582666323,0.06773417676890903,0.2220792680947837
gsr,2,287,DorsalAttention,-0.0369191574242031,-0.4669699562219117,-3.0975282663135357,0.003431741410956278,0.0786825612049271
gsr,2,288,DorsalAttention,-0.02423931455749045,-0.3057840913427433,-2.028342195687285,0.04874828345926855,0.18570774651149924
gsr,2,289,DorsalAttention,-0.015604932305838665,-0.14515254075059644,-0.9628330300730011,0.34101490931058753,0.5136086402150559
gsr,2,290,DorsalAttention,-0.03287955522406503,-0.4180239901188042,-2.772857457182613,0.008182837665386007,0.09829924892725303
gsr,2,291,DorsalAttention,-0.012974986726807407,-0.1259329709381047,-0.8353448266728482,0.40814117545414363,0.579221060402379
gsr,2,292,DorsalAttention,-0.024190229908297643,-0.28320845527563104,-1.8785923672108331,0.06709054331179738,0.2217869200389996
gsr,2,293,DorsalAttention,-0.023834516236962443,-0.2544266198130147,-1.6876752691963461,0.09871534200572796,0.28004352342050487
gsr,2,294,VentralAttention,-0.030190740557345438,-0.48940948236361265,-3.246375243684323,0.0022678449646226285,0.0786825612049271
gsr,2,295,VentralAttention,-0.038910094328292,-0.5831171927212622,-3.8679618741235693,0.00036684689305211017,0.07336937861042203
gsr,2,296,VentralAttention,-0.039427684913838565,-0.4309706241331818,-2.858735711830101,0.006534160609573273,0.09095008886932451
gsr,2,297,VentralAttention,-0.019172715403646498,-0.21947549062604102,-1.4558357061714837,0.15270092610021666,0.3458505361149202
gsr,2,298,VentralAttention,-0.01447175387134572,-0.1807574243524664,-1.1990091092963617,0.23709027591318238,0.4271896863300583
gsr,2,299,VentralAttention,-0.035028225269102126,-0.3934975735192507,-2.6101676145572856,0.01240505940160427,0.1078700817530806
gsr,2,300,VentralAttention,-0.01757965526502141,-0.21085282001967445,-1.3986393799871955,0.16909256921928362,0.3661271190801638
gsr,2,301,VentralAttention,-0.03674477152796151,-0.3853271044125766,-2.5559708537812313,0.014205732096338691,0.1149582982705331
gsr,2,302,VentralAttention,-0.02114079363491075,-0.33535692710796927,-2.2245061961274,0.03141454192856475,0.16110021501828076
gsr,2,303,VentralAttention,-0.018037969347603725,-0.24023114479042182,-1.593513140454741,0.1183703005015857,0.30099500338029583
gsr,2,304,VentralAttention,-0.0030519392314530772,-0.027731990869777,-0.18395321680922402,0.8549149110696148,0.9162548458470534
gsr,2,305,VentralAttention,-0.019631020543186592,-0.3117102058087339,-2.067651591984061,0.04472361690286691,0.18259670034882522
gsr,2,306,VentralAttention,-0.03851139818092698,-0.43598490275054297,-2.891996673366278,0.005983103865333074,0.09095008886932451
gsr,2,307,VentralAttention,-0.018442143157627395,-0.23161297627864874,-1.5363466777875272,0.13177974580907165,0.32141401416846743
gsr,2,308,VentralAttention,-0.007106246663118889,-0.07558532492142012,-0.5013763248428996,0.6186635961140625,0.7476297234006798
gsr,2,309,VentralAttention,-0.012926507327354859,-0.12172457238817001,-0.8074294687560302,0.42386314775278544,0.5907500317111992
gsr,2,310,VentralAttention,-0.03283699562279196,-0.3742033184257892,-2.482184005048456,0.017041280980422128,0.11986231725085159
gsr,2,311,VentralAttention,-0.03958272535893262,-0.5079190105799818,-3.3691535639647077,0.0016003894876512998,0.0786825612049271
gsr,2,312,VentralAttention,-0.035925341033632346,-0.44952187361763885,-2.981790779694537,0.004704268137921868,0.08553214796221578
gsr,2,313,VentralAttention,-0.01941873978905489,-0.22884276550265997,-1.5179711783192191,0.13634028352865155,0.3265635533620396
gsr,2,314,VentralAttention,-0.012834740068316253,-0.12267539343232768,-0.8137365020485199,0.42027928894346545,0.5885945489769419
gsr,2,315,VentralAttention,-0.032879947050848596,-0.41961514427342145,-2.783411979811573,0.00796122341619554,0.09829924892725303
gsr,2,316,VentralAttention,-0.013555843796333683,-0.14577113150250495,-0.9669362969187298,0.33898308286042056,0.5136086402150559
gsr,2,317,VentralAttention,-0.019733687282724052,-0.23095511462249405,-1.5319829172326733,0.13285153876271902,0.32206433639447035
gsr,2,318,VentralAttention,-0.018067098200620958,-0.2392873559946997,-1.5872527538212375,0.11978257265051054,0.30133980541008937
gsr,2,319,Limbic,0.0023461759623839107,0.019945227464163048,0.13230167171384105,0.895362843065325,0.9424872032266579
gsr,2,320,Limbic,-0.007987350463671161,-0.12338886130394469,-0.8184691125087741,0.41760220650124147,0.5885945489769419
gsr,2,321,Limbic,0.0009717789480399863,0.014118907636090644,0.09365423815719279,0.9258188527585625,0.9618897171517532
gsr,2,322,Limbic,-0.027965284431419043,-0.28663358141214296,-1.9013120837197313,0.06397584821012596,0.21488770725750894
gsr,2,323,Limbic,0.003339401911599848,0.024971312353890912,0.16564094720124528,0.8692158610120153,0.9246977244808674
gsr,2,324,Limbic,-0.002969076377240312,-0.032743920327022044,-0.2171985957800468,0.8290808861208196,0.896833410673956
gsr,2,325,Limbic,-0.0021955657630948074,-0.018152616536479302,-0.12041083602940525,0.9047185844053656,0.9439885860352769
gsr,2,326,Limbic,0.0009277098582995187,0.009267984818595582,0.0614768564119832,0.9512643089851873,0.9806848546239045
gsr,2,327,Limbic,0.005772975719888276,0.04006048698802481,0.26573120851638593,0.7917161727236616,0.8687899201566628
gsr,2,328,Limbic,0.015928837702751067,0.1133142857120377,0.7516419381879177,0.45636090345132285,0.6166307143955624
gsr,2,329,Limbic,-0.000458248497675577,-0.0045801223126256,-0.030381094409827936,0.9759036991661092,0.9907651768183849
gsr,2,330,Limbic,-0.014027631968207908,-0.09329929795687977,-0.6188775290530847,0.5392620625999285,0.6857369267640181
gsr,2,331,Limbic,-0.014251892687902728,-0.15210225361488813,-1.0089322100161242,0.3186510852107698,0.5088337247161251
gsr,2,332,Control,-0.013025438719776837,-0.1480136683372864,-0.9818116034377723,0.3316847892077346,0.5136086402150559
gsr,2,333,Control,-0.020574425158774452,-0.19087753675621658,-1.2661383406552835,0.21228014648985158,0.40242681799024
gsr,2,334,Control,-0.023571182471501986,-0.20000214101666208,-1.326664118040036,0.1916225662470717,0.3851709874312999
gsr,2,335,Control,-0.029355206562354626,-0.25900203967918517,-1.718025171105197,0.09298615907494877,0.27546099474509883
gsr,2,336,Control,-0.009182924577879907,-0.10294751156974433,-0.6828765379552268,0.498347677143111,0.6473043455733527
gsr,2,337,Control,-0.01305458330711316,-0.14338678955707715,-0.9511203617089498,0.34685902176606276,0.5177000324866609
gsr,2,338,Control,-0.02433674342854306,-0.17129107791357434,-1.1362164707497178,0.26215890220650745,0.4588819660231892
gsr,2,339,Control,-0.04792585435560815,-0.3461479733085283,-2.296085898812689,0.026607548192393637,0.14579478461585554
gsr,2,340,Control,-0.011483770674178701,-0.1436499442584356,-0.9528659325213977,0.34598389636321003,0.5177000324866609
gsr,2,341,Control,0.00014376736352262785,0.001489755359740051,0.00988191911535736,0.9921612036235079,0.9962837712228707
gsr,2,342,Control,-0.020200223520064054,-0.2084427616382983,-1.3826528612394433,0.1739103815630778,0.3661271190801638
gsr,2,343,Control,-0.019466449751289104,-0.2123104404278383,-1.4083081399484836,0.16622940792302562,0.3653393580725838
gsr,2,344,Control,-0.02096758880543782,-0.2735348947284873,-1.814425225767511,0.07659289276276217,0.23935278988363176
gsr,2,345,Control,-0.04638936657578223,-0.4278078876714265,-2.837756491521263,0.006905658261872533,0.09207544349163377
gsr,2,346,Control,-0.013151625210544566,-0.11659730195441712,-0.7734190043011482,0.4435056717821769,0.6075420161399684
gsr,2,347,Control,-0.016235674004189668,-0.1929658316911195,-1.2799905221566295,0.20741111075299698,0.39585645762605226
gsr,2,348,Control,-0.025478334016463298,-0.3213186757429125,-2.131386971146224,0.03881353827559995,0.17462798232517876
gsr,2,349,Control,-0.027349997999760445,-0.30148118276651764,-1.9997999291781974,0.0518644639183021,0.19388584642355924
gsr,2,350,Control,-0.026243613323005354,-0.3155212594030009,-2.0929312616403,0.04229137873059209,0.18189840314233158
gsr,2,351,Control,-0.031581150628020284,-0.3172232588821679,-2.104221048971853,0.04124309237010446,0.1810761423821018
gsr,2,352,Control,-0.029669721195751373,-0.26282799170969656,-1.7434036658074064,0.08841002875455198,0.26589482332196085
gsr,2,353,Control,-0.03291828982064742,-0.37779551267916744,-2.5060119260735094,0.016073817787213573,0.11986231725085159
gsr,2,354,Control,-0.01580471460174315,-0.20411219112926499,-1.3539271062261595,0.18283316913111372,0.37472084365080244
gsr,2,355,Control,-0.012966769629917637,-0.2485937064836788,-1.648984099300206,0.10643892704505796,0.29161349875358344
gsr,2,356,Control,-0.010992176753215397,-0.14515211796628597,-0.962830225639151,0.34101630074532807,0.5136086402150559
gsr,2,357,Control,-0.015311224341036255,-0.23988075961654687,-1.5911889481470476,0.11889302633521687,0.30099500338029583
gsr,2,358,Control,-0.011716508446863705,-0.1933683163354119,-1.2826603032546242,0.20648239919208325,0.39585645762605226
gsr,2,359,Control,-0.018594231430025907,-0.29081379789773093,-1.929040502970039,0.060342734214805946,0.20807839384415844
gsr,2,360,Control,-0.02882549630477602,-0.3211925470187666,-2.1305503278396674,0.03888644260887087,0.17462798232517876
gsr,2,361,Control,0.0041110602684445085,0.039852730650187386,0.2643531088755359,0.7927708021429548,0.8687899201566628
gsr,2,362,DefaultMode,-0.037783053690941634,-0.5349608947418669,-3.5485291307431632,0.0009517211625283414,0.0786825612049271
gsr,2,363,DefaultMode,-0.028860186012215173,-0.35434689902226807,-2.3504714193656318,0.023406614259843504,0.13569051744836816
gsr,2,364,DefaultMode,-0.029806788428793373,-0.44202954431031033,-2.9320922894581534,0.005376460648388731,0.0860233703742197
gsr,2,365,DefaultMode,-0.025810466043103733,-0.41920073644081696,-2.7806631092297076,0.008018399770881045,0.09829924892725303
gsr,2,366,DefaultMode,-0.00967681346626807,-0.13673443769747287,-0.906993651525489,0.36946504856927387,0.5354565921293825
gsr,2,367,DefaultMode,-0.008876938415236008,-0.07802869028277896,-0.5175837771016565,0.6074013697955862,0.7438043917909551
gsr,2,368,DefaultMode,-0.024720817730995534,-0.20868934579699888,-1.384288515506754,0.17341262542815977,0.3661271190801638
gsr,2,369,DefaultMode,-0.006727551835973193,-0.0875969408708639,-0.5810523713032066,0.5642385351306181,0.7119308972723589
gsr,2,370,DefaultMode,-0.012632979423390384,-0.14784906467934408,-0.9807197462927429,0.3322168872781466,0.5136086402150559
gsr,2,371,DefaultMode,-0.021228467550844267,-0.14727847653032833,-0.9769348926925255,0.3340657885299675,0.5136086402150559
gsr,2,372,DefaultMode,-0.010286452068908419,-0.13752789045550395,-0.9122568217000122,0.3667199421497881,0.5334108249451464
gsr,2,373,DefaultMode,-0.024772058880865058,-0.37624742531606736,-2.4957430762213213,0.01648445939129719,0.11986231725085159
gsr,2,374,DefaultMode,-0.021511753368772334,-0.3061499435908376,-2.030768984958559,0.04849099468497517,0.18570774651149924
gsr,2,375,DefaultMode,-0.016473801390967994,-0.22636777180796547,-1.5015539274316247,0.1405206755937911,0.32703323198244516
gsr,2,376,DefaultMode,-0.00046580766393993325,-0.004807142145339306,-0.03188697361998916,0.9747097384519321,0.9907651768183849
gsr,2,377,DefaultMode,0.0006727922738960224,0.005972239641333592,0.03961535609678046,0.968583148312731,0.9907651768183849
gsr,2,378,DefaultMode,-0.014595596178109104,-0.16887626177410525,-1.120198392605091,0.26884708674398894,0.46352945990342925
gsr,2,379,DefaultMode,-0.007493834950554756,-0.05647425567098471,-0.3746078327505139,0.7097933347767618,0.8135167160765178
gsr,2,380,DefaultMode,0.0004154695529692604,0.00340235408702677,0.022568663821199996,0.9820987464077009,0.9920189357653545
gsr,2,381,DefaultMode,-0.013740337629655874,-0.15344555204429938,-1.0178426437597858,0.31444565723301265,0.5071704148919559
gsr,2,382,DefaultMode,-0.0063731846030784115,-0.06460078435733367,-0.4285131257518724,0.670416583832594,0.7841129635468935
gsr,2,383,DefaultMode,-0.00889563224359587,-0.07416372280083333,-0.4919464831725797,0.6252593612380272,0.7506622518032676
gsr,2,384,DefaultMode,-0.025570837213855283,-0.20961105664134821,-1.390402453578571,0.1715618100855337,0.3661271190801638
gsr,2,385,DefaultMode,-0.017713476649930247,-0.1588164380199267,-1.0534690709056616,0.2980099178494786,0.49252661212663224
gsr,2,386,DefaultMode,-0.01764222600332431,-0.24076298259612222,-1.5970409533564092,0.11758043925052367,0.30099500338029583
gsr,2,387,DefaultMode,-0.008185990333614284,-0.11538678017883836,-0.7653893112408486,0.4482205897119915,0.6101407599435742
gsr,2,388,DefaultMode,-0.019190144331494314,-0.2514527853583749,-1.6679490830470032,0.10259324037667998,0.2869740989557482
gsr,2,389,DefaultMode,-0.012413153088681237,-0.09312478987919941,-0.6177199734199809,0.5400178298266642,0.6857369267640181
gsr,2,390,DefaultMode,-0.021682662720680562,-0.3113183887018126,-2.0650525713238603,0.04498047094273729,0.18259670034882522
gsr,2,391,DefaultMode,-0.012189890489680484,-0.17109047634775756,-1.134885830497374,0.2627099255482758,0.4588819660231892
gsr,2,392,DefaultMode,-0.02133286416934519,-0.4014787231899787,-2.663108572264233,0.010850462802652583,0.1009345376990938
gsr,2,393,DefaultMode,-0.00729121154049133,-0.12016813929692016,-0.7971052596060925,0.42976947949253974,0.594836649816664
gsr,2,394,DefaultMode,-0.00993500057915946,-0.18125327886801712,-1.2022982360537322,0.23582718221812596,0.42683652890158547
gsr,2,395,DefaultMode,-0.017721947140795422,-0.28608492085028225,-1.8976726812778169,0.06446631217725268,0.21488770725750894
gsr,2,396,DefaultMode,-0.009476198698590892,-0.15379845919646995,-1.0201835649789512,0.3133471140908546,0.5071704148919559
gsr,2,397,DefaultMode,-0.007015921299665339,-0.12035835338629153,-0.7983669971346604,0.4290450135372482,0.594836649816664
gsr,2,398,DefaultMode,-0.024867865663765917,-0.4027894835005456,-2.6718031725447133,0.010612983219667953,0.1009345376990938
gsr,2,399,DefaultMode,-0.025945566601468604,-0.48105197760277674,-3.19093782873372,0.002649072830404608,0.0786825612049271
gsr,2,400,DefaultMode,-0.031152345731485384,-0.49309569492566413,-3.270826811615962,0.0021167740097624834,0.0786825612049271
