gsr,lag,parcel,yeo,mean_delta,d,t,p,q
none,0,1,Visual,0.03159697666422476,0.22892675310570215,1.5185282890518836,0.13620018597066275,0.4572130772137379
none,0,2,Visual,0.025930930630355266,0.16901522834605034,1.1211201925601786,0.26845893901786905,0.4863593544065701
none,0,3,Visual,0.021653917785213327,0.14775107141176563,0.9800697324916657,0.3325339314347766,0.5151831432997871
none,0,4,Visual,0.02942107909933044,0.1704013835387946,1.1303149059112494,0.26460906758809566,0.4863593544065701
none,0,5,Visual,0.006448890796955113,0.04761862545486888,0.3158662273325337,0.7536321476789385,0.8125413991147585
none,0,6,Visual,0.008039260279236625,0.06088864366669948,0.40388957007218357,0.6882956364352,0.7647729293724443
none,0,7,Visual,0.059620146513187075,0.3632095889545004,2.409259853642581,0.020339466373091093,0.4572130772137379
none,0,8,Visual,0.011146374806207969,0.08007201103885882,0.5311376336501807,0.5980564349964927,0.7015324750691997
none,0,9,Visual,-0.004208131316922908,-0.039717094425379386,-0.26345339994419903,0.793459541579556,0.8368500867605126
none,0,10,Visual,0.03404016207071868,0.21897196450105702,1.4524956917140566,0.15362242309273308,0.464598484397428
none,0,11,Visual,0.02712167502933983,0.17281198466103018,1.1463050247945796,0.25800807250869146,0.4863593544065701
none,0,12,Visual,0.009353127565409904,0.05399229646231951,0.3581443778702941,0.7219875152688531,0.7912191948151814
none,0,13,Visual,0.053195424833763945,0.29470252927430823,1.9548354287432175,0.0571233356415307,0.4572130772137379
none,0,14,Visual,0.003744496643970512,0.02827254139200338,0.18753882333413513,0.8521203433333868,0.8762162913453849
none,0,15,Visual,0.002135193342639709,0.013515379291623714,0.08965088401931064,0.9289809317876883,0.936000938828905
none,0,16,Visual,0.043821735200370755,0.25744707150828616,1.7077106791375625,0.09490145669427416,0.4572130772137379
none,0,17,Visual,0.02986209115260934,0.19362153366326798,1.2843399569884542,0.20589971773897053,0.47078323616726314
none,0,18,Visual,0.013064232472588188,0.11815965130629037,0.7837824574843849,0.4374639654699284,0.5931714786032927
none,0,19,Visual,0.011197035182355234,0.06964304134907044,0.46195967482814637,0.6464390654165479,0.7366826956313937
none,0,20,Visual,0.0544027681947635,0.2899034495929549,1.9230019354590826,0.06111849943228397,0.4572130772137379
none,0,21,Visual,0.034134622987069665,0.23786767909638568,1.5778356826307514,0.12193265573098067,0.4572130772137379
none,0,22,Visual,0.035914001390950724,0.2524126357916866,1.6743160105313128,0.10132810109318176,0.4572130772137379
none,0,23,Visual,0.01626820628670379,0.08622145180662327,0.5719284090445602,0.570348468154815,0.6871668291021867
none,0,24,Visual,0.034141850992374524,0.1791725114409041,1.188495986390278,0.2411607098968958,0.4863593544065701
none,0,25,Visual,0.01570486666859022,0.14000950546820076,0.928717993442469,0.35821954232109876,0.5366584903686873
none,0,26,Visual,0.04226546556511848,0.22115716278000985,1.4669906572816904,0.14965484432489484,0.4617418483777424
none,0,27,Visual,0.020431208262107294,0.17349001979630596,1.1508026010713548,0.25617287358187096,0.4863593544065701
none,0,28,Visual,0.018517364237948756,0.10963027964948432,0.7272050065181498,0.4710412933431858,0.6117995325671397
none,0,29,Visual,0.021476557725513226,0.1875936280764792,1.2443553547823236,0.22010896348695325,0.4784977467107679
none,0,30,Visual,0.02347002401799241,0.1975951608882873,1.310698018112715,0.19691728505939446,0.47078323616726314
none,0,31,Visual,0.022963603164898205,0.15689666994675217,1.0407347701392142,0.3038151959364164,0.5053771587687834
none,0,32,Somatomotor,0.06532267561752837,0.30456943980150125,2.0202851088606306,0.04961102306129278,0.4572130772137379
none,0,33,Somatomotor,0.05693120283469835,0.29403141335476973,1.9503837493513305,0.05766814954339554,0.4572130772137379
none,0,34,Somatomotor,0.042478374518184044,0.23416576711908862,1.5532799765595173,0.12768625611350645,0.4572130772137379
none,0,35,Somatomotor,0.04777739562361676,0.3096390535231864,2.0539131219543654,0.04609598957839104,0.4572130772137379
none,0,36,Somatomotor,0.039555953511434774,0.23158117550603227,1.536135735325903,0.13183139583479922,0.4572130772137379
none,0,37,Somatomotor,0.04453931359010759,0.20196287854971073,1.339670179459015,0.18739014998150377,0.47078323616726314
none,0,38,Somatomotor,0.0504879488214626,0.2462153865738485,1.633208109755528,0.10972737898970422,0.4572130772137379
none,0,39,Somatomotor,0.035903252515949585,0.2172345304353773,1.440970857926374,0.156835713309065,0.464598484397428
none,0,40,Somatomotor,0.033437808420302334,0.2391991448133551,1.58666762703957,0.1199152658431384,0.4572130772137379
none,0,41,Somatomotor,0.04342044177688364,0.23915392948654748,1.5863677024919813,0.11998332796026001,0.4572130772137379
none,0,42,Somatomotor,0.03659745833837342,0.23540512747640654,1.5615009631300458,0.1257361394440812,0.4572130772137379
none,0,43,Somatomotor,0.031868736739335664,0.19302319379867758,1.2803710193325377,0.20727855942163972,0.47078323616726314
none,0,44,Somatomotor,-0.0022630603617187673,-0.017358548242180208,-0.11514358284919003,0.9088673347781211,0.922707954089463
none,0,45,Somatomotor,0.003078935428964485,0.02023071082614062,0.1341953541049787,0.8938742428990141,0.9097956670727878
none,0,46,Somatomotor,0.008840750295875556,0.061323262539388294,0.40677250552721567,0.6861927579393614,0.7645601759770044
none,0,47,Somatomotor,0.02907028196775432,0.17003121585924375,1.1278594913060762,0.2656332861854216,0.4863593544065701
none,0,48,Somatomotor,0.02593572407510962,0.1724901822406582,1.1441704290245756,0.2588823717579413,0.4863593544065701
none,0,49,Somatomotor,0.018077886061606967,0.10172916021812922,0.6747949093629676,0.5034183537840919,0.6352282066676239
none,0,50,Somatomotor,0.02626052851342735,0.1592656946933913,1.0564491025465523,0.2966625367185142,0.49650633760420787
none,0,51,Somatomotor,0.021163314133460055,0.11871864368632709,0.7874903934548839,0.43531427032103487,0.5922643133619522
none,0,52,Somatomotor,0.006397364592912695,0.03580576838864193,0.2375085981509871,0.8133902811290183,0.8472815428427275
none,0,53,Somatomotor,-0.0008331911411724129,-0.005929261186457193,-0.03933026927899177,0.9688091159559278,0.9688091159559278
none,0,54,Somatomotor,0.03691229467990954,0.22453821000969693,1.4894179874003757,0.14367600538276082,0.4597632172248346
none,0,55,Somatomotor,0.04250855630096831,0.23058622707427617,1.5295359940581277,0.13345558335358765,0.4572130772137379
none,0,56,Somatomotor,0.020131539863086495,0.13383248823338775,0.8877442964596023,0.3796171582116372,0.553191967377045
none,0,57,Somatomotor,0.034357427368595046,0.17472810781372933,1.1590151478938113,0.25284606762566963,0.4863593544065701
none,0,58,Somatomotor,0.04139439720951656,0.24807591691880523,1.645549471886112,0.1071478931041653,0.4572130772137379
none,0,59,Somatomotor,0.024763059060395432,0.15628354152287538,1.036667736278612,0.3056855449237561,0.5053771587687834
none,0,60,Somatomotor,0.01726523772751948,0.1383040683835608,0.9174054036158523,0.3640473722727541,0.5398341875773999
none,0,61,Somatomotor,0.04493459312646087,0.26564775060917334,1.7621078303450666,0.08515896829888744,0.4572130772137379
none,0,62,Somatomotor,0.040018392936161835,0.28579746432749265,1.8957659104185502,0.0647245580530198,0.4572130772137379
none,0,63,Somatomotor,0.03837048749705395,0.21178017688859893,1.4047907695491577,0.16726659137182234,0.464598484397428
none,0,64,Somatomotor,0.04344304522153161,0.2819408007003967,1.870183698031173,0.06827562416526463,0.4572130772137379
none,0,65,Somatomotor,0.0552888977796067,0.31017151744499577,2.05744508804045,0.04573971072105306,0.4572130772137379
none,0,66,Somatomotor,0.04096631644186286,0.28449647973976405,1.8871361549474888,0.06590441504665398,0.4572130772137379
none,0,67,Somatomotor,0.03467147570025834,0.24508413436840368,1.625704231538083,0.11132046221681594,0.4572130772137379
none,0,68,Somatomotor,0.029352058557902273,0.19957414609698193,1.3238251209185212,0.1925560359642253,0.47078323616726314
none,0,69,DorsalAttention,0.02099393264423333,0.1670537694338045,1.1081093460529425,0.2739744302138127,0.4863593544065701
none,0,70,DorsalAttention,0.029481326749795863,0.17394387121141305,1.1538131107803191,0.2549497153536979,0.4863593544065701
none,0,71,DorsalAttention,0.03596587876740125,0.18605326349204399,1.234137732048477,0.22385423420158018,0.4788325865274442
none,0,72,DorsalAttention,0.049202654092814664,0.2132257952677996,1.4143799170568585,0.16445078369329877,0.464598484397428
none,0,73,DorsalAttention,0.024655443538712726,0.1453659615845587,0.9642487037303961,0.3403129957637204,0.5175863053440615
none,0,74,DorsalAttention,0.01726756136946568,0.10770838884003005,0.714456625112165,0.478805695223422,0.618056221379887
none,0,75,DorsalAttention,0.009972999572906564,0.06348320489226465,0.4210999422337923,0.6757795533175659,0.7558923554295851
none,0,76,DorsalAttention,0.00785059145680969,0.05421047322654082,0.35959159880008595,0.7209125932667396,0.7912191948151814
none,0,77,DorsalAttention,0.01587441175704044,0.10961925168103819,0.727131855251078,0.4710856400766976,0.6117995325671397
none,0,78,DorsalAttention,0.012433967011586472,0.08293977849345793,0.5501602509159765,0.5850561689813483,0.6965949033084385
none,0,79,DorsalAttention,0.027884797584110697,0.17645541358920733,1.1704727982047602,0.24825693895492865,0.4863593544065701
none,0,80,DorsalAttention,0.010966831658518876,0.07494315533948581,0.49711665373278857,0.6216391583844546,0.7189015620482987
none,0,81,DorsalAttention,0.012391980995870938,0.08292125141025684,0.550037356149101,0.5851397187790883,0.6965949033084385
none,0,82,DorsalAttention,0.021563177104156537,0.1667729588814005,1.1062466595739493,0.27477056473926514,0.4863593544065701
none,0,83,DorsalAttention,0.03201954006049817,0.2011166157430983,1.3340567070518818,0.1892080354266559,0.47078323616726314
none,0,84,DorsalAttention,0.021569955592437653,0.13312608948694574,0.8830585772709512,0.38211504061750534,0.5537899139384136
none,0,85,DorsalAttention,0.009924968228870588,0.056178772955522246,0.3726478221520651,0.7112411251838375,0.7859017957832458
none,0,86,DorsalAttention,0.038132954213238306,0.22675791424749595,1.504141839605058,0.1398550091428548,0.4572130772137379
none,0,87,DorsalAttention,0.010674790715267123,0.06486270933508383,0.4302505395007113,0.6691621727371808,0.7555719329473964
none,0,88,DorsalAttention,0.011687659169999752,0.08087083602582351,0.5364364391600256,0.5944215435747648,0.6995782263766558
none,0,89,DorsalAttention,0.030260274662781483,0.1775543681719233,1.177762438229781,0.24536879401296338,0.4863593544065701
none,0,90,DorsalAttention,0.007608541258760679,0.049327112026497,0.3271990451674358,0.7451049324347774,0.8088455826195335
none,0,91,DorsalAttention,0.01874340801891853,0.11877854584830018,0.7878877394456756,0.43508428179320524,0.5922643133619522
none,0,92,VentralAttention,0.035168031360578986,0.21318486172913148,1.414108394678651,0.16453000341242222,0.464598484397428
none,0,93,VentralAttention,0.025784757032417772,0.13642714666217387,0.9049553133944355,0.3705317261162817,0.543575138729341
none,0,94,VentralAttention,0.03280756304858243,0.2395867023669849,1.5892383930196856,0.1193331629422999,0.4572130772137379
none,0,95,VentralAttention,0.03988771672837474,0.24112620130537854,1.59945027370729,0.1170434679533346,0.4572130772137379
none,0,96,VentralAttention,0.03458120884343973,0.1646241088817762,1.091992801214931,0.2809169781146703,0.49158927205343367
none,0,97,VentralAttention,0.0220734338615696,0.16307075432422932,1.081689012747388,0.2854198391537571,0.49333228799285467
none,0,98,VentralAttention,0.056043688664660515,0.2763046934467684,1.8327979919542026,0.07376244934096395,0.4572130772137379
none,0,99,VentralAttention,0.04102174497427956,0.23349443104318693,1.5488268368155262,0.1287527193275485,0.4572130772137379
none,0,100,VentralAttention,0.04489370500703765,0.23704820435646115,1.572399902155744,0.12318788989384617,0.4572130772137379
none,0,101,VentralAttention,0.03855001097870986,0.23011777898812416,1.526428660987075,0.13422582437860595,0.4572130772137379
none,0,102,VentralAttention,0.05336543534201077,0.3346369307999769,2.2197302809192956,0.0317611664630983,0.4572130772137379
none,0,103,VentralAttention,0.030339587086359684,0.18375822613259576,1.2189141764462015,0.22952161183968567,0.4806495309874225
none,0,104,VentralAttention,0.045640146091144286,0.28953676148150187,1.920569601697535,0.061433384705103164,0.4572130772137379
none,0,105,VentralAttention,0.029681245516868703,0.16730309125444237,1.1097631599151503,0.27326893906786986,0.4863593544065701
none,0,106,VentralAttention,0.041388434192415516,0.22922816730910978,1.5205276446902583,0.13569835169230215,0.4572130772137379
none,0,107,VentralAttention,0.04936782576603204,0.2592111092552355,1.7194119817828721,0.09273110815759457,0.4572130772137379
none,0,108,VentralAttention,0.018098251275808972,0.11624687538914041,0.7710945374339562,0.4448675400698533,0.5971376376776555
none,0,109,VentralAttention,0.028096543183487185,0.14679351616518718,0.9737180295537915,0.3356426164331301,0.5163732560509694
none,0,110,VentralAttention,0.01808121665830509,0.1223209546957626,0.8113854214478121,0.42161308941940334,0.5818040141837973
none,0,111,VentralAttention,0.024604689728634232,0.15239446410624236,1.0108705151353794,0.3177330397455676,0.5068309132024428
none,0,112,VentralAttention,0.029926541175334484,0.16351748494234314,1.0846522884326824,0.2841197121059176,0.49333228799285467
none,0,113,VentralAttention,0.0455985933380618,0.24743931138570022,1.6413267085005652,0.1080248462963581,0.4572130772137379
none,0,114,Limbic,-0.010245478772660833,-0.08757671135763215,-0.5809181838930441,0.5643281579568318,0.6840341308567658
none,0,115,Limbic,0.020319176625030178,0.1314117565341476,0.8716869789306041,0.3882203229313185,0.5584204592319482
none,0,116,Limbic,0.010022269227910623,0.0835908454758799,0.5544789407041417,0.5821237662507655,0.6965949033084385
none,0,117,Limbic,0.006536904429847438,0.05210424040920515,0.34562043084761473,0.7313132023516925,0.7992494014772595
none,0,118,Limbic,0.022519732806298026,0.20717215757323265,1.374224627357597,0.17649275915067025,0.464598484397428
none,0,119,Limbic,0.005926441355823784,0.045249620676209974,0.30015202737779256,0.765507512301366,0.8201309662103534
none,0,120,Limbic,0.02308793956213777,0.1296263145832515,0.8598436968584391,0.3946438561158556,0.5617706136880507
none,0,121,Limbic,0.03441945452658307,0.2114533314049346,1.4026227218816845,0.16790839668726168,0.464598484397428
none,0,122,Limbic,0.00349005725968644,0.036724897991406776,0.24360541420314588,0.8086949267195989,0.8472815428427275
none,0,123,Limbic,0.00833901876925054,0.08661712478127143,0.5745530066377438,0.5685875447808408,0.6871148577411974
none,0,124,Limbic,0.04529410066993758,0.28775331898455747,1.9087395825024565,0.06298477249304084,0.4572130772137379
none,0,125,Limbic,0.03861582237351094,0.2776650806720775,1.8418217799460888,0.07240500689316218,0.4572130772137379
none,0,126,Limbic,0.007164069339445386,0.06595967072051896,0.4375269581507048,0.6639190164273261,0.7523161659233157
none,0,127,Control,0.038772808090450285,0.23607646890522774,1.5659541383812883,0.12468986406848255,0.4572130772137379
none,0,128,Control,0.0235728865905069,0.13629529142975166,0.9040806847292565,0.37099003218277526,0.543575138729341
none,0,129,Control,0.012373005409768172,0.06332842413195526,0.42007324282036784,0.6765236581094787,0.7558923554295851
none,0,130,Control,0.02037859368113519,0.12615233452151262,0.8367999200705121,0.40733164067621297,0.572579920111157
none,0,131,Control,0.012484610621385455,0.0744044694989822,0.49354341610713304,0.6241401688051922,0.7194699352221235
none,0,132,Control,0.003483207524932795,0.020409610665935888,0.1353820413922898,0.8929415996279721,0.9097956670727878
none,0,133,Control,0.004228851577026177,0.02625898504041431,0.1741824015092195,0.8625396022681868,0.8823934550058177
none,0,134,Control,-0.003362069165031017,-0.03603545566066406,-0.2390321711518225,0.8122162702581103,0.8472815428427275
none,0,135,Control,0.011957592644749283,0.08326118868426786,0.5522922449294024,0.5836076507328987,0.6965949033084385
none,0,136,Control,0.04542942389473283,0.2551108168246996,1.6922137187372281,0.09784049509225838,0.4572130772137379
none,0,137,Control,0.03617564765480306,0.19567591582179594,1.2979671865801297,0.2012179976974114,0.47078323616726314
none,0,138,Control,0.03107762823129091,0.17178349010466598,1.1394827637098133,0.26080982332158587,0.4863593544065701
none,0,139,Control,0.035650416245371803,0.19373716907963304,1.285106995565573,0.20563403931223226,0.47078323616726314
none,0,140,Control,0.032389249479107235,0.19313668964236003,1.2811238655900565,0.20701648276047777,0.47078323616726314
none,0,141,Control,0.016461546919607634,0.11322081088174349,0.7510218963090617,0.4567300699610426,0.6089026032466832
none,0,142,Control,0.046265194253332226,0.2755978617358259,1.8281094008039602,0.0744762135237303,0.4572130772137379
none,0,143,Control,0.04383254958020389,0.23913852613170034,1.5862655281949,0.12000652160495068,0.4572130772137379
none,0,144,Control,0.02702334153963357,0.21004475912278578,1.39327931038172,0.1706962383333983,0.464598484397428
none,0,145,Control,0.024585304329251045,0.1336335750787084,0.8864248558597277,0.38031947757171847,0.553191967377045
none,0,146,Control,0.029036453024389872,0.15945457008226271,1.05770196014059,0.296097335408821,0.49650633760420787
none,0,147,Control,0.030063200831437695,0.20464657300536798,1.3574717945817592,0.18171347522151235,0.47078323616726314
none,0,148,Control,0.04216468173434609,0.23423099100026437,1.5537126228419786,0.1275830236491847,0.4572130772137379
none,0,149,DefaultMode,0.04660328857894855,0.34707314687425933,2.30222280597966,0.026227722418656334,0.4572130772137379
none,0,150,DefaultMode,0.016109730343892886,0.16264112389964336,1.0788391669136423,0.2866741214599419,0.49333228799285467
none,0,151,DefaultMode,0.005366723130147322,0.03941235217478621,0.26143196853822703,0.7950075824224869,0.8368500867605126
none,0,152,DefaultMode,0.0495525027907929,0.32894755067159215,2.181991202568183,0.03462163412919594,0.4572130772137379
none,0,153,DefaultMode,0.06415027778718335,0.3704570037777558,2.4573337649801767,0.018106313704332043,0.4572130772137379
none,0,154,DefaultMode,0.03663880979393836,0.17966862224330665,1.1917868131623008,0.23988113777086664,0.4863593544065701
none,0,155,DefaultMode,0.05123922276936947,0.3336788411154204,2.2133750329209283,0.03222767677721333,0.4572130772137379
none,0,156,DefaultMode,0.05547164488242898,0.31959995721432827,2.1199862821871327,0.03981739356187793,0.4572130772137379
none,0,157,DefaultMode,0.04543552068538542,0.2655923497904146,1.7617403428872642,0.08522186625070796,0.4572130772137379
none,0,158,DefaultMode,0.04106292604812735,0.2701208942758082,1.7917793086962308,0.08020723647827725,0.4572130772137379
none,0,159,DefaultMode,0.04488936886444214,0.2726918461180121,1.8088330739255571,0.07747239081775287,0.4572130772137379
none,0,160,DefaultMode,0.041756979696446456,0.19096766942020604,1.2667362131109001,0.21206824432080618,0.47116711995096744
none,0,161,DefaultMode,0.016791296365568035,0.0946865994534993,0.6280798461238558,0.5332734539789958,0.6563365587433795
none,0,162,DefaultMode,0.030586011297948936,0.15929467813659764,1.056641356959048,0.2965757565462934,0.49650633760420787
none,0,163,DefaultMode,0.028674468864579295,0.16444457027847986,1.0908018768498942,0.2814348582505908,0.49158927205343367
none,0,164,DefaultMode,0.022963219221571372,0.15254913622751728,1.0118964939189736,0.31724782923096523,0.5068309132024428
none,0,165,DefaultMode,0.002494344474630844,0.015583151353616376,0.10336693218252886,0.9181523505047492,0.9274266166714639
none,0,166,DefaultMode,0.03995452976291541,0.235614039162848,1.5628867264865394,0.1254097975498268,0.4572130772137379
none,0,167,DefaultMode,0.02346636848414427,0.19257256374348614,1.2773818777078831,0.20832158200401393,0.47078323616726314
none,0,168,DefaultMode,0.027467683854517456,0.14984011514507534,0.9939268809597289,0.32581890230294197,0.5110884742006934
none,0,169,DefaultMode,0.016343853112197108,0.08082243334917012,0.5361153721254093,0.5946414924201574,0.6995782263766558
none,0,170,DefaultMode,0.02660161292668749,0.19882636563983574,1.318864906514693,0.1941952642893383,0.47078323616726314
none,0,171,DefaultMode,0.029624715102119503,0.1968369697388496,1.3056687469886086,0.19860786939944097,0.47078323616726314
none,0,172,DefaultMode,0.03285115538584364,0.19134531665448432,1.269241241469333,0.211182114527537,0.47116711995096744
none,0,173,DefaultMode,0.01882923002883983,0.11246498841661677,0.7460083372591683,0.4597214654512458,0.6089026032466832
none,0,174,DefaultMode,0.0314649462655442,0.1528727902297279,1.0140433716934325,0.31623414621554163,0.5068309132024428
none,0,175,DefaultMode,0.042705229527788054,0.23754074465010905,1.5756670448520667,0.12243219268819232,0.4572130772137379
none,0,176,DefaultMode,0.02583300478523929,0.15305873414890425,1.015276784117345,0.3156527670374175,0.5068309132024428
none,0,177,DefaultMode,0.036460894733190204,0.19897442824544578,1.3198470427312743,0.19386985346068095,0.47078323616726314
none,0,178,DefaultMode,0.0344818616596761,0.18328158444499248,1.2157524931717576,0.2307117748739628,0.4806495309874225
none,0,179,DefaultMode,0.016439803847603077,0.09208413468382615,0.6108170477816065,0.5445361081246574,0.6678949927989791
none,0,180,DefaultMode,0.04083708803812583,0.2073909982484484,1.3756762521747143,0.17604588994649892,0.464598484397428
none,0,181,DefaultMode,0.0591751339786536,0.295661996144587,1.9611998119581993,0.05635213727056883,0.4572130772137379
none,0,182,DefaultMode,0.03612800977110587,0.18998753933870097,1.2602347656587145,0.2143810395776902,0.47116711995096744
none,0,183,DefaultMode,0.035265958866372564,0.17400687676584417,1.1542310423478317,0.25478024426983015,0.4863593544065701
none,0,184,DefaultMode,0.012952764468702345,0.07489773731789921,0.4968153846601425,0.6218498511717784,0.7189015620482987
none,0,185,DefaultMode,0.050813243556893845,0.26888988198673575,1.7836136969458911,0.08154520404553832,0.4572130772137379
none,0,186,DefaultMode,0.06340557699022797,0.3052704073539931,2.0249348015842896,0.04911153795600018,0.4572130772137379
none,0,187,DefaultMode,0.0513994403321254,0.2589673352798321,1.7177949681627394,0.09302855247354541,0.4572130772137379
none,0,188,DefaultMode,0.04629157122979264,0.2327046291714782,1.5435878838811699,0.13001653319873926,0.4572130772137379
none,0,189,DefaultMode,0.031053416250713416,0.1675034913272963,1.1110924636143833,0.27270281178656836,0.4863593544065701
none,0,190,DefaultMode,0.044720907455199264,0.2335908471381488,1.5494663888370057,0.12859911659751555,0.4572130772137379
none,0,191,DefaultMode,0.04370226161022898,0.2710948484020958,1.7982397894960604,0.07916178619323325,0.4572130772137379
none,0,192,DefaultMode,0.03112559265131694,0.1700868208921769,1.128228333367465,0.2654792522491778,0.4863593544065701
none,0,193,DefaultMode,0.017583621409896336,0.1378099350557937,0.9141276939266261,0.36574733242626833,0.5398484611457836
none,0,194,DefaultMode,0.028582348529808687,0.18664803009505435,1.2380829673685163,0.2224025539964795,0.4788325865274442
none,0,195,DefaultMode,0.026592121020554634,0.15372454427116275,1.0196932688316491,0.31357698259667177,0.5068309132024428
none,0,196,DefaultMode,0.0356568671432302,0.2133273547824194,1.4150535866646279,0.16425436140271596,0.464598484397428
none,0,197,DefaultMode,0.04223389351033446,0.23218872370568663,1.5401657541665215,0.13084743568581145,0.4572130772137379
none,0,198,DefaultMode,0.03457883713128829,0.18456084212045212,1.2242381286111212,0.22752772725722104,0.4806495309874225
none,0,199,DefaultMode,0.013416530935233583,0.099729145424727,0.6615283120732166,0.5118030414036836,0.6376849812499727
none,0,200,DefaultMode,0.039238542980422494,0.20937034066621302,1.3888057244374346,0.17204369006296505,0.464598484397428
none,0,201,Visual,-0.006691847026268286,-0.05751400155055733,-0.38150472667023466,0.7047074922375534,0.7808393265790066
none,0,202,Visual,0.026386152899763392,0.15592753020365396,1.0343062243446584,0.30677517785401665,0.5053771587687834
none,0,203,Visual,0.006975479983867699,0.04383594241141107,0.29077474662055525,0.7726214969722026,0.8219377627363859
none,0,204,Visual,-0.006157195308181557,-0.04901244377644442,-0.3251117721297116,0.746673080097601,0.8088455826195335
none,0,205,Visual,0.032582172688474687,0.23650326162618276,1.5687851610186139,0.12402837600629957,0.4572130772137379
none,0,206,Visual,0.013268858430360376,0.10246247774913603,0.6796591875680461,0.5003629725131411,0.6333708512824571
none,0,207,Visual,0.05518758527732692,0.3609386344625195,2.3941960457108364,0.021088748809882867,0.4572130772137379
none,0,208,Visual,0.00429677895295563,0.03179163482567384,0.21088184837751184,0.8339756751849732,0.8619903619482927
none,0,209,Visual,0.020255461876962495,0.11474191248407853,0.7611117428749692,0.45074430209721494,0.6030024108323945
none,0,210,Visual,0.012775107832341748,0.09966015932747037,0.6610707100725144,0.5120935931010198,0.6376849812499727
none,0,211,Visual,0.0328820102447651,0.21443078271832694,1.4223728995578304,0.16213203969156617,0.464598484397428
none,0,212,Visual,0.02967295743998869,0.19039409983696198,1.262931582913338,0.21341941088569694,0.47116711995096744
none,0,213,Visual,0.020225257821963074,0.10766210445152509,0.7141496092115212,0.47899357156941247,0.618056221379887
none,0,214,Visual,0.045980463459234545,0.28354254982016597,1.8808084997082868,0.06678114501594878,0.4572130772137379
none,0,215,Visual,0.011721524754070399,0.08781571872681007,0.5825035794244304,0.5632697369080408,0.6840341308567658
none,0,216,Visual,0.022661509609865974,0.12226924082223958,0.8110423904179486,0.42180791028325304,0.5818040141837973
none,0,217,Visual,0.058216216102973846,0.3388940183376896,2.247968605043878,0.029760027628477147,0.4572130772137379
none,0,218,Visual,0.0042535057430689305,0.03194927506184879,0.21192751540802252,0.8331649317305355,0.8619903619482927
none,0,219,Visual,0.038899083159563655,0.24846707931233142,1.648144149668959,0.10661195054224637,0.4572130772137379
none,0,220,Visual,0.028790376730224353,0.20242925725912803,1.3427637858377095,0.18639402753575543,0.47078323616726314
none,0,221,Visual,0.011162177208861158,0.0487098330980592,0.3231044799741942,0.7481821639230686,0.8088455826195335
none,0,222,Visual,0.015686188706090134,0.11195578795370478,0.7426306835020595,0.4617431659854575,0.6095619352943333
none,0,223,Visual,0.027767493595109747,0.14260100551125887,0.9459080600164963,0.3494808318729463,0.5268417656232091
none,0,224,Visual,0.0431352386595015,0.24734275365081418,1.6406862169461176,0.10815837124169335,0.4572130772137379
none,0,225,Visual,0.007578749928048043,0.054900103890948355,0.36416609111561243,0.7175186545932961,0.7906541648410976
none,0,226,Visual,0.03354107982177873,0.28199335879912374,1.870532329017518,0.06822613795525824,0.4572130772137379
none,0,227,Visual,0.010482163523175657,0.07808515323500109,0.5179583099558096,0.6071422372148508,0.7059793455986638
none,0,228,Visual,0.045935355207328256,0.291420658438947,1.9330659604006097,0.059830296090332476,0.4572130772137379
none,0,229,Visual,0.03311078063820049,0.27931397306198713,1.8527592947000944,0.07078812107103413,0.4572130772137379
none,0,230,Visual,0.01323302260556396,0.09936531377840524,0.6591149259578037,0.5133364099062281,0.6376849812499727
none,0,231,Somatomotor,0.05701499492878421,0.331784869746925,2.200811848134977,0.033167797392376144,0.4572130772137379
none,0,232,Somatomotor,0.041075769688476836,0.22730800378121105,1.5077907207739274,0.13892070892796046,0.4572130772137379
none,0,233,Somatomotor,0.06064073447856591,0.3338560097758888,2.214550236863694,0.03214095500624346,0.4572130772137379
none,0,234,Somatomotor,0.037816273059017295,0.2060333544116916,1.3666706617637927,0.17883231504549063,0.46753546417121733
none,0,235,Somatomotor,0.03578774964490862,0.23288582214024947,1.5447897820653,0.12972571685333875,0.4572130772137379
none,0,236,Somatomotor,0.03244159751800904,0.18032250975522074,1.1961242122265368,0.23820220484150023,0.4863593544065701
none,0,237,Somatomotor,0.04351774130229362,0.24377147127952228,1.6169970096541457,0.11319264711789766,0.4572130772137379
none,0,238,Somatomotor,0.018171343506452078,0.11033994031727659,0.7319123628452296,0.4681925558622133,0.6117995325671397
none,0,239,Somatomotor,0.029259952651602597,0.18863337982478615,1.2512522876308236,0.21760732791485368,0.47564443260077305
none,0,240,Somatomotor,0.05849401680534952,0.2716434665028172,1.8018789102826402,0.07857796209986413,0.4572130772137379
none,0,241,Somatomotor,0.03431300139997432,0.22028948737838452,1.461235149787666,0.15122045534371065,0.4617418483777424
none,0,242,Somatomotor,0.03208355117429478,0.20950930609739715,1.3897275168255705,0.1717653728049296,0.464598484397428
none,0,243,Somatomotor,0.03624291400076363,0.24158214426915195,1.602474657180568,0.11637223904456906,0.4572130772137379
none,0,244,Somatomotor,0.043487225750675,0.2491998942090801,1.653005093775556,0.10561382064490564,0.4572130772137379
none,0,245,Somatomotor,-0.001685219998914164,-0.012478020995188337,-0.08276982753443346,0.9344186700231407,0.9391142412292871
none,0,246,Somatomotor,0.019343599836415003,0.10608976586307843,0.7037198949289718,0.4854006588986568,0.6197317008549352
none,0,247,Somatomotor,0.025274584665860966,0.1597045658482844,1.059360244450733,0.2953503819177731,0.49650633760420787
none,0,248,Somatomotor,0.030761517992819124,0.1842374358639852,1.222092894196013,0.22832960106100417,0.4806495309874225
none,0,249,Somatomotor,0.018937555955893227,0.11691466589035587,0.7755241584961463,0.4422744255212111,0.5971376376776555
none,0,250,Somatomotor,0.021942117377697738,0.131399913989769,0.8716084243780704,0.3882627108497235,0.5584204592319482
none,0,251,Somatomotor,0.04358882830384166,0.23373805823897417,1.5504428768098317,0.12836487555853435,0.4572130772137379
none,0,252,Somatomotor,0.026764218867201393,0.15300728657609475,1.0149355195265775,0.3158135521762342,0.5068309132024428
none,0,253,Somatomotor,0.022891860564674293,0.1259811766539857,0.8356645872175039,0.40796319307919937,0.572579920111157
none,0,254,Somatomotor,0.02549398885735585,0.14742785600814032,0.9779257640510892,0.3335810852866121,0.5151831432997871
none,0,255,Somatomotor,0.04481357651362636,0.26685014224198494,1.770083594139264,0.0838034073267922,0.4572130772137379
none,0,256,Somatomotor,0.04466067379080923,0.2382277342838968,1.5802240185523424,0.12138442194097905,0.4572130772137379
none,0,257,Somatomotor,0.01865510825618448,0.131055074796907,0.8693210199466057,0.38949827031428386,0.5584204592319482
none,0,258,Somatomotor,0.014424583988547053,0.09174697025194242,0.6085805519551832,0.5460041566131655,0.6678949927989791
none,0,259,Somatomotor,0.022833786520992525,0.13937350530944168,0.9244992456560482,0.36038574597454653,0.5378891730963381
none,0,260,Somatomotor,0.03416318944347655,0.17198701145077072,1.1408327715935285,0.260253683021101,0.4863593544065701
none,0,261,Somatomotor,0.05511423933259477,0.30289821935019945,2.0091994865027587,0.05081970059837813,0.4572130772137379
none,0,262,Somatomotor,0.033856097396198485,0.1960925435995274,1.3007307826120793,0.2002784258497738,0.47078323616726314
none,0,263,Somatomotor,-0.004900202419095099,-0.04577667209371359,-0.3036480909719614,0.7628604509131536,0.8201309662103534
none,0,264,Somatomotor,0.01614649408983284,0.12251672390473489,0.8126840074711437,0.42087606616697926,0.5818040141837973
none,0,265,Somatomotor,0.02427247924739706,0.15098465942187647,1.0015189288039252,0.3221788359948676,0.5100041070298833
none,0,266,Somatomotor,0.03964864580767359,0.23661893387082963,1.5695524438869168,0.12384958406834928,0.4572130772137379
none,0,267,Somatomotor,0.028459015388635857,0.14810370403296305,0.9824088326783686,0.33139398106340734,0.5151831432997871
none,0,268,Somatomotor,0.05187999872507359,0.2863605867746362,1.899501242154954,0.06421948612676709,0.4572130772137379
none,0,269,Somatomotor,0.044255427103063995,0.2476079530150248,1.6424453505175725,0.10779196404747624,0.4572130772137379
none,0,270,Somatomotor,0.03399903139093834,0.1718764036538451,1.1400990824709483,0.26055582325375737,0.4863593544065701
none,0,271,DorsalAttention,0.023062057003563743,0.14566915624610968,0.9662598695920028,0.3393174766959103,0.5175863053440615
none,0,272,DorsalAttention,0.02626509591431191,0.13034524094355662,0.8646125148364951,0.3920493896650019,0.5600705566642885
none,0,273,DorsalAttention,0.039211032500614425,0.2071454164414415,1.3740472467563556,0.17654742407102264,0.464598484397428
none,0,274,DorsalAttention,0.037539015374780764,0.2691164584747148,1.7851166353397778,0.0812975433427245,0.4572130772137379
none,0,275,DorsalAttention,0.012528249110276888,0.07907133565935302,0.5244999041086463,0.6026244915343504,0.7048239667068426
none,0,276,DorsalAttention,0.02250825723025826,0.12482829994879141,0.8280172682961624,0.41223288756837895,0.5765494931026279
none,0,277,DorsalAttention,0.01123620605804778,0.09579687174012542,0.6354445593035931,0.5285059010283746,0.6524764210226847
none,0,278,DorsalAttention,0.015468312016286312,0.10120908644897715,0.6713451302518008,0.5055914180163632,0.6359640478193248
none,0,279,DorsalAttention,0.0055081738766659845,0.033131109595190854,0.2197669188307833,0.8270926671254785,0.8593170567537438
none,0,280,DorsalAttention,0.008032110621200444,0.05145215509713481,0.3412949862247364,0.7345437085082718,0.800592597829179
none,0,281,DorsalAttention,0.006462458800157858,0.04303175745495154,0.285440387095306,0.7766772472927124,0.8240607398331166
none,0,282,DorsalAttention,0.005363043774787557,0.044988015431114366,0.29841673449545036,0.7668224534066805,0.8201309662103534
none,0,283,DorsalAttention,0.010531685321115725,0.06740300340118108,0.44710094404953304,0.6570462063595404,0.7466434163176595
none,0,284,DorsalAttention,0.0166690015496691,0.10587972797538878,0.7023266611985212,0.4862601601289398,0.6197317008549352
none,0,285,DorsalAttention,0.008764677000829302,0.06442841235075365,0.4273697392114991,0.6712426274023732,0.7555719329473964
none,0,286,DorsalAttention,0.014809843764415522,0.09595667922141314,0.6365046022118395,0.5278215355329275,0.6524764210226847
none,0,287,DorsalAttention,0.037155339535915544,0.2040176282082162,1.3532998467697621,0.1830318575917187,0.47078323616726314
none,0,288,DorsalAttention,0.01675700159121145,0.10582374695101217,0.7019553250920471,0.48648938517112417,0.6197317008549352
none,0,289,DorsalAttention,0.040816311032875,0.25543280070598506,1.6943495181827604,0.09743101539643823,0.4572130772137379
none,0,290,DorsalAttention,0.038906941884529686,0.2209642521862189,1.4657110331663121,0.1500018160497288,0.4617418483777424
none,0,291,DorsalAttention,0.011556560399264131,0.07334019847843057,0.48648384080629636,0.629094546499535,0.723097179884523
none,0,292,DorsalAttention,0.012579145936769775,0.0697461941823047,0.4626439133159466,0.6459523761095181,0.7366826956313937
none,0,293,DorsalAttention,0.010217332807027484,0.06417474151183257,0.42568707722558735,0.6724590203231828,0.7555719329473964
none,0,294,VentralAttention,0.04316584242441991,0.20971738853923197,1.3911077795956246,0.17134928167611066,0.464598484397428
none,0,295,VentralAttention,0.05796658540452917,0.3297139617526923,2.187074998550542,0.034223473134833454,0.4572130772137379
none,0,296,VentralAttention,0.027741885378570533,0.1619395264610122,1.0741852959980147,0.2887306700118786,0.49355670087500614
none,0,297,VentralAttention,0.02837003398676291,0.14919071861002217,0.9896192716658723,0.3278964817930501,0.5123382528016408
none,0,298,VentralAttention,0.036377567245376004,0.22644486513656634,1.5020653067212422,0.14038893830238583,0.4572130772137379
none,0,299,VentralAttention,0.02310266528782966,0.1426328219360415,0.9461191063028452,0.34937442233083305,0.5268417656232091
none,0,300,VentralAttention,0.036590962277371165,0.2492547780643945,1.6533691520858083,0.10553937602610851,0.4572130772137379
none,0,301,VentralAttention,0.023542089519756212,0.13820491527555825,0.9167476963037683,0.3643880766147449,0.5398341875773999
none,0,302,VentralAttention,0.05568654670951334,0.36784899146635097,2.4400341684090625,0.018882982208169575,0.4572130772137379
none,0,303,VentralAttention,0.044499208999948484,0.276595714121062,1.8347284047199393,0.073470261310412,0.4572130772137379
none,0,304,VentralAttention,0.05943017456916431,0.3046078782256048,2.020540080521199,0.04958351931922982,0.4572130772137379
none,0,305,VentralAttention,0.06879728461111019,0.43298470200329303,2.872095593017534,0.006307370903382843,0.4572130772137379
none,0,306,VentralAttention,0.04768129190327333,0.31954243215998934,2.1196047041445585,0.03985138317608382,0.4572130772137379
none,0,307,VentralAttention,0.05089060867596047,0.32960891364873607,2.1863781882590203,0.03427780644372866,0.4572130772137379
none,0,308,VentralAttention,0.05131496436175926,0.29574839075808906,1.961772888991988,0.056283137496719815,0.4572130772137379
none,0,309,VentralAttention,0.03264566635503405,0.20157116410148251,1.3370718397595467,0.18822993889794426,0.47078323616726314
none,0,310,VentralAttention,0.04081475699807333,0.277135033456214,1.838305844473705,0.07293136878638089,0.4572130772137379
none,0,311,VentralAttention,0.03757802070816068,0.20783314692391922,1.378609134690893,0.17514569456395962,0.464598484397428
none,0,312,VentralAttention,0.024321218874580205,0.15085885284553777,1.0006844223841755,0.32257759769640115,0.5100041070298833
none,0,313,VentralAttention,0.029915453650498604,0.17108989709831537,1.1348819881912542,0.26271151786005964,0.4863593544065701
none,0,314,VentralAttention,0.025729378220758204,0.15417668599909193,1.022692437758857,0.31217266137103067,0.5068309132024428
none,0,315,VentralAttention,0.03527584224864304,0.20007917532342237,1.3271751058230543,0.1914549186285173,0.47078323616726314
none,0,316,VentralAttention,0.02183494204757599,0.11648913351224037,0.7727014960274328,0.44392578523098525,0.5971376376776555
none,0,317,VentralAttention,0.032159853483634204,0.18390171031083127,1.2198659428113205,0.2291642222135049,0.4806495309874225
none,0,318,VentralAttention,0.015370264751001235,0.10035025550068925,0.6656482902241687,0.50919110096395,0.6376849812499727
none,0,319,Limbic,0.020644995131637842,0.1663373052226017,1.103356860124387,0.27600893362572854,0.4863593544065701
none,0,320,Limbic,0.004904408029871274,0.03658010473772059,0.24264496441384217,0.8094341318054286,0.8472815428427275
none,0,321,Limbic,0.002570135646110984,0.02729708210921694,0.18106835845559158,0.8571646965124224,0.8791432784742794
none,0,322,Limbic,0.00840548523062079,0.11156743376714902,0.7400546332569211,0.4632885140081736,0.6095901500107548
none,0,323,Limbic,0.025812342021565123,0.18635069788525768,1.2361106886125506,0.22312739495561312,0.4788325865274442
none,0,324,Limbic,0.010381772072725025,0.1265339765748355,0.8393314470606976,0.40592560097896546,0.572579920111157
none,0,325,Limbic,0.030350433564462462,0.15943145247527693,1.0575486152837446,0.296166473738924,0.49650633760420787
none,0,326,Limbic,0.0034318723402497805,0.02908683363066025,0.1929402269847819,0.8479142077991841,0.87413835855586
none,0,327,Limbic,0.03617273486949323,0.17881091886208628,1.1860974525684467,0.2420964612688453,0.4863593544065701
none,0,328,Limbic,0.006324919725451663,0.044256548267740156,0.2935647302406946,0.770502803182074,0.8218696567275455
none,0,329,Limbic,0.042901645403978825,0.29348062084935655,1.9467302051957394,0.05811861937237416,0.4572130772137379
none,0,330,Limbic,0.0018081302927938686,0.015728008896877966,0.10432780842063148,0.9173943197563972,0.9274266166714639
none,0,331,Limbic,0.028509762949250138,0.17201502819230685,1.1410186136325762,0.2601771913376392,0.4863593544065701
none,0,332,Control,0.046668484160872874,0.2937123640370836,1.9482674155985629,0.057928718957815616,0.4572130772137379
none,0,333,Control,0.05519370840006496,0.30303989782545576,2.010139275189348,0.05071625301751591,0.4572130772137379
none,0,334,Control,0.026707830096050097,0.17833111161007195,1.1829147713152006,0.24334221415540766,0.4863593544065701
none,0,335,Control,0.02583219567575442,0.11266348578310671,0.7473250198322097,0.4589347545273921,0.6089026032466832
none,0,336,Control,0.020280518405227318,0.14997129009007681,0.9947969971086598,0.3254003192138034,0.5110884742006934
none,0,337,Control,0.036430550567541096,0.2299029002242203,1.5250033165165064,0.1345803251391123,0.4572130772137379
none,0,338,Control,0.01705528026912537,0.10424010150755629,0.691450609618249,0.4929989120328656,0.6260303644861785
none,0,339,Control,0.03906051121453243,0.17827430561431917,1.1825379629676918,0.24349001121206545,0.4863593544065701
none,0,340,Control,0.03156726674118691,0.21317000509495723,1.4140098469162443,0.16455876319191323,0.464598484397428
none,0,341,Control,0.0007463089740909049,0.008693671435140033,0.05766729240198007,0.954280798503645,0.9566724797029023
none,0,342,Control,0.01752499277587101,0.15229784301052543,1.0102296032927267,0.3180363980345328,0.5068309132024428
none,0,343,Control,0.023817224299911673,0.17783001675501006,1.1795908840779645,0.24464820847470176,0.4863593544065701
none,0,344,Control,0.025512221610620726,0.17993424874649705,1.1935487800532143,0.23919807193766826,0.4863593544065701
none,0,345,Control,0.035258946010326676,0.23147970408857996,1.5354626500886333,0.13199631177382937,0.4572130772137379
none,0,346,Control,0.03753820834641608,0.22687543015115116,1.5049213519237057,0.13965499482873395,0.4572130772137379
none,0,347,Control,0.03196417565528325,0.2214410887892397,1.468874009363367,0.14914532428797583,0.4617418483777424
none,0,348,Control,0.017945895426458833,0.12431497622186365,0.82461226389975,0.4141427826737958,0.5772024845627816
none,0,349,Control,0.04937873696601769,0.28458797159889265,1.8877430432836915,0.06582084579881556,0.4572130772137379
none,0,350,Control,0.02637127737524879,0.19011390662131397,1.2610729913831231,0.21408179999723287,0.47116711995096744
none,0,351,Control,0.03768768336482931,0.22487529734342723,1.491653971815505,0.1430904617088594,0.4597632172248346
none,0,352,Control,0.05390205389772226,0.27131939275583955,1.7997292482363811,0.07892239237029872,0.4572130772137379
none,0,353,Control,0.052592585955130805,0.26961204544777095,1.7884039874210074,0.08075804126892498,0.4572130772137379
none,0,354,Control,0.050402785507503545,0.2317296390541559,1.5371205310942446,0.13159040402087327,0.4572130772137379
none,0,355,Control,0.03848969347538783,0.21569750010996946,1.430775352164822,0.15972212895757726,0.464598484397428
none,0,356,Control,0.040523996047650564,0.30877590046734554,2.048187612308619,0.046678676545786564,0.4572130772137379
none,0,357,Control,0.012619257381523662,0.08774382954297558,0.5820267205259027,0.5635879869907919,0.6840341308567658
none,0,358,Control,0.029978314732350155,0.2163709890748675,1.4352427725588464,0.15845229303624614,0.464598484397428
none,0,359,Control,0.015607560974918076,0.08130606044517386,0.5393233913571963,0.5924455516175378,0.6995782263766558
none,0,360,Control,0.048153301067828676,0.2495038135393698,1.6550210665457703,0.10520212480657037,0.4572130772137379
none,0,361,Control,0.06183377078705255,0.35612584155092036,2.3622715891479227,0.022759521083671165,0.4572130772137379
none,0,362,DefaultMode,0.02910138320239769,0.16240467659580676,1.0772707529346082,0.28736605775583784,0.49333228799285467
none,0,363,DefaultMode,0.03436575156999761,0.19620884819069678,1.301502259992688,0.20001673058525996,0.47078323616726314
none,0,364,DefaultMode,0.037645203184850824,0.19320971714355986,1.2816082752317706,0.20684798443406224,0.47078323616726314
none,0,365,DefaultMode,0.049746859205358304,0.2822873795199984,1.8724826418409795,0.06794986468045318,0.4572130772137379
none,0,366,DefaultMode,0.0417438096764953,0.2584584203509664,1.7144192084242234,0.09365206722665405,0.4572130772137379
none,0,367,DefaultMode,0.020472134471936087,0.14550970794089493,0.965202209188292,0.33984077307099536,0.5175863053440615
none,0,368,DefaultMode,0.010057363480369126,0.0782502152748581,0.5190532076624823,0.6063849903079617,0.7059793455986638
none,0,369,DefaultMode,0.056104459109166956,0.309535312194258,2.053224979827749,0.046165685187718054,0.4572130772137379
none,0,370,DefaultMode,0.03659956419269216,0.22632545923954717,1.5012732576049055,0.1405930212432244,0.4572130772137379
none,0,371,DefaultMode,0.013137827142490066,0.07007305515360246,0.4648120637167582,0.6444112376777543,0.7366826956313937
none,0,372,DefaultMode,0.029599325638466848,0.1667957006383947,1.1063975113239957,0.27470602810071665,0.4863593544065701
none,0,373,DefaultMode,0.05466565139331519,0.28637119291852764,1.8995715953544747,0.06421000574113374,0.4572130772137379
none,0,374,DefaultMode,0.05268796966148138,0.2847930285281294,1.8891032370735736,0.0656338738130874,0.4572130772137379
none,0,375,DefaultMode,0.04172225434231717,0.23551359026624055,1.5622204238852353,0.12556662384400386,0.4572130772137379
none,0,376,DefaultMode,0.021866129464756214,0.15584876093690506,1.033783728139023,0.30701662395203594,0.5053771587687834
none,0,377,DefaultMode,0.025575758049230332,0.17599815249858053,1.1674396712670847,0.2494658857072713,0.4863593544065701
none,0,378,DefaultMode,0.03324953101738309,0.21644997649633693,1.4357667158391891,0.15830388527435596,0.464598484397428
none,0,379,DefaultMode,0.006272692376722097,0.041243671997133205,0.27357956998195765,0.7857175705427665,0.8314471645955201
none,0,380,DefaultMode,0.026523603600173848,0.1664791478790435,1.1042977378657561,0.27560530634195257,0.4863593544065701
none,0,381,DefaultMode,0.017835594347292556,0.10590948766370799,0.7025240646385866,0.48613832799345,0.6197317008549352
none,0,382,DefaultMode,0.025220417390393546,0.1423414298836391,0.944186230093425,0.350349774139434,0.5268417656232091
none,0,383,DefaultMode,0.010832904595601552,0.08116282777553202,0.5383732933113506,0.593095507619043,0.6995782263766558
none,0,384,DefaultMode,0.02966768759445674,0.1670255501586693,1.1079221605579836,0.2740543617132451,0.4863593544065701
none,0,385,DefaultMode,0.035369543840372566,0.22715083138442788,1.5067481570388657,0.13918714946720226,0.4572130772137379
none,0,386,DefaultMode,0.022185641668316772,0.12736005984935037,0.8448110635950056,0.40289245118661376,0.5714786541654097
none,0,387,DefaultMode,0.05866505299224625,0.3344391025240526,2.2184180365909683,0.031856998563122234,0.4572130772137379
none,0,388,DefaultMode,0.04462836392454943,0.23982621444196905,1.590827136390649,0.11897456836737524,0.4572130772137379
none,0,389,DefaultMode,0.023532610118591545,0.1193867075656114,0.7919218279020346,0.4327534172160752,0.5922643133619522
none,0,390,DefaultMode,0.038253507944940916,0.20322980120289086,1.348073993617015,0.18469362354727537,0.47078323616726314
none,0,391,DefaultMode,0.043713681130285974,0.2233521926019845,1.4815508379279516,0.1457513298303397,0.4617418483777424
none,0,392,DefaultMode,0.040771466089570364,0.25599240768964754,1.6980615309725027,0.0967227150532303,0.4572130772137379
none,0,393,DefaultMode,0.020713581126045384,0.17279928972647493,1.1462208161252636,0.2580425229434629,0.4863593544065701
none,0,394,DefaultMode,0.031128547421535268,0.2205206274423822,1.4627683595202643,0.15080213527874076,0.4617418483777424
none,0,395,DefaultMode,0.0414409737640822,0.21250708820269193,1.4096125537185793,0.16584604434092526,0.464598484397428
none,0,396,DefaultMode,0.018809755815298198,0.12154896601224995,0.806264627836588,0.424527066816346,0.5835423598850117
none,0,397,DefaultMode,0.0461070417226602,0.27373373088695724,1.8157441556323117,0.07638669228543009,0.4572130772137379
none,0,398,DefaultMode,0.03565071867375413,0.19715665073219046,1.3077892708036483,0.19789372277923,0.47078323616726314
none,0,399,DefaultMode,0.020536186444694744,0.1100152949380719,0.7297589090197404,0.4694945282397749,0.6117995325671397
none,0,400,DefaultMode,0.033545680145011296,0.19308061009238853,1.2807518759387215,0.20714594660394195,0.47078323616726314
none,2,1,Visual,-0.020313413256454374,-0.09461115861523611,-0.6275794282150781,0.5335982148370968,0.9939432661737371
none,2,2,Visual,-0.0010466092730593744,-0.005343559786815744,-0.03544516571539862,0.9718888062952005,0.9939432661737371
none,2,3,Visual,-0.017375327287954476,-0.09163557488523244,-0.6078416386856611,0.546489629497809,0.9939432661737371
none,2,4,Visual,-0.006614126195782999,-0.031628686224027626,-0.20980096963396455,0.8348139116468529,0.9939432661737371
none,2,5,Visual,-0.03857529809781949,-0.217526743015643,-1.4429091769018998,0.15629162152820103,0.9939432661737371
none,2,6,Visual,-0.044213733006485574,-0.21554287494600838,-1.4297496848608104,0.16001478993089163,0.9939432661737371
none,2,7,Visual,0.012165072049747518,0.05020463032697127,0.333019843066123,0.7407376166750474,0.9939432661737371
none,2,8,Visual,-0.02994101774921111,-0.1349787246485059,-0.8953475686795802,0.37558614840822035,0.9939432661737371
none,2,9,Visual,-0.05126853946410015,-0.2674097346004561,-1.7737955099164615,0.08317872293671853,0.9939432661737371
none,2,10,Visual,0.013328155489611367,0.08139353700964601,0.5399036452418031,0.5920487700683282,0.9939432661737371
none,2,11,Visual,-0.00147969447261921,-0.007627052244944451,-0.05059214110583714,0.9598848111546971,0.9939432661737371
none,2,12,Visual,-0.04157262741189117,-0.23592588249999058,-1.5649552611718873,0.12492393723953586,0.9939432661737371
none,2,13,Visual,0.012173456283283545,0.057940639591904736,0.38433472327911783,0.7026245543780846,0.9939432661737371
none,2,14,Visual,-0.02861631610430413,-0.14696824370754968,-0.9748770409509069,0.3350739265348027,0.9939432661737371
none,2,15,Visual,-0.041978586115735655,-0.2254863188777195,-1.4957070301516548,0.14203390894052836,0.9939432661737371
none,2,16,Visual,0.00587006390103641,0.03098248749966158,0.20551457221650773,0.8381399764113752,0.9939432661737371
none,2,17,Visual,-0.022574369086831993,-0.1009154502827143,-0.6693973682750562,0.5068205951633027,0.9939432661737371
none,2,18,Visual,-0.012593471587774387,-0.07590665977922707,-0.5035078191537153,0.6171770779727526,0.9939432661737371
none,2,19,Visual,-0.01911549375716027,-0.1346767620298995,-0.8933445752663189,0.37664540719417405,0.9939432661737371
none,2,20,Visual,0.009207416874740677,0.04114852042199431,0.27294840583606356,0.7861994959787074,0.9939432661737371
none,2,21,Visual,-0.008874659423839944,-0.05003040780542204,-0.3318641815981061,0.7416040212106122,0.9939432661737371
none,2,22,Visual,-0.020015229708733356,-0.11591052754927064,-0.7688634582661669,0.4461770133233993,0.9939432661737371
none,2,23,Visual,-0.013957176992335547,-0.07387468311346967,-0.4900292107875657,0.6266042420961964,0.9939432661737371
none,2,24,Visual,-0.003013633445375083,-0.017196764413251037,-0.11407043033377985,0.909712922533709,0.9939432661737371
none,2,25,Visual,-0.019083818336368897,-0.12924994291759498,-0.8573471296650316,0.39600638630063156,0.9939432661737371
none,2,26,Visual,-0.0020945312076072124,-0.012082992131112342,-0.08014950248743286,0.9364902230182488,0.9939432661737371
none,2,27,Visual,-0.022623830869661545,-0.12240565631544478,-0.8119472684310544,0.4212941123812969,0.9939432661737371
none,2,28,Visual,-0.01962189948989025,-0.08931566779523657,-0.592453115953658,0.5566500713568542,0.9939432661737371
none,2,29,Visual,0.005382356762145079,0.04057844373864405,0.2691669449152574,0.7890886007788623,0.9939432661737371
none,2,30,Visual,-0.017044552649180974,-0.08849856411565785,-0.5870330633136951,0.5602512929699781,0.9939432661737371
none,2,31,Visual,-0.0036765582387173782,-0.018792453530056666,-0.12465503449877557,0.9013775948334959,0.9939432661737371
none,2,32,Somatomotor,0.007030185451380574,0.025993286651867654,0.1724199577847968,0.8639163663881064,0.9939432661737371
none,2,33,Somatomotor,-0.0055822645262532744,-0.021920583730964373,-0.14540470284235538,0.8850708156571299,0.9939432661737371
none,2,34,Somatomotor,-0.029807153937020638,-0.1440068707170417,-0.9552335148032911,0.3447992603825002,0.9939432661737371
none,2,35,Somatomotor,-0.014409091767753407,-0.06939136732451574,-0.46029025821029323,0.6476271552459618,0.9939432661737371
none,2,36,Somatomotor,-0.0047892960887033435,-0.022531934039289117,-0.14945994201871793,0.8818895277424399,0.9939432661737371
none,2,37,Somatomotor,0.0027142056947596564,0.012453246357268391,0.08260549117783884,0.9345485762228681,0.9939432661737371
none,2,38,Somatomotor,-0.021587424496299593,-0.09568228097979851,-0.6346844501907015,0.5289969165695794,0.9939432661737371
none,2,39,Somatomotor,-0.007155724339825692,-0.03425140888464748,-0.22719814362284196,0.8213464282117094,0.9939432661737371
none,2,40,Somatomotor,-0.02616583392505302,-0.1213380286835553,-0.8048654278894684,0.4253253937315036,0.9939432661737371
none,2,41,Somatomotor,-0.007143075356294513,-0.03213300163534482,-0.21314621962463048,0.8322202580757447,0.9939432661737371
none,2,42,Somatomotor,-0.020483133323854857,-0.09540093189633123,-0.6328181915007587,0.5302035015102222,0.9939432661737371
none,2,43,Somatomotor,-0.02442678828114434,-0.12459128062600441,-0.8264450599726648,0.4131140795740623,0.9939432661737371
none,2,44,Somatomotor,-0.02416051223732981,-0.15805380839549282,-1.0484103582691475,0.30030682335820263,0.9939432661737371
none,2,45,Somatomotor,-0.03494134158734497,-0.1953657473127397,-1.2959097614474828,0.20191964293561723,0.9939432661737371
none,2,46,Somatomotor,-0.04349074990381508,-0.20285898622620877,-1.345614285328417,0.18547977413088423,0.9939432661737371
none,2,47,Somatomotor,-0.02892583617493757,-0.1416191554814787,-0.9393952037181361,0.3527750814675028,0.9939432661737371
none,2,48,Somatomotor,-0.036513407725201036,-0.18034887448182568,-1.1962990960382345,0.23813469085944067,0.9939432661737371
none,2,49,Somatomotor,-0.03168082938157918,-0.14303225648375276,-0.9487686553489725,0.3480403316625459,0.9939432661737371
none,2,50,Somatomotor,-0.03355910090102887,-0.1582245779390658,-1.0495431152724513,0.2997914371050167,0.9939432661737371
none,2,51,Somatomotor,-0.017959719153401475,-0.08373004333024707,-0.5554022748132587,0.5814977430594266,0.9939432661737371
none,2,52,Somatomotor,-0.01064509118805237,-0.05614576579498419,-0.37242887741826564,0.7114029189880318,0.9939432661737371
none,2,53,Somatomotor,-0.04838271171833062,-0.26178683916506534,-1.7364974411272753,0.08963632718405808,0.9939432661737371
none,2,54,Somatomotor,-0.00376243419201406,-0.021743578271040207,-0.1442305814495299,0.8859922607907834,0.9939432661737371
none,2,55,Somatomotor,-0.014656239563053973,-0.06885048910597089,-0.45670247799391506,0.6501836489340335,0.9939432661737371
none,2,56,Somatomotor,-0.026066448774683892,-0.11652620777756863,-0.7729474188823765,0.44378176667602276,0.9939432661737371
none,2,57,Somatomotor,-0.004679440610284411,-0.019115862733702135,-0.12680028846325495,0.8996895568048322,0.9939432661737371
none,2,58,Somatomotor,0.006267558230956485,0.030179128756487344,0.20018569317018708,0.8422791347951195,0.9939432661737371
none,2,59,Somatomotor,-0.017841164605211547,-0.09180628006438997,-0.6089739687437329,0.5457457684496756,0.9939432661737371
none,2,60,Somatomotor,-0.003420865989156262,-0.018837464534568648,-0.12495360372558204,0.901142631540548,0.9939432661737371
none,2,61,Somatomotor,0.008068900473966611,0.032403622487516034,0.21494131527882682,0.8308292540896917,0.9939432661737371
none,2,62,Somatomotor,0.01440150270208222,0.07988453460008893,0.5298940556413172,0.5989110201893915,0.9939432661737371
none,2,63,Somatomotor,0.004333503934355554,0.02032532711035877,0.13482296753259723,0.893380968886349,0.9939432661737371
none,2,64,Somatomotor,-0.026734045750224943,-0.12863550574792393,-0.8532714145669381,0.39823706529217695,0.9939432661737371
none,2,65,Somatomotor,0.008414679531537482,0.0425685923804868,0.28236809755931297,0.7790160016811472,0.9939432661737371
none,2,66,Somatomotor,-0.014232613811407474,-0.06577981371546834,-0.43633392174736496,0.664777522986705,0.9939432661737371
none,2,67,Somatomotor,-0.004563508133372499,-0.023251043993267297,-0.15422997781942863,0.8781500173399938,0.9939432661737371
none,2,68,Somatomotor,-0.0026358698860790893,-0.015841976129617217,-0.10508378151941387,0.9167979907324455,0.9939432661737371
none,2,69,DorsalAttention,-0.03247332755876843,-0.18759731513437544,-1.2443798119575675,0.22010005486894357,0.9939432661737371
none,2,70,DorsalAttention,-0.011806692024182662,-0.04703859483819313,-0.31201873948766984,0.756534283039714,0.9939432661737371
none,2,71,DorsalAttention,-0.014420289098013865,-0.0591323323299469,-0.3922395186340717,0.696818733944953,0.9939432661737371
none,2,72,DorsalAttention,0.014754586314743866,0.05482709765855887,0.36368182255522574,0.7178776747901814,0.9939432661737371
none,2,73,DorsalAttention,-0.021082081625311614,-0.09672843822526234,-0.641623872300532,0.5245231204490379,0.9939432661737371
none,2,74,DorsalAttention,-0.013414779988156093,-0.06959325803827605,-0.46162944970269304,0.6466740060094736,0.9939432661737371
none,2,75,DorsalAttention,-0.026268875313675055,-0.1270826568702515,-0.8429709804002105,0.40390942704251265,0.9939432661737371
none,2,76,DorsalAttention,-0.038703891994846314,-0.18237026046343266,-1.2097074537531842,0.23299995691828712,0.9939432661737371
none,2,77,DorsalAttention,-0.033186498639579405,-0.1797201736309468,-1.1921287663827504,0.23974846076727108,0.9939432661737371
none,2,78,DorsalAttention,-0.041081900598918905,-0.21402860234844867,-1.4197051367879665,0.1629030948338412,0.9939432661737371
none,2,79,DorsalAttention,-0.018987211168834204,-0.09067709224514255,-0.6014837841151663,0.5506759244454632,0.9939432661737371
none,2,80,DorsalAttention,-0.01567460694863951,-0.07843381609036157,-0.520271077694939,0.6055432079662479,0.9939432661737371
none,2,81,DorsalAttention,-0.006897060239897118,-0.03496952908242456,-0.23196161412364671,0.8176682374627549,0.9939432661737371
none,2,82,DorsalAttention,-0.005986843462401689,-0.030817364956061796,-0.20441927317340855,0.838990365623133,0.9939432661737371
none,2,83,DorsalAttention,0.022555577251739577,0.10667386986715156,0.7075944025690813,0.48301491446298583,0.9939432661737371
none,2,84,DorsalAttention,0.014883268700650992,0.07993768312731181,0.5302466030872338,0.5986686918373483,0.9939432661737371
none,2,85,DorsalAttention,0.02087547134033012,0.11188911991380908,0.7421884577543744,0.4620082409703007,0.9939432661737371
none,2,86,DorsalAttention,-0.022998982938936652,-0.09957371186414983,-0.6604972824726899,0.5124578132847808,0.9939432661737371
none,2,87,DorsalAttention,-0.02336666438894339,-0.09141315252735678,-0.6063662556735419,0.5474596316569547,0.9939432661737371
none,2,88,DorsalAttention,-0.033064446044538155,-0.13118742350237864,-0.8701989219416829,0.38902377214690664,0.9939432661737371
none,2,89,DorsalAttention,-0.0006223260643235932,-0.0028048645281837006,-0.01860536645552513,0.985241986220014,0.9939432661737371
none,2,90,DorsalAttention,-0.04317346345818704,-0.18475071375547542,-1.2254975945545283,0.22705791660466731,0.9939432661737371
none,2,91,DorsalAttention,-0.0513104033509954,-0.21818004248363437,-1.4472426753240317,0.15508055725319933,0.9939432661737371
none,2,92,VentralAttention,-0.014558092765314397,-0.06476003471598883,-0.4295694731266497,0.6696537883818527,0.9939432661737371
none,2,93,VentralAttention,0.007978732772123475,0.0351826928760266,0.23337558276818013,0.8165772140810816,0.9939432661737371
none,2,94,VentralAttention,-0.010411134418446218,-0.049425317158415444,-0.3278504643175575,0.7446157510986177,0.9939432661737371
none,2,95,VentralAttention,0.010314369367278213,0.05518139770614077,0.3660319831972942,0.7161359502881466,0.9939432661737371
none,2,96,VentralAttention,-0.006681739987775359,-0.028663513414947734,-0.19013223834140036,0.8501002696683504,0.9939432661737371
none,2,97,VentralAttention,-0.00501222020197298,-0.034352512296788366,-0.227868787789034,0.8208283314146052,0.9939432661737371
none,2,98,VentralAttention,-0.0036734515363057996,-0.015026762179472856,-0.0996762639264293,0.9210646112095934,0.9939432661737371
none,2,99,VentralAttention,-0.02140099767799116,-0.09426712238800539,-0.6252973500550505,0.5350805469511929,0.9939432661737371
none,2,100,VentralAttention,-0.007846121442967285,-0.03426482269990048,-0.2272871208072447,0.8212776854815662,0.9939432661737371
none,2,101,VentralAttention,-0.022715295528189773,-0.10457509413786985,-0.6936726993428178,0.4916179178222867,0.9939432661737371
none,2,102,VentralAttention,0.0013270264760330654,0.00675065061731588,0.04477875037683574,0.9644909706214417,0.9939432661737371
none,2,103,VentralAttention,-0.004635722340059083,-0.019992638603595663,-0.1326161616346035,0.8951155998886267,0.9939432661737371
none,2,104,VentralAttention,-0.0031286919095046624,-0.013600646438862602,-0.09021648228798125,0.9285341181607267,0.9939432661737371
none,2,105,VentralAttention,-0.014284387713226133,-0.06459742673469622,-0.4284908538029204,0.670432670345086,0.9939432661737371
none,2,106,VentralAttention,0.00038063096831914,0.0014581327912692732,0.0096721587263077,0.9923275899219256,0.9939432661737371
none,2,107,VentralAttention,-0.003198514480945186,-0.011616680386859,-0.07705634030538397,0.9389361591247712,0.9939432661737371
none,2,108,VentralAttention,-0.02198939700978932,-0.09157272907501324,-0.6074247667413754,0.5467636158786874,0.9939432661737371
none,2,109,VentralAttention,0.00724261883339904,0.03177412139938036,0.21076567744989386,0.834065758001507,0.9939432661737371
none,2,110,VentralAttention,-0.026705014174062278,-0.1041252775602022,-0.690688953717607,0.49347276404383855,0.9939432661737371
none,2,111,VentralAttention,-0.009507177498034826,-0.04710209934999944,-0.31243998076398216,0.7562163692390907,0.9939432661737371
none,2,112,VentralAttention,0.001357707870028227,0.006767427114653921,0.044890033070769025,0.9644027852967755,0.9939432661737371
none,2,113,VentralAttention,0.012312799835439519,0.050914831685603554,0.3377307859304905,0.737209333421733,0.9939432661737371
none,2,114,Limbic,-0.010566990226599238,-0.07095830284749678,-0.47068413261110786,0.6402452776746546,0.9939432661737371
none,2,115,Limbic,0.0015244611228372553,0.007897764099966469,0.05238784040465546,0.9584622865094029,0.9939432661737371
none,2,116,Limbic,-0.007051961149273745,-0.08452336105971459,-0.5606645493096194,0.5779361415175377,0.9939432661737371
none,2,117,Limbic,-0.0014761196119324194,-0.013242187643212881,-0.08783873563203559,0.9304126555486606,0.9939432661737371
none,2,118,Limbic,-0.011608574734707859,-0.09574532772652543,-0.6351026549969928,0.5287267347549269,0.9939432661737371
none,2,119,Limbic,-0.013510322542327858,-0.08239426236257238,-0.5465417062695087,0.5875186302520143,0.9939432661737371
none,2,120,Limbic,0.004670888509219565,0.03766658316731255,0.24985184700138444,0.8038917338365201,0.9939432661737371
none,2,121,Limbic,0.027624079594059773,0.21360270986981825,1.4168800856826627,0.16372272826190962,0.9939432661737371
none,2,122,Limbic,-0.008545610527531961,-0.0625895902208743,-0.41517237308947524,0.6800800806480899,0.9939432661737371
none,2,123,Limbic,0.013878886577134973,0.1203702851855359,0.7984461437369953,0.4289995935572216,0.9939432661737371
none,2,124,Limbic,0.003167353858645404,0.021633424916796155,0.1434999067586767,0.8865657716176052,0.9939432661737371
none,2,125,Limbic,0.011740638050077795,0.061791057327563674,0.4098755051097387,0.6839321672795491,0.9939432661737371
none,2,126,Limbic,-0.009129034927928386,-0.07386503403108825,-0.48996520601590515,0.626649160790967,0.9939432661737371
none,2,127,Control,-0.0006332131294603375,-0.003101901156315195,-0.020575684544534033,0.9836793196648829,0.9939432661737371
none,2,128,Control,0.017176489066393186,0.10011868711469825,0.664112239324888,0.5101640646143448,0.9939432661737371
none,2,129,Control,0.008846950091524697,0.04024947247677884,0.2669847964304239,0.7907571719664733,0.9939432661737371
none,2,130,Control,-0.010353384757428136,-0.05152122012118015,-0.341753111766527,0.734201320831414,0.9939432661737371
none,2,131,Control,-0.011382897189018264,-0.05456354194573115,-0.36193359173361705,0.7191742897605565,0.9939432661737371
none,2,132,Control,-0.03893039230001291,-0.18702432487392684,-1.2405790245526953,0.22148772073430573,0.9939432661737371
none,2,133,Control,-0.012208815377362885,-0.05562458214511095,-0.36897173619127055,0.713959425417475,0.9939432661737371
none,2,134,Control,-0.011921103060356581,-0.11575869507542828,-0.7678563155727139,0.4467688728045499,0.9939432661737371
none,2,135,Control,-0.005507671541672022,-0.03811941393275659,-0.2528555864863994,0.8015847231565303,0.9939432661737371
none,2,136,Control,-0.006931423802711445,-0.03160804172274287,-0.2096640295044737,0.8349201245068374,0.9939432661737371
none,2,137,Control,0.007412409394321932,0.0350894568037916,0.23275712463112033,0.8170543735047925,0.9939432661737371
none,2,138,Control,0.0022217234714730434,0.01019501939159055,0.06762610810460633,0.9463967517576714,0.9939432661737371
none,2,139,Control,-0.007868548395947144,-0.031237890124362448,-0.2072087215697172,0.8368250260718176,0.9939432661737371
none,2,140,Control,-0.02380504061034929,-0.10383849209598446,-0.688786634157331,0.49465736356206247,0.9939432661737371
none,2,141,Control,-0.021962245996187166,-0.09980836234057165,-0.6620537776470286,0.5114695100076956,0.9939432661737371
none,2,142,Control,-0.0003164339250573815,-0.0015075361766777775,-0.009999863711854389,0.9920676476737647,0.9939432661737371
none,2,143,Control,-0.017900700069982806,-0.08099578568743364,-0.5372652614505109,0.5938539320518099,0.9939432661737371
none,2,144,Control,-0.005063590483110589,-0.02768350543253258,-0.1836316008029518,0.8551656664023091,0.9939432661737371
none,2,145,Control,0.006576836493460109,0.030201088632634532,0.20033135850943254,0.8421659300011622,0.9939432661737371
none,2,146,Control,-0.019229628102000573,-0.0760543140916852,-0.5044872470599183,0.6164945621094888,0.9939432661737371
none,2,147,Control,-0.02123251653702288,-0.10555222412634908,-0.7001542464291979,0.48760204489378833,0.9939432661737371
none,2,148,Control,-0.02876319975762388,-0.11660900516886646,-0.7734966346434868,0.44346023197998985,0.9939432661737371
none,2,149,DefaultMode,0.020167607248880545,0.1266131504758158,0.8398566273061787,0.40563428595850204,0.9939432661737371
none,2,150,DefaultMode,0.0019034670104424117,0.01747307102503389,0.11590324105053605,0.9082688286055622,0.9939432661737371
none,2,151,DefaultMode,-0.023348031059088295,-0.14244042685478442,-0.9448429017107661,0.3500182096749014,0.9939432661737371
none,2,152,DefaultMode,0.017970473135869414,0.09096673359362024,0.6034050474685126,0.5494091580634644,0.9939432661737371
none,2,153,DefaultMode,0.02478954959560026,0.09988656097882793,0.6625724887314541,0.51114038117702,0.9939432661737371
none,2,154,DefaultMode,-0.011551746669289887,-0.04561639336375725,-0.3025849221536818,0.7636651322367116,0.9939432661737371
none,2,155,DefaultMode,0.016705219737328646,0.08234174466158087,0.5461933432514271,0.5877559570630909,0.9939432661737371
none,2,156,DefaultMode,0.017508437209515115,0.07444367776707365,0.49380349433501125,0.6239579808111522,0.9939432661737371
none,2,157,DefaultMode,0.008068176396899216,0.03308671019712404,0.21947240654217282,0.8273206003083801,0.9939432661737371
none,2,158,DefaultMode,-0.0047469312954643295,-0.022037264529093006,-0.14617867569761914,0.8844634931763897,0.9939432661737371
none,2,159,DefaultMode,-0.002898229685855415,-0.013946446892531522,-0.09251026300229016,0.9267223085354633,0.9939432661737371
none,2,160,DefaultMode,0.03609839164940257,0.16601889784858354,1.101244784544185,0.27691651270049483,0.9939432661737371
none,2,161,DefaultMode,0.0038441776841550905,0.019933373705738184,0.13222304277573946,0.8954246605817678,0.9939432661737371
none,2,162,DefaultMode,0.023138693941485575,0.1078800772706397,0.7155954773225193,0.4781091461934901,0.9939432661737371
none,2,163,DefaultMode,0.004048481381714247,0.02039724445020528,0.1353000131969798,0.8930060624502452,0.9939432661737371
none,2,164,DefaultMode,0.012402346608635767,0.06637532404103628,0.44028409036474747,0.6619367375053615,0.9939432661737371
none,2,165,DefaultMode,-0.002930014204113492,-0.013865071876729411,-0.09197048221284047,0.9271486351148461,0.9939432661737371
none,2,166,DefaultMode,0.006265585160820259,0.02804445445579011,0.18602586576013289,0.853299287497608,0.9939432661737371
none,2,167,DefaultMode,-0.0013167139410204707,-0.007528582994730511,-0.04993896999314272,0.9604022760464666,0.9939432661737371
none,2,168,DefaultMode,0.0013024251808121264,0.009675759652083385,0.0641817286552406,0.9491229728003227,0.9939432661737371
none,2,169,DefaultMode,-0.007851068468424717,-0.04887296471565421,-0.32418657270820705,0.747368521238307,0.9939432661737371
none,2,170,DefaultMode,-0.0056722921778676475,-0.03346666740942066,-0.22199275756132753,0.8253705029922596,0.9939432661737371
none,2,171,DefaultMode,0.011959026990093739,0.0781291051382332,0.5182498538994955,0.606940558555719,0.9939432661737371
none,2,172,DefaultMode,-0.008771130916772773,-0.03776871521190669,-0.2505293143433655,0.8033712523501305,0.9939432661737371
none,2,173,DefaultMode,-0.01859665297536622,-0.08254520446982536,-0.5475429429391562,0.5868367805068446,0.9939432661737371
none,2,174,DefaultMode,-0.0012844014858382038,-0.005742770307438886,-0.03809322873393735,0.9697896580630558,0.9939432661737371
none,2,175,DefaultMode,-0.003847743785934617,-0.016540610105620978,-0.10971799504781118,0.9131434880982013,0.9939432661737371
none,2,176,DefaultMode,-0.0005424261885404559,-0.0035575262826953247,-0.023597959723056408,0.9812824701769745,0.9939432661737371
none,2,177,DefaultMode,-0.01085554425234298,-0.044587089497185754,-0.29575729271232226,0.7688390290286267,0.9939432661737371
none,2,178,DefaultMode,0.015476500403459315,0.05869883366175667,0.38936401377506047,0.6989285963387983,0.9939432661737371
none,2,179,DefaultMode,0.0027590984059370923,0.012810265115113514,0.08497368570362089,0.9326767189138845,0.9939432661737371
none,2,180,DefaultMode,0.022430938098833647,0.08937505466327234,0.5928470438711559,0.5563887915401271,0.9939432661737371
none,2,181,DefaultMode,0.02869766819577285,0.1169459783683411,0.7757318619776126,0.44215305534016813,0.9939432661737371
none,2,182,DefaultMode,-0.0030944608939497257,-0.014449218095897871,-0.09584526987621345,0.924088760243253,0.9939432661737371
none,2,183,DefaultMode,-0.0005092720175398408,-0.0021482306074100573,-0.014249749775873219,0.9886966410304019,0.9939432661737371
none,2,184,DefaultMode,-0.00022679512911488983,-0.001151068440738038,-0.0076353242518951946,0.9939432661737371,0.9939432661737371
none,2,185,DefaultMode,-0.0009876072379203112,-0.00418492549135705,-0.027759655260850155,0.9779822813515049,0.9939432661737371
none,2,186,DefaultMode,-0.00045941077280400107,-0.0021627762222589477,-0.014346234469470297,0.9886201116286041,0.9939432661737371
none,2,187,DefaultMode,0.01733955120800426,0.07973263900047128,0.5288864942188418,0.5996038351043362,0.9939432661737371
none,2,188,DefaultMode,-0.00750111933691483,-0.035525834040304405,-0.23565172375225074,0.8148217089771329,0.9939432661737371
none,2,189,DefaultMode,0.006335270692031075,0.02670372752087338,0.17713248938124854,0.8602360580001368,0.9939432661737371
none,2,190,DefaultMode,0.015460596183983856,0.07981616071389083,0.5294405145893621,0.5992228355802256,0.9939432661737371
none,2,191,DefaultMode,0.03222197316212772,0.1867115822415633,1.2385045246176998,0.2222478522327894,0.9939432661737371
none,2,192,DefaultMode,0.03137427004898237,0.1397223610414036,0.9268132927938132,0.3591964985027314,0.9939432661737371
none,2,193,DefaultMode,0.005568100047752173,0.030381448073626385,0.20152772769576915,0.8412362916593689,0.9939432661737371
none,2,194,DefaultMode,0.013714553913084964,0.07962528053034329,0.5281743586918795,0.6000937370586648,0.9939432661737371
none,2,195,DefaultMode,0.021128318386895693,0.10783743288461288,0.7153126064667874,0.4782821031762243,0.9939432661737371
none,2,196,DefaultMode,0.025987570617184638,0.11587686221553384,0.7686401477052731,0.44630820456123,0.9939432661737371
none,2,197,DefaultMode,0.020752895973675287,0.07932597998105605,0.5261890234488132,0.6014605046477228,0.9939432661737371
none,2,198,DefaultMode,0.005388426986843437,0.020532464207280825,0.136196959593905,0.8923012264126905,0.9939432661737371
none,2,199,DefaultMode,0.0040189786591083776,0.02083107349697581,0.13817770953957065,0.8907450315204954,0.9939432661737371
none,2,200,DefaultMode,0.011459239340849725,0.05192632866756332,0.3444402978619656,0.7321941115034416,0.9939432661737371
none,2,201,Visual,-0.025959372312208642,-0.15164385912537703,-1.0058915649607747,0.3200948547432409,0.9939432661737371
none,2,202,Visual,-0.002467907569695941,-0.012346053147469237,-0.08189445186388365,0.9351106662334393,0.9939432661737371
none,2,203,Visual,-0.019026623237253737,-0.0877325829227063,-0.581952118886717,0.5636377833715169,0.9939432661737371
none,2,204,Visual,-0.03519929878475493,-0.16689525958892273,-1.107057910690842,0.2744236254940724,0.9939432661737371
none,2,205,Visual,0.004165178806906467,0.01951332215758187,0.12943673602005484,0.8976156568384249,0.9939432661737371
none,2,206,Visual,-0.012430759761425818,-0.07039177559679478,-0.466926215962928,0.6429100034567361,0.9939432661737371
none,2,207,Visual,0.02592327009254316,0.1282513862541558,0.8507234540959577,0.3996355619223292,0.9939432661737371
none,2,208,Visual,-0.013614200805989603,-0.07341844178016561,-0.48700284815472383,0.6287297164800886,0.9939432661737371
none,2,209,Visual,-0.013599853209629182,-0.05734657858161409,-0.38039416833169054,0.7055255145791316,0.9939432661737371
none,2,210,Visual,-0.008512016641602595,-0.042037970072219044,-0.2788483473554801,0.7816979285514918,0.9939432661737371
none,2,211,Visual,0.004440573564861396,0.022315303702386182,0.1480229789272873,0.8830165857424839,0.9939432661737371
none,2,212,Visual,-0.007780271217315701,-0.04205672999311234,-0.27897278659287966,0.7816030641405787,0.9939432661737371
none,2,213,Visual,-0.017383485387965553,-0.09285564720774275,-0.6159346829073896,0.5411845194322586,0.9939432661737371
none,2,214,Visual,0.001129085914249746,0.005337039332219394,0.035401913912681424,0.9719230941819603,0.9939432661737371
none,2,215,Visual,-0.025438761254766417,-0.1307081993487291,-0.8670201085254209,0.39074362071406865,0.9939432661737371
none,2,216,Visual,-0.013521185752116633,-0.060218239796792486,-0.3994426138832162,0.6915442393341622,0.9939432661737371
none,2,217,Visual,0.007517663362089177,0.03424254776824722,0.22713936562619544,0.8213918401822813,0.9939432661737371
none,2,218,Visual,-0.03033394672553746,-0.19448602280075383,-1.2900743291972117,0.2039197478793586,0.9939432661737371
none,2,219,Visual,0.003493763565028714,0.01887428641832439,0.1251978524705658,0.900950423188952,0.9939432661737371
none,2,220,Visual,-0.011211595892162746,-0.05737135986211059,-0.3805585487501535,0.7054044119254522,0.9939432661737371
none,2,221,Visual,-0.0206229008721539,-0.17689046904486477,-1.1733586296235863,0.24711064570129337,0.9939432661737371
none,2,222,Visual,-0.022146135630188194,-0.11123199385119116,-0.7378295765750403,0.4646257027404287,0.9939432661737371
none,2,223,Visual,0.01831500005938804,0.0974789811520801,0.6466024108551512,0.5213258949207611,0.9939432661737371
none,2,224,Visual,-0.0020374058633772256,-0.011321103444920266,-0.07509570467920096,0.9404868536260256,0.9939432661737371
none,2,225,Visual,-0.007616801857623501,-0.05200041327052545,-0.34493171952350127,0.7318272457987247,0.9939432661737371
none,2,226,Visual,-0.012371164600068834,-0.06656765290381116,-0.44155985571310735,0.661020336366615,0.9939432661737371
none,2,227,Visual,-0.0178420021273046,-0.08444748783269716,-0.560161263258319,0.5782763146365115,0.9939432661737371
none,2,228,Visual,-0.0028274214393827265,-0.014240403616927785,-0.09446015132113877,0.925182441232161,0.9939432661737371
none,2,229,Visual,0.021848038371558805,0.15869813217863718,1.0526843187335322,0.29836543584906133,0.9939432661737371
none,2,230,Visual,-0.0187505152845539,-0.1086964052763847,-0.7210103847243498,0.47480511745372944,0.9939432661737371
none,2,231,Somatomotor,0.021190938077198587,0.0834937647254031,0.5538349798567461,0.5825605663828127,0.9939432661737371
none,2,232,Somatomotor,-0.0037196305520237716,-0.016427270886948727,-0.10896618772307534,0.9137362301120886,0.9939432661737371
none,2,233,Somatomotor,-0.005419342445369558,-0.02177490047985511,-0.1444383494780182,0.8858291937270849,0.9939432661737371
none,2,234,Somatomotor,-0.0004944879461635091,-0.002287027037799255,-0.01517042113955617,0.9879663905352315,0.9939432661737371
none,2,235,Somatomotor,-0.02387123979003789,-0.11199052656757823,-0.74286111339797,0.4616050786138959,0.9939432661737371
none,2,236,Somatomotor,-0.01876288035181442,-0.09204176928144107,-0.6105360274939992,0.5447204598411115,0.9939432661737371
none,2,237,Somatomotor,-0.004339750718704738,-0.02038628179924414,-0.13522729519708832,0.8930632093578322,0.9939432661737371
none,2,238,Somatomotor,-0.014933088966131188,-0.08230753653590746,-0.5459664322161472,0.5879105678237949,0.9939432661737371
none,2,239,Somatomotor,-0.022589412305147404,-0.1158771271699742,-0.7686419052142031,0.44630717196523373,0.9939432661737371
none,2,240,Somatomotor,-0.008705146049568173,-0.0369631641768194,-0.24518589327763174,0.8074789043353054,0.9939432661737371
none,2,241,Somatomotor,-0.019360590659833418,-0.09064182203186431,-0.6012498279877269,0.5508302827252525,0.9939432661737371
none,2,242,Somatomotor,-0.03313202266033119,-0.14895917364086642,-0.9880833760963045,0.3286393985973163,0.9939432661737371
none,2,243,Somatomotor,-0.013871914041831359,-0.07617600399872382,-0.505294446584759,0.6159323216435955,0.9939432661737371
none,2,244,Somatomotor,0.006342326459087686,0.028818020469332874,0.19115712219511743,0.8493022427870582,0.9939432661737371
none,2,245,Somatomotor,-0.009205431341952596,-0.049709887422054864,-0.32973808989952624,0.743198846904785,0.9939432661737371
none,2,246,Somatomotor,-0.02910687785245342,-0.14420453423205126,-0.9565446662313504,0.34414437045752144,0.9939432661737371
none,2,247,Somatomotor,-0.027453025784573034,-0.13412280261209258,-0.8896700241904207,0.3785936037179639,0.9939432661737371
none,2,248,Somatomotor,-0.0206627593002459,-0.09844386813028072,-0.653002746998734,0.5172308935561991,0.9939432661737371
none,2,249,Somatomotor,-0.02699019533488777,-0.12717701131190487,-0.8435968569607456,0.40356333965443103,0.9939432661737371
none,2,250,Somatomotor,-0.019666914531188264,-0.09750610712184286,-0.6467823441827066,0.5212105361548771,0.9939432661737371
none,2,251,Somatomotor,-0.006685746971511571,-0.03503684707204679,-0.23240815115008284,0.8173236482432197,0.9939432661737371
none,2,252,Somatomotor,-0.0296924291357365,-0.143908202199783,-0.9545790219025557,0.34512647221822657,0.9939432661737371
none,2,253,Somatomotor,0.011030591248176548,0.06578401397027162,0.4363617830857776,0.6647574688272094,0.9939432661737371
none,2,254,Somatomotor,-0.023735133374553543,-0.10403733339579718,-0.6901055981259413,0.49383586003169666,0.9939432661737371
none,2,255,Somatomotor,0.003985211348670755,0.02309917787987089,0.15322261198641787,0.8789395190016465,0.9939432661737371
none,2,256,Somatomotor,0.017734249893178126,0.08583469300467574,0.5693629413837055,0.5720723157805141,0.9939432661737371
none,2,257,Somatomotor,-0.002835984277848876,-0.01782577574859076,-0.11824281951018441,0.9064259027411958,0.9939432661737371
none,2,258,Somatomotor,-0.013228536274346336,-0.07637254992413506,-0.5065981847620835,0.6150247186755058,0.9939432661737371
none,2,259,Somatomotor,0.004202752845489294,0.022961880626986862,0.15231188504129223,0.8796533892760681,0.9939432661737371
none,2,260,Somatomotor,-0.00154241763363245,-0.006971594775922868,-0.04624432812427582,0.9633296184998921,0.9939432661737371
none,2,261,Somatomotor,0.005006498504888674,0.020575090892329385,0.13647971303463044,0.8920790520834059,0.9939432661737371
none,2,262,Somatomotor,-0.002419855009436571,-0.012605611560133081,-0.08361616759585606,0.9337496756161208,0.9939432661737371
none,2,263,Somatomotor,-0.01650271657134332,-0.09126357950509352,-0.6053741004863282,0.5481124273004021,0.9939432661737371
none,2,264,Somatomotor,-0.011038788345624051,-0.05652860383867916,-0.3749683377110855,0.7095271603922639,0.9939432661737371
none,2,265,Somatomotor,0.003217203951390887,0.01851790552188403,0.12283388903867944,0.9028109640227837,0.9939432661737371
none,2,266,Somatomotor,-0.014527743026017143,-0.07621577894913414,-0.505558283757891,0.6157486011151497,0.9939432661737371
none,2,267,Somatomotor,0.0006712228716249682,0.003805609444011045,0.025243557248835424,0.9799774825769336,0.9939432661737371
none,2,268,Somatomotor,0.0021023253849949785,0.009815377091124095,0.06510784597421745,0.9483898903790151,0.9939432661737371
none,2,269,Somatomotor,-0.0007831783640083821,-0.0036554730949412318,-0.02424766537431845,0.9807672358440707,0.9939432661737371
none,2,270,Somatomotor,-0.0015061218767826179,-0.007346878434076303,-0.04873367829236969,0.9613571952596806,0.9939432661737371
none,2,271,DorsalAttention,-0.015727636260429164,-0.06554021863263326,-0.43474462776460876,0.6659218829323105,0.9939432661737371
none,2,272,DorsalAttention,-0.0015293680198805977,-0.006605315747762832,-0.04381470791431025,0.9652549391737895,0.9939432661737371
none,2,273,DorsalAttention,-0.005870321721042366,-0.03094171840930493,-0.20524414066499358,0.838349921077512,0.9939432661737371
none,2,274,DorsalAttention,0.0017881303038080837,0.011900037529430009,0.07893591895253439,0.9374497986749466,0.9939432661737371
none,2,275,DorsalAttention,-0.013534114200912571,-0.07453957181793619,-0.49443958350768785,0.6235124928599923,0.9939432661737371
none,2,276,DorsalAttention,-0.017797822282133793,-0.08287844740295561,-0.5497534264856174,0.5853327698208256,0.9939432661737371
none,2,277,DorsalAttention,-0.022364130276702438,-0.13794058485225463,-0.9149943266342203,0.365297361688276,0.9939432661737371
none,2,278,DorsalAttention,-0.02767969672326409,-0.13997889930667629,-0.9285149751343696,0.3583235917024098,0.9939432661737371
none,2,279,DorsalAttention,-0.0365733060681634,-0.1786857265099264,-1.1852670204509737,0.24242105714850112,0.9939432661737371
none,2,280,DorsalAttention,0.003092263129510525,0.01549649064981482,0.10279209010537291,0.9186058775869899,0.9939432661737371
none,2,281,DorsalAttention,-0.03804750059407735,-0.18871674757257306,-1.2518052867088756,0.21740766574049974,0.9939432661737371
none,2,282,DorsalAttention,-0.01141748158322143,-0.06955276933823148,-0.46136087805009873,0.6468651097721401,0.9939432661737371
none,2,283,DorsalAttention,-0.02942629905672809,-0.15521688897570815,-1.0295923637173507,0.30895817202672615,0.9939432661737371
none,2,284,DorsalAttention,-0.020006704404257027,-0.08768984446690227,-0.5816686240426745,0.5638270353861415,0.9939432661737371
none,2,285,DorsalAttention,-0.026869424924192017,-0.1659739399582808,-1.1009465676371857,0.2770448287818454,0.9939432661737371
none,2,286,DorsalAttention,-0.012873032703734284,-0.06131525550873852,-0.4067193928945154,0.6862314768279968,0.9939432661737371
none,2,287,DorsalAttention,-0.006945063186341047,-0.03152476654937947,-0.2091116444956773,0.8353485944012099,0.9939432661737371
none,2,288,DorsalAttention,0.005910595073888986,0.03702904814867474,0.2456229181063166,0.8071427417781917,0.9939432661737371
none,2,289,DorsalAttention,0.010084577998270495,0.05420088765627995,0.3595280153201721,0.720959807869231,0.9939432661737371
none,2,290,DorsalAttention,-0.003076520565652814,-0.012415499516574127,-0.08235510696263032,0.9347465058372666,0.9939432661737371
none,2,291,DorsalAttention,-0.029196420314236794,-0.12072665534901733,-0.8008100359744864,0.42764435760505926,0.9939432661737371
none,2,292,DorsalAttention,-0.0049780664240611505,-0.02290085233759958,-0.15190706916630245,0.8799707353974238,0.9939432661737371
none,2,293,DorsalAttention,-0.039102287507937636,-0.17086213472355707,-1.1333711835143871,0.2633381536594685,0.9939432661737371
none,2,294,VentralAttention,0.004314232955043717,0.02173328553977007,0.1441623071941478,0.8860458470387764,0.9939432661737371
none,2,295,VentralAttention,0.002434669243846986,0.011959645790549037,0.07933131542560908,0.9371371498627366,0.9939432661737371
none,2,296,VentralAttention,-0.010832184324713072,-0.05058794664534183,-0.33556247587423405,0.7388325928614392,0.9939432661737371
none,2,297,VentralAttention,-0.0057620645639798185,-0.02530285665855071,-0.1678401633211168,0.8674959438781593,0.9939432661737371
none,2,298,VentralAttention,0.0042203303755905305,0.02001977996201815,0.13279619703897938,0.894974065836375,0.9939432661737371
none,2,299,VentralAttention,-0.0022602918556711526,-0.014136677452984534,-0.09377210978765337,0.9257257691009517,0.9939432661737371
none,2,300,VentralAttention,0.012811207600554481,0.08342694285027438,0.5533917336815664,0.5828613132788537,0.9939432661737371
none,2,301,VentralAttention,-0.02530524688065794,-0.10319144059714999,-0.6844945800739883,0.4973358534642336,0.9939432661737371
none,2,302,VentralAttention,-0.0016609869875113586,-0.008022330147240913,-0.05321411808550933,0.9578077680835273,0.9939432661737371
none,2,303,VentralAttention,-0.002945738565134927,-0.012399239076768457,-0.08224724740710733,0.9348317704878479,0.9939432661737371
none,2,304,VentralAttention,0.004167186213989795,0.019328428145781586,0.12821028789380454,0.8985803244922339,0.9939432661737371
none,2,305,VentralAttention,-0.004395205521479395,-0.020122101697980472,-0.1334749226511491,0.8944405197975681,0.9939432661737371
none,2,306,VentralAttention,-0.029482567377692625,-0.11871457654857842,-0.787463415115118,0.4353298883332839,0.9939432661737371
none,2,307,VentralAttention,-0.014673453707398526,-0.06362347556866584,-0.42203039263921655,0.6751054885045084,0.9939432661737371
none,2,308,VentralAttention,-0.008679926411990996,-0.035192635203954416,-0.23344153271073864,0.8165263358268312,0.9939432661737371
none,2,309,VentralAttention,-0.023935083642703216,-0.09681966607241219,-0.6422290093793874,0.5241339459987042,0.9939432661737371
none,2,310,VentralAttention,0.0012883145146871465,0.005572381853388743,0.03696299959255135,0.9706855773166874,0.9939432661737371
none,2,311,VentralAttention,-0.02456770060415435,-0.08794349499594803,-0.5833511513081147,0.5627042988148989,0.9939432661737371
none,2,312,VentralAttention,-0.02051456033244387,-0.07789184980403488,-0.5166760800534029,0.6080296010340158,0.9939432661737371
none,2,313,VentralAttention,0.0011802832356002631,0.005391171580618063,0.035760986626674686,0.9716384407550476,0.9939432661737371
none,2,314,VentralAttention,-0.017263755131519693,-0.07424335619662295,-0.49247471136181176,0.6248890593027883,0.9939432661737371
none,2,315,VentralAttention,-0.008756050226226846,-0.043481575241567864,-0.2884241407397752,0.7744078940481849,0.9939432661737371
none,2,316,VentralAttention,-0.006129481828224282,-0.03326592623891764,-0.22066119127625689,0.8264006514266321,0.9939432661737371
none,2,317,VentralAttention,-0.012287199364894209,-0.048439573754203415,-0.3213117822948795,0.749530760469066,0.9939432661737371
none,2,318,VentralAttention,0.01740470438517441,0.08424296376647089,0.5588046040817781,0.5791937713275979,0.9939432661737371
none,2,319,Limbic,-0.0040929012554469435,-0.0324676721304653,-0.21536617254606466,0.8305001160012596,0.9939432661737371
none,2,320,Limbic,-0.0224499551827643,-0.151200438463385,-1.0029502450405379,0.32149566950251207,0.9939432661737371
none,2,321,Limbic,-0.0037395770691489483,-0.04438854678402886,-0.2944403093435211,0.7698382590773657,0.9939432661737371
none,2,322,Limbic,-0.006988842267088127,-0.08758125707935493,-0.5809483367997558,0.564308018424877,0.9939432661737371
none,2,323,Limbic,0.007036031413920298,0.0577949904050414,0.3833685958714256,0.7033353858936222,0.9939432661737371
none,2,324,Limbic,-0.0015239850172732515,-0.017737053716393784,-0.117654304127314,0.9068894376613037,0.9939432661737371
none,2,325,Limbic,0.00744524829184605,0.06227382416532062,0.413077818033871,0.6816022960074037,0.9939432661737371
none,2,326,Limbic,0.0016659720392415928,0.012974966232825142,0.08606618932362414,0.9318133165220674,0.9939432661737371
none,2,327,Limbic,-0.007326727438177827,-0.049369384975177226,-0.32747945218654445,0.7448943485324733,0.9939432661737371
none,2,328,Limbic,0.003686746199333793,0.02166541217422159,0.14371208622058204,0.8863992243697099,0.9939432661737371
none,2,329,Limbic,0.009222450674506923,0.05464064901790659,0.3624450621877947,0.7187948593225564,0.9939432661737371
none,2,330,Limbic,-0.02081012693578271,-0.15222329510785285,-1.009735108448581,0.3182705880104867,0.9939432661737371
none,2,331,Limbic,-0.021061837608143803,-0.14494707507023516,-0.9614701249348937,0.3416915654246504,0.9939432661737371
none,2,332,Control,0.001815646065038022,0.012116175011110925,0.08036961281227022,0.9363161928510356,0.9939432661737371
none,2,333,Control,0.013546634501834742,0.10838879955520271,0.7189699592032952,0.47604860354022827,0.9939432661737371
none,2,334,Control,-0.011352217315462175,-0.06072265814761971,-0.4027885466973438,0.6890994077064554,0.9939432661737371
none,2,335,Control,-0.004284939779543791,-0.02309167538793595,-0.15317284608493603,0.8789785252114721,0.9939432661737371
none,2,336,Control,-0.018588841017753748,-0.10880255362869781,-0.7217144932378242,0.47437644501094756,0.9939432661737371
none,2,337,Control,-0.014838447067790283,-0.08237486692741121,-0.5464130515073582,0.5876062726264744,0.9939432661737371
none,2,338,Control,-0.010749536704345431,-0.07292530450433399,-0.4837317455265808,0.6310306638654631,0.9939432661737371
none,2,339,Control,-0.015040438380326399,-0.06654623785168774,-0.4414178043275891,0.6611223479934375,0.9939432661737371
none,2,340,Control,-0.019856173345691838,-0.08943456770803229,-0.5932418087503568,0.5561270187154458,0.9939432661737371
none,2,341,Control,-0.010589709923632267,-0.1251629572178427,-0.8302371334857788,0.41099066278905805,0.9939432661737371
none,2,342,Control,0.012401193140763727,0.10995387807717566,0.7293515156529518,0.469741070059599,0.9939432661737371
none,2,343,Control,0.003757382374361207,0.01781384542038618,0.11816368266562363,0.9064882317203438,0.9939432661737371
none,2,344,Control,0.003665189288846306,0.018714573943996834,0.12413843976719825,0.901784157509776,0.9939432661737371
none,2,345,Control,0.012628024583387937,0.05638559176039868,0.37401970290279507,0.7102276518711215,0.9939432661737371
none,2,346,Control,-0.007452842949560279,-0.03244759651455458,-0.2152330059752424,0.830603277199037,0.9939432661737371
none,2,347,Control,-0.025562653694766936,-0.11492080462774232,-0.7622983791119199,0.4500433678073843,0.9939432661737371
none,2,348,Control,-0.027265616663561844,-0.13746439186538734,-0.9118356197037457,0.36693914230941205,0.9939432661737371
none,2,349,Control,0.0031182886068987503,0.013827724226614437,0.09172274592837433,0.9273443080287556,0.9939432661737371
none,2,350,Control,-0.028440684413958098,-0.12734907828241016,-0.844738220120704,0.40293268004501326,0.9939432661737371
none,2,351,Control,0.000522442785893935,0.002388278563177903,0.01584204777782042,0.9874336818225435,0.9939432661737371
none,2,352,Control,0.01492503536007594,0.06563503288972271,0.4353735543956925,0.6654689322619419,0.9939432661737371
none,2,353,Control,0.006348326663466484,0.024688233296642867,0.16376321316344677,0.8706848676020487,0.9939432661737371
none,2,354,Control,0.01832906414088069,0.07887446439410063,0.5231940078709567,0.603525115145733,0.9939432661737371
none,2,355,Control,0.008618944369577495,0.039241261214955574,0.2602970795006667,0.7958770633649317,0.9939432661737371
none,2,356,Control,-0.0006087574449269616,-0.003387231376404059,-0.02246835110730269,0.982178299786391,0.9939432661737371
none,2,357,Control,0.0023679728517486194,0.011768159124932355,0.07806113658119543,0.9381415440184655,0.9939432661737371
none,2,358,Control,-0.02181489957212386,-0.1071536989439503,-0.7107772285915698,0.4810600179046445,0.9939432661737371
none,2,359,Control,-0.03200764198735709,-0.13457942439968892,-0.8926989104715374,0.3769872654205294,0.9939432661737371
none,2,360,Control,-0.013130473106093648,-0.048392078278782745,-0.3209967329524598,0.7497678453766463,0.9939432661737371
none,2,361,Control,-0.005790429313365539,-0.024274809449029953,-0.16102086959961254,0.8728311123426937,0.9939432661737371
none,2,362,DefaultMode,0.006915406799192611,0.0336011419106165,0.2228847604900009,0.8246805908104458,0.9939432661737371
none,2,363,DefaultMode,0.000983815432872174,0.004517851639417911,0.029968037492882453,0.976231207916239,0.9939432661737371
none,2,364,DefaultMode,0.004510656884526174,0.020102739743303493,0.1333464899734063,0.8945414769095481,0.9939432661737371
none,2,365,DefaultMode,0.006585368406138356,0.030025367262439488,0.1991657548042646,0.8430718811367865,0.9939432661737371
none,2,366,DefaultMode,-0.002250379038018537,-0.013290612743519075,-0.08815995140833752,0.9301588555169642,0.9939432661737371
none,2,367,DefaultMode,-0.012501491835751622,-0.07505860459230686,-0.4978824574406572,0.6211037374399402,0.9939432661737371
none,2,368,DefaultMode,0.01268511328653895,0.08843506913067417,0.5866118852311751,0.560531623168091,0.9939432661737371
none,2,369,DefaultMode,0.023177628110588096,0.1122599581381313,0.7446483202503714,0.46053488845264157,0.9939432661737371
none,2,370,DefaultMode,0.008801841272512233,0.040012659755203205,0.26541395854432553,0.7919589222830203,0.9939432661737371
none,2,371,DefaultMode,-0.004199337707873901,-0.020296715496266587,-0.1346331795554169,0.8935301286278876,0.9939432661737371
none,2,372,DefaultMode,-0.0003261815533271706,-0.0017153386519570494,-0.011378269393871127,0.9909742781781434,0.9939432661737371
none,2,373,DefaultMode,0.010507146509114489,0.044576570182440836,0.2956875154722012,0.7688919609077263,0.9939432661737371
none,2,374,DefaultMode,0.017651818225546425,0.07729267747113018,0.5127016204273893,0.6107839103590404,0.9939432661737371
none,2,375,DefaultMode,0.0029194256052878435,0.012502977517398567,0.08293537037492067,0.9342878119380584,0.9939432661737371
none,2,376,DefaultMode,-0.012043446492898157,-0.06715001543074216,-0.44542281170069414,0.6582487286949901,0.9939432661737371
none,2,377,DefaultMode,-0.00210880833413043,-0.013583142566877381,-0.09010037473647442,0.9286258393799436,0.9939432661737371
none,2,378,DefaultMode,-0.00481626411892958,-0.023038617198444116,-0.15282089787173603,0.8792543887468057,0.9939432661737371
none,2,379,DefaultMode,-0.02050412962399872,-0.13259287289270996,-0.879521618520809,0.3840074317797698,0.9939432661737371
none,2,380,DefaultMode,0.0017835039320332304,0.011279190752056285,0.07481768732683458,0.9407067605420464,0.9939432661737371
none,2,381,DefaultMode,-0.006604303221625862,-0.03528945100195306,-0.23408373606221947,0.8160309385303475,0.9939432661737371
none,2,382,DefaultMode,-0.00998522427867774,-0.04571044090735941,-0.3032087629828474,0.7631929332899579,0.9939432661737371
none,2,383,DefaultMode,-0.029224708771164353,-0.15987264213968924,-1.0604751364402214,0.2948489277196363,0.9939432661737371
none,2,384,DefaultMode,-0.016938380693067995,-0.08725043134244348,-0.5787538871190998,0.5657746556392848,0.9939432661737371
none,2,385,DefaultMode,0.0034865454174568492,0.015279486536046783,0.10135264765870865,0.9197416592366467,0.9939432661737371
none,2,386,DefaultMode,0.011297133075560918,0.051896785743381114,0.3442443322725208,0.7323404252446182,0.9939432661737371
none,2,387,DefaultMode,0.009316439038787793,0.04045265908836545,0.26833258393653703,0.7897264738190546,0.9939432661737371
none,2,388,DefaultMode,0.018491941028267157,0.08728044472065748,0.5789529733475534,0.5656415203384388,0.9939432661737371
none,2,389,DefaultMode,-0.005374183936031848,-0.028470315617452505,-0.18885070913217103,0.8510983573423432,0.9939432661737371
none,2,390,DefaultMode,-0.0034695061941821463,-0.017139914274250812,-0.11369332917309316,0.9100100836140047,0.9939432661737371
none,2,391,DefaultMode,0.009294685724763463,0.04500450635009515,0.2985261228768653,0.7667395423376483,0.9939432661737371
none,2,392,DefaultMode,0.02453623780346166,0.11746057336689406,0.7791452990359998,0.440161263804835,0.9939432661737371
none,2,393,DefaultMode,0.015327668992724232,0.10989853519845773,0.7289844125259008,0.46996329290837113,0.9939432661737371
none,2,394,DefaultMode,0.005903793242673917,0.03130802843530014,0.20767396649133643,0.836463998666233,0.9939432661737371
none,2,395,DefaultMode,0.040002708076674325,0.19248057199069663,1.2767716734522632,0.2085349882011059,0.9939432661737371
none,2,396,DefaultMode,0.006924833541189062,0.03468086672837447,0.23004684468467704,0.8191462632041441,0.9939432661737371
none,2,397,DefaultMode,0.020173888133899896,0.09016627377835285,0.5980953977345144,0.5529136444820466,0.9939432661737371
none,2,398,DefaultMode,0.008403129797624148,0.0334189836960174,0.22167645958938853,0.8256151745706795,0.9939432661737371
none,2,399,DefaultMode,0.0032259605109683284,0.015431426609816692,0.10236050408933606,0.9189463994747782,0.9939432661737371
none,2,400,DefaultMode,0.00047637795798629386,0.002459976123299988,0.016317635588438222,0.9870564671471367,0.9939432661737371
gsr,0,1,Visual,0.02099837569713309,0.24837847992163012,1.6475564477977391,0.10673315000103761,0.4796995505664612
gsr,0,2,Visual,0.00492073880293126,0.09117720372059462,0.6048011483500175,0.5484895865589712,0.9102859108045926
gsr,0,3,Visual,0.002495062375702835,0.021084731623913482,0.13986028720372384,0.8894234404104631,0.994976522666895
gsr,0,4,Visual,0.0006324626892874607,0.008202014837488714,0.05440601148175577,0.9568636868757561,0.9965283707298259
gsr,0,5,Visual,-0.013747191758122517,-0.14716704105932069,-0.976195713401188,0.33442767792453476,0.81544280211764
gsr,0,6,Visual,-0.016871631073081584,-0.23305348894092737,-1.5459019578005955,0.12945707602592121,0.5143626481994051
gsr,0,7,Visual,0.008457420415132859,0.1812933948439451,1.2025643353342363,0.23572521038586103,0.7089480011604843
gsr,0,8,Visual,-0.006379507544894255,-0.0666357221872462,-0.4420113762589121,0.6606961283649502,0.9429179086390636
gsr,0,9,Visual,-0.017116139204942378,-0.32468930499687226,-2.153745196231784,0.036909289997507096,0.26843119998186976
gsr,0,10,Visual,0.00024407172411893628,0.003214923362712262,0.021325389047728467,0.9830847429423644,0.9965283707298259
gsr,0,11,Visual,-0.011755779022636604,-0.0735180045177214,-0.48766327264187076,0.6282656146418109,0.9269106376084012
gsr,0,12,Visual,-0.007408341690380695,-0.0450785063758751,-0.29901698351684264,0.7663675279142885,0.969488317125111
gsr,0,13,Visual,0.00029838182460112384,0.003125949741302518,0.020735204810817958,0.9835528063057519,0.9965283707298259
gsr,0,14,Visual,0.013692895979563411,0.11483943639536565,0.7617586433186238,0.450362105097343,0.8705281299943634
gsr,0,15,Visual,0.0031832692429156133,0.020183895266193096,0.133884814811586,0.8941183275969679,0.994976522666895
gsr,0,16,Visual,-0.0014939689546623564,-0.01366353849437154,-0.0906336609888159,0.9282045685677243,0.9965283707298259
gsr,0,17,Visual,-0.0019193253244985007,-0.026212825341300528,-0.1738762127044271,0.8627787561792196,0.994976522666895
gsr,0,18,Visual,-0.0045790344672481794,-0.07077370636870467,-0.46945965809555956,0.6411130232324591,0.9325280337926678
gsr,0,19,Visual,0.0158066323030051,0.0859749096767297,0.5702930335648161,0.5714470508832751,0.9106725910490441
gsr,0,20,Visual,-0.003062055325300582,-0.030787137127768215,-0.2042187644440544,0.8391460615328963,0.994976522666895
gsr,0,21,Visual,-0.009560467573222037,-0.10253960303563321,-0.6801707788423658,0.5000422212405338,0.8869694883873435
gsr,0,22,Visual,-0.014383213860848837,-0.2052471289505592,-1.3614554320533923,0.18046141986743416,0.6161281626792119
gsr,0,23,Visual,0.017043485527612236,0.0891279963540861,0.5912082444453353,0.5574761616618188,0.9102859108045926
gsr,0,24,Visual,0.02194024407501872,0.09622289139375972,0.6382704539924374,0.5266825378392361,0.9080733411021313
gsr,0,25,Visual,0.003637400452203063,0.048415858459916354,0.3211544728289936,0.749649137912929,0.969488317125111
gsr,0,26,Visual,-0.0070903876083997786,-0.04246060732702197,-0.28165180574869436,0.7795615715344484,0.9775066727704682
gsr,0,27,Visual,-0.018989499942140223,-0.26156835567769937,-1.7350481856263125,0.0898954547033669,0.43182755918158283
gsr,0,28,Visual,0.028949309081326587,0.1680804471985117,1.1149195559052114,0.2710775597266411,0.7376260128616084
gsr,0,29,Visual,0.018151068018865055,0.11703641467092388,0.776331748543801,0.44180262632212186,0.8662796594551408
gsr,0,30,Visual,-0.017029592395850245,-0.24872919770949323,-1.6498828464170294,0.10625404693888083,0.4796995505664612
gsr,0,31,Visual,-0.027190778921228655,-0.25052862660196035,-1.6618189073635063,0.10382359848156611,0.4796995505664612
gsr,0,32,Somatomotor,-0.016539496931432324,-0.20315320158938843,-1.3475658892628672,0.18485580992424494,0.6161281626792119
gsr,0,33,Somatomotor,-0.013356964200520917,-0.16302531330611905,-1.0813875911330608,0.28555231979343754,0.7612819110804548
gsr,0,34,Somatomotor,-0.011831922427489407,-0.13746426101405534,-0.9118347517342025,0.36693959410172106,0.81544280211764
gsr,0,35,Somatomotor,0.002611432234684428,0.027670277662987543,0.18354385770616355,0.8552340799603994,0.994976522666895
gsr,0,36,Somatomotor,-0.0037534868717220685,-0.04794302704195004,-0.3180180640240216,0.7520105976174154,0.969488317125111
gsr,0,37,Somatomotor,-0.01570007349766118,-0.19887862066996226,-1.3192115271713694,0.19408037124395175,0.6161281626792119
gsr,0,38,Somatomotor,-0.018222222790915524,-0.2889545054571791,-1.9167073521683298,0.06193624053331955,0.3470219884969327
gsr,0,39,Somatomotor,-0.0016382010567858722,-0.012692465724111751,-0.08419229294265047,0.9332943016741599,0.9965283707298259
gsr,0,40,Somatomotor,-0.01605147815815053,-0.15788673268932665,-1.0473021034112735,0.30081165289988543,0.7698812698051399
gsr,0,41,Somatomotor,-0.010567783664149288,-0.1122715952978196,-0.7447255124349944,0.46048869769285106,0.8710738043717112
gsr,0,42,Somatomotor,-0.003536982766483421,-0.03918429296827915,-0.25991919490228677,0.7961666331861599,0.9914813180236751
gsr,0,43,Somatomotor,0.010775472108386742,0.07573112444607172,0.5023434494786626,0.6179889163418113,0.9269106376084012
gsr,0,44,Somatomotor,-0.014813851208939216,-0.20050494455387144,-1.32999933939241,0.19053034313220998,0.6161281626792119
gsr,0,45,Somatomotor,-0.005405414634710471,-0.08255615696428989,-0.5476155935684709,0.5867873196499962,0.9234856436878005
gsr,0,46,Somatomotor,-0.026446096352087837,-0.5643097775536218,-3.7432075953485655,0.0005344477747331492,0.045590363289860256
gsr,0,47,Somatomotor,-0.012747769873331061,-0.22417785883349972,-1.4870276881119566,0.14430406188484218,0.539454436952681
gsr,0,48,Somatomotor,-0.026371756764077634,-0.41265551825675134,-2.7372470434545932,0.008973396310783449,0.18279823570517506
gsr,0,49,Somatomotor,-0.009832209212855787,-0.1421158764702188,-0.9426900780084271,0.3511059762025558,0.81544280211764
gsr,0,50,Somatomotor,-0.028021401368808315,-0.3670166346570394,-2.434512937952695,0.019137134031574448,0.21078791288902465
gsr,0,51,Somatomotor,-0.01150953806263834,-0.07258588915182594,-0.48148031878187025,0.6326165101677338,0.9269106376084012
gsr,0,52,Somatomotor,0.002838135434097298,0.01518313436874219,0.10071351968533485,0.9202460130285164,0.9965283707298259
gsr,0,53,Somatomotor,-0.04272822426657334,-0.6209544959568444,-4.1189461499462245,0.00016970327323687068,0.045590363289860256
gsr,0,54,Somatomotor,-0.014663429006134836,-0.1912874001441202,-1.2688570668012444,0.21131783242449895,0.655249092789144
gsr,0,55,Somatomotor,-0.006310846997855688,-0.10466768195831518,-0.6942868574639651,0.49123660761342114,0.8869694883873435
gsr,0,56,Somatomotor,-0.02360724913786372,-0.31543009005692,-2.0923265126136337,0.04234818387511448,0.2823212258340965
gsr,0,57,Somatomotor,-0.009109825254908827,-0.044764381322458247,-0.2969333136379742,0.7679470867073088,0.969488317125111
gsr,0,58,Somatomotor,-0.01973936314485297,-0.1270944965648695,-0.8430495160495712,0.40386598954464614,0.8284430554761972
gsr,0,59,Somatomotor,-0.017369637834016752,-0.13886546339151476,-0.9211292768169754,0.36212222865102206,0.81544280211764
gsr,0,60,Somatomotor,-0.004473897340687768,-0.0446903505960187,-0.2964422493528597,0.7683194913216504,0.969488317125111
gsr,0,61,Somatomotor,-0.03150845969569427,-0.2473568176315937,-1.6407795068407267,0.10813891444488072,0.4806173975328032
gsr,0,62,Somatomotor,-0.011047956467554125,-0.131960705608602,-0.8753282951485606,0.386258677992416,0.81544280211764
gsr,0,63,Somatomotor,0.01500684247710108,0.10815894321556015,0.7174452647347376,0.4769789953857323,0.8710738043717112
gsr,0,64,Somatomotor,-0.0131315982871621,-0.1572934770237349,-1.043366890516233,0.30260893857289495,0.7698812698051399
gsr,0,65,Somatomotor,-0.004916717345116662,-0.027646611413514835,-0.1833868735667717,0.8553564837793681,0.994976522666895
gsr,0,66,Somatomotor,-0.009893158491590913,-0.09221324060655335,-0.6116734395894041,0.5439745057577952,0.9102859108045926
gsr,0,67,Somatomotor,0.005725229594055064,0.036501799067857436,0.24212554336205522,0.8098339748572063,0.9928534594303124
gsr,0,68,Somatomotor,0.006859470549339888,0.05314515557757123,0.3525250809517346,0.7261666144229392,0.9633670987804791
gsr,0,69,DorsalAttention,0.004805143988243541,0.04472792585419289,0.29669149541838874,0.7681304655914422,0.969488317125111
gsr,0,70,DorsalAttention,-0.0009438321795925711,-0.007255418056301475,-0.048126998779843326,0.9618378724285896,0.9965283707298259
gsr,0,71,DorsalAttention,0.0041217638865064295,0.02955716040289313,0.19606002184949267,0.8454868203782452,0.994976522666895
gsr,0,72,DorsalAttention,0.008860749653390669,0.03894860509325763,0.2583558184041216,0.7973649439410834,0.9914813180236751
gsr,0,73,DorsalAttention,-0.031149767165131646,-0.31375231954612387,-2.0811974420763666,0.04340554685985446,0.2846265367859309
gsr,0,74,DorsalAttention,-0.01031272161936331,-0.11154605609706557,-0.7399128298358035,0.46337366709232164,0.8710738043717112
gsr,0,75,DorsalAttention,-0.04298630713417635,-0.5705167362541911,-3.7843799015466084,0.00047228700978784724,0.045590363289860256
gsr,0,76,DorsalAttention,-0.036896060771857794,-0.5516477271849115,-3.6592170550493797,0.0006866071889652109,0.04577381259768073
gsr,0,77,DorsalAttention,-0.04303358593981452,-0.5248814242893344,-3.4816694875901146,0.0011567764113212396,0.05783882056606198
gsr,0,78,DorsalAttention,-0.02670546910072971,-0.3360043984989875,-2.228801035460393,0.031105705340134834,0.25861877007251133
gsr,0,79,DorsalAttention,-0.029501320735143718,-0.3348032432215017,-2.220833472719642,0.03168079933388264,0.25861877007251133
gsr,0,80,DorsalAttention,-0.017619075663926204,-0.21608762897371736,-1.4333631742867003,0.15898558955574396,0.5834333561678677
gsr,0,81,DorsalAttention,-0.028676674487896296,-0.30592446569550247,-2.0292733338038675,0.0486494240421361,0.3088852320135625
gsr,0,82,DorsalAttention,-0.01367590312533603,-0.1604989861374034,-1.0646298325004395,0.29298543837803415,0.7612819110804548
gsr,0,83,DorsalAttention,-0.02173048741555522,-0.21219024924198301,-1.407510881815304,0.16646405931411895,0.5945144975504247
gsr,0,84,DorsalAttention,0.001875532703605659,0.010940172696001943,0.07256889594865863,0.9424856861428816,0.9965283707298259
gsr,0,85,DorsalAttention,0.006506477841147781,0.03879573241206382,0.2573417757556907,0.7981424610090585,0.9914813180236751
gsr,0,86,DorsalAttention,-0.012782408965505143,-0.08737215623873293,-0.5795613187363733,0.5652347969590176,0.9102859108045926
gsr,0,87,DorsalAttention,-0.0440450459829557,-0.41825871334901965,-2.774414434951024,0.008149790249592682,0.18279823570517506
gsr,0,88,DorsalAttention,-0.0380054571249602,-0.40997570297247904,-2.719471159843811,0.009393912536377417,0.18279823570517506
gsr,0,89,DorsalAttention,0.003491050161058952,0.020836375494611255,0.1382128790131629,0.8907174042090975,0.994976522666895
gsr,0,90,DorsalAttention,-0.006053748729069552,-0.09411235140697974,-0.6242707155100559,0.5357481014287798,0.9102859108045926
gsr,0,91,DorsalAttention,-0.007380236608366907,-0.1309718384195575,-0.8687688922814525,0.38979687697651855,0.81544280211764
gsr,0,92,VentralAttention,-0.0025471867368667463,-0.022338278468093182,-0.1481753762822802,0.8828970437581873,0.994976522666895
gsr,0,93,VentralAttention,-0.015089246847884352,-0.1694557155623606,-1.1240420542030771,0.267231247198309,0.7376260128616084
gsr,0,94,VentralAttention,0.0011095537537369042,0.01666685103474343,0.1105553826379812,0.9124833315477139,0.9965283707298259
gsr,0,95,VentralAttention,0.013957066076731557,0.19162602117983124,1.2711032246443947,0.2105252535937957,0.655249092789144
gsr,0,96,VentralAttention,0.018191836974970607,0.12900100995897723,0.8556958952216555,0.39690918035007516,0.8226097002074096
gsr,0,97,VentralAttention,-0.0022716574967190347,-0.0646253803284478,-0.4286762769669524,0.6702987482620617,0.9440827440310728
gsr,0,98,VentralAttention,-0.02108118472179202,-0.35934841495300096,-2.3836477228160846,0.021628150878534026,0.21078791288902465
gsr,0,99,VentralAttention,-0.02102333543225402,-0.2735001121758667,-1.814194504414924,0.07662901179362155,0.38799499642340024
gsr,0,100,VentralAttention,-0.013700986952990622,-0.18435984209276668,-1.2229048452617537,0.22802585463278147,0.6992521472509837
gsr,0,101,VentralAttention,0.011987664539304421,0.10973783660826998,0.727918458669917,0.4706088999528103,0.8710738043717112
gsr,0,102,VentralAttention,0.020294565307412072,0.13248519827180666,0.8788073858868486,0.3843902894871969,0.81544280211764
gsr,0,103,VentralAttention,-0.023909798157714688,-0.44508928589322244,-2.9523883190300872,0.005091769405662026,0.14547912587605788
gsr,0,104,VentralAttention,-0.020582862717457212,-0.2636145354308034,-1.7486210066156485,0.08749292489459215,0.4267947555833764
gsr,0,105,VentralAttention,-0.008026338351512109,-0.08654042250556687,-0.574044221299587,0.5689286942528704,0.9102859108045926
gsr,0,106,VentralAttention,-0.010029484963749386,-0.12782806842820468,-0.8479154813044603,0.401180308417031,0.827175893643363
gsr,0,107,VentralAttention,-0.025669280105084513,-0.3819751127592195,-2.5337362565520527,0.015011213987372379,0.19636229868338556
gsr,0,108,VentralAttention,-0.02040693383515592,-0.2323284316636972,-1.5410924719204173,0.13062200623567816,0.5143626481994051
gsr,0,109,VentralAttention,-0.026761710723735174,-0.2777185867801652,-1.8421766993151267,0.07235205213541909,0.37935489956925184
gsr,0,110,VentralAttention,-0.0326288155407847,-0.43211513097854104,-2.866327511382201,0.006404372146356838,0.16010930365892095
gsr,0,111,VentralAttention,-0.027960516770846065,-0.32551290450932674,-2.1592083373524464,0.03645670205113004,0.26843119998186976
gsr,0,112,VentralAttention,-0.03010202853249466,-0.29584647259722474,-1.96242349031031,0.05620489187983885,0.3376397240674834
gsr,0,113,VentralAttention,-0.0003939961195703435,-0.0023466361866051593,-0.015565823500879367,0.9876527717281932,0.9965283707298259
gsr,0,114,Limbic,-0.01127393642609517,-0.13052216657552543,-0.8657861067105691,0.39141254501646716,0.81544280211764
gsr,0,115,Limbic,0.017095415839860822,0.19381120870866508,1.285598118903806,0.20546406484339202,0.6471309128925733
gsr,0,116,Limbic,-0.0030650545936640587,-0.03557105378801858,-0.23595167762481553,0.8145904369707893,0.9928534594303124
gsr,0,117,Limbic,-0.0001801993221190734,-0.0025019494036268458,-0.01659605483256741,0.9868356390182114,0.9965283707298259
gsr,0,118,Limbic,0.0006029609077348401,0.0049076395243039805,0.03255359781686913,0.9741812132318122,0.9965283707298259
gsr,0,119,Limbic,-0.009219806838265466,-0.05474616807285395,-0.36314499641478143,0.7182757347714872,0.9633670987804791
gsr,0,120,Limbic,0.004585715556616912,0.027622704890050875,0.18322829563002813,0.8554801339735825,0.994976522666895
gsr,0,121,Limbic,-9.719501900644986e-05,-0.0008904310000695291,-0.005906451057863102,0.9953146790404552,0.9965283707298259
gsr,0,122,Limbic,-0.010091103651620014,-0.17796713861663546,-1.180500447609098,0.24429032516725147,0.7157853557090827
gsr,0,123,Limbic,-0.02336258392094106,-0.35494653888041006,-2.354448980203229,0.023186670417792713,0.21078791288902465
gsr,0,124,Limbic,0.014952693858837717,0.08919893753555522,0.5916788150075705,0.5571638208488179,0.9102859108045926
gsr,0,125,Limbic,-0.009538943798061621,-0.09997006227870181,-0.6631263736938313,0.5107890605439089,0.8998328243782903
gsr,0,126,Limbic,-0.01194479149911651,-0.2396424696204613,-1.5896083111304253,0.11924959068676855,0.4975825843211291
gsr,0,127,Control,-0.026657099191636755,-0.3553334756315563,-2.357015628245532,0.02304573233821427,0.21078791288902465
gsr,0,128,Control,-0.0016917726473524499,-0.021219460673109695,-0.14075397861281416,0.8887216140168467,0.994976522666895
gsr,0,129,Control,-0.00544253175014339,-0.0816180890001772,-0.5413931546388422,0.5910308119601924,0.9234856436878005
gsr,0,130,Control,-0.02345862232990931,-0.3903592391839666,-2.5893502596436324,0.013070418022245128,0.19636229868338556
gsr,0,131,Control,-0.03143824737589778,-0.40784903862264155,-2.7053644644369395,0.009740496153764181,0.18279823570517506
gsr,0,132,Control,-0.03805440833189997,-0.479311789216854,-3.1793947248524406,0.0027357361528034534,0.09119120509344845
gsr,0,133,Control,-0.008516149216216117,-0.078870595574297,-0.5231683450236166,0.6035428200438118,0.9269106376084012
gsr,0,134,Control,-0.012131577332472976,-0.1331108666765826,-0.8829576005704927,0.3821689843030357,0.81544280211764
gsr,0,135,Control,0.012285740084979789,0.09049425837144945,0.6002710013991517,0.5514763263971146,0.9102859108045926
gsr,0,136,Control,0.012482607003281476,0.08780047246943755,0.5824024471941067,0.5633372238863921,0.9102859108045926
gsr,0,137,Control,-0.00015235421086322437,-0.0011007207998046174,-0.007301355783783635,0.9942081822964745,0.9965283707298259
gsr,0,138,Control,0.01177319860859994,0.07103086062373902,0.47116542644994414,0.6399043395602584,0.9325280337926678
gsr,0,139,Control,-0.006181919876817142,-0.04839574557811139,-0.32102105906419387,0.7497495383117384,0.969488317125111
gsr,0,140,Control,-0.018140111680772283,-0.24027642715004174,-1.5938135096477033,0.11830288187163077,0.4975825843211291
gsr,0,141,Control,-0.011831637237347313,-0.12203763082331576,-0.8095060634896986,0.4226811211816007,0.850739978033613
gsr,0,142,Control,-0.011069000932365769,-0.10227629019870908,-0.6784241590772432,0.501137760938849,0.8869694883873435
gsr,0,143,Control,-0.010821671036741478,-0.11769766957444858,-0.7807180173553492,0.43924535491755623,0.8655080885075
gsr,0,144,Control,-0.006112977110620393,-0.06730914698269537,-0.4464783710009655,0.6574922250393096,0.9429179086390636
gsr,0,145,Control,-0.03325040336977737,-0.38487793249492175,-2.5529913843467784,0.014311328769565408,0.19636229868338556
gsr,0,146,Control,-0.020076078107364528,-0.33287948983923277,-2.2080727364033157,0.032621534474165104,0.26097227579332083
gsr,0,147,Control,-0.017467831073730632,-0.24991220762334868,-1.6577300464320885,0.10465098212988322,0.4796995505664612
gsr,0,148,Control,-0.031215653863950085,-0.5682470741288553,-3.769324666205367,0.000494161732750718,0.045590363289860256
gsr,0,149,DefaultMode,0.010967529177526745,0.13618247019108864,0.9033323132951997,0.3713824683860345,0.81544280211764
gsr,0,150,DefaultMode,-0.00769947581293521,-0.11933510643858389,-0.7915795447478152,0.4329508948105999,0.8573285045754453
gsr,0,151,DefaultMode,0.01028334074856822,0.09946768648696043,0.6597939896839036,0.5129047098956254,0.8998328243782903
gsr,0,152,DefaultMode,0.009408117700338291,0.16297635236287655,1.0810628209768263,0.28569511072177756,0.7612819110804548
gsr,0,153,DefaultMode,0.023477001797963762,0.1434929951965117,0.951824850222198,0.3465056577225851,0.81544280211764
gsr,0,154,DefaultMode,-0.0118816065431721,-0.15224700133949304,-1.009892357799669,0.31819610292521994,0.7808493323318281
gsr,0,155,DefaultMode,0.00014718264474341598,0.002070375379099278,0.01373331661532425,0.9891062655443319,0.9965283707298259
gsr,0,156,DefaultMode,0.01339132623766835,0.08988095994406758,0.5962028398628705,0.5541655124596516,0.9102859108045926
gsr,0,157,DefaultMode,0.004207759884297426,0.05154652683149096,0.34192097749208544,0.7340758773039996,0.9690770657478543
gsr,0,158,DefaultMode,-0.0017664463487002174,-0.029530451347258208,-0.1958828540174012,0.8456246271505348,0.994976522666895
gsr,0,159,DefaultMode,-0.0106953850520443,-0.20388282591979331,-1.3524056695466022,0.1833153802832507,0.6161281626792119
gsr,0,160,DefaultMode,-0.003484045346073711,-0.020828637360760165,-0.13816155004003944,0.8907577256298853,0.994976522666895
gsr,0,161,DefaultMode,0.01515614157038983,0.09641851608827749,0.6395680814153242,0.5258463799076883,0.9080733411021313
gsr,0,162,DefaultMode,-0.019833000422330785,-0.38837773742815607,-2.5762064639527256,0.013507176994364267,0.19636229868338556
gsr,0,163,DefaultMode,-0.017507102187966358,-0.3199896791560994,-2.1225714050939795,0.039587789842147086,0.2730192402906696
gsr,0,164,DefaultMode,-0.021512428864373937,-0.21411707149956802,-1.4202919747475342,0.16273323774604984,0.5917572281674539
gsr,0,165,DefaultMode,-0.02441973567569195,-0.33542791678795003,-2.2249770883923663,0.03138054826295397,0.25861877007251133
gsr,0,166,DefaultMode,-0.004050875390710034,-0.07369411654608073,-0.4888314676801428,0.627445058387165,0.9269106376084012
gsr,0,167,DefaultMode,-0.000642999909191384,-0.010139110595363855,-0.06725525110547774,0.9466902538789653,0.9965283707298259
gsr,0,168,DefaultMode,-0.006667128937589384,-0.04768283413346908,-0.31629213952293667,0.7533111053518206,0.969488317125111
gsr,0,169,DefaultMode,0.010734205241737987,0.05312102858305815,0.3523650405754969,0.7262857616368752,0.9633670987804791
gsr,0,170,DefaultMode,-0.005984421557052944,-0.10364485347376126,-0.6875021808476592,0.4954580987721412,0.8869694883873435
gsr,0,171,DefaultMode,0.01605498250761037,0.10337780658549128,0.6857307921880123,0.49656356660047063,0.8869694883873435
gsr,0,172,DefaultMode,-0.013441465466705748,-0.1598230779784656,-1.0601463649885663,0.29499674054367625,0.7612819110804548
gsr,0,173,DefaultMode,-0.010773820561130371,-0.12360955368467129,-0.8199330201506949,0.41677623278588316,0.8462461579408795
gsr,0,174,DefaultMode,-0.0034686457565801746,-0.028283269101838714,-0.18760998291090236,0.8520649019505958,0.994976522666895
gsr,0,175,DefaultMode,-0.016026526357543862,-0.1761672500292077,-1.1685613373912158,0.2490183155350777,0.7157853557090827
gsr,0,176,DefaultMode,0.007622925330603958,0.04344870626740801,0.28820611263071094,0.7745736523779634,0.9743064809785702
gsr,0,177,DefaultMode,-0.015514120936712523,-0.22885657954120384,-1.5180628102845979,0.13631723277844188,0.5242970491478534
gsr,0,178,DefaultMode,-0.007752148604644246,-0.13778179751162153,-0.9139410505735437,0.3658442877415983,0.81544280211764
gsr,0,179,DefaultMode,-0.026341052949847274,-0.28735986174701117,-1.9061296824464755,0.06333151290069022,0.3470219884969327
gsr,0,180,DefaultMode,-0.021981615403958505,-0.3292799253381676,-2.184195926685883,0.03444846074135506,0.26498815954888505
gsr,0,181,DefaultMode,-0.009842059421766775,-0.16961816638962385,-1.125119631084907,0.2667794870348755,0.7376260128616084
gsr,0,182,DefaultMode,0.00357171753383352,0.024935996064602502,0.1654066854401307,0.8693991054808803,0.994976522666895
gsr,0,183,DefaultMode,-0.003124901218715259,-0.018913176738487372,-0.12545582167048064,0.9007474242333309,0.9953010212522992
gsr,0,184,DefaultMode,-0.015814433220045346,-0.13690684861794014,-0.9081372961913885,0.36886743705252034,0.81544280211764
gsr,0,185,DefaultMode,-0.0004591489158261045,-0.002979570183262256,-0.019764232668822868,0.9843228776478922,0.9965283707298259
gsr,0,186,DefaultMode,0.007909668001920285,0.037287645528486846,0.2473382590675283,0.8058236464519248,0.9928534594303124
gsr,0,187,DefaultMode,-0.0052622136862507185,-0.03268029957948044,-0.21677658348309153,0.8294076878164862,0.9933026201395045
gsr,0,188,DefaultMode,0.006304133692199245,0.03302029005744568,0.21903182517850053,0.8276616094779405,0.9933026201395045
gsr,0,189,DefaultMode,0.0020494587642421003,0.010776605917994557,0.07148391668702257,0.9433440750384017,0.9965283707298259
gsr,0,190,DefaultMode,0.008432409764082771,0.08341388724066917,0.5533051325646267,0.5829200817446806,0.9216127774619456
gsr,0,191,DefaultMode,-0.0022877382850675543,-0.024590752426788647,-0.16311659822435887,0.8711908406989378,0.994976522666895
gsr,0,192,DefaultMode,-0.008703544153573751,-0.09008715659239074,-0.5975705936939041,0.5532606420899343,0.9102859108045926
gsr,0,193,DefaultMode,-0.02075076148665803,-0.27374300761312675,-1.8158056904722863,0.07637708342782158,0.38799499642340024
gsr,0,194,DefaultMode,-0.006826505961725866,-0.09822177965747017,-0.6515295787295826,0.5181719121810866,0.9051037767355224
gsr,0,195,DefaultMode,-0.029126541548777515,-0.37077215002649827,-2.459424208702511,0.018014450131734656,0.21078791288902465
gsr,0,196,DefaultMode,-0.019055840106848132,-0.20092021123223208,-1.332753906912529,0.18963185635995172,0.6161281626792119
gsr,0,197,DefaultMode,-0.03225630689257419,-0.37045430131548845,-2.457315838873476,0.018107103291529834,0.21078791288902465
gsr,0,198,DefaultMode,-0.01535117219680255,-0.24521561419634844,-1.6265763700516693,0.1111343409714987,0.48850259767691734
gsr,0,199,DefaultMode,-0.030031273049108412,-0.4059852151294204,-2.693001258032012,0.010053902963784628,0.18279823570517506
gsr,0,200,DefaultMode,-0.04153020928497186,-0.4885703933519252,-3.2408093568493674,0.0023036336754204446,0.08797730481978999
gsr,0,201,Visual,-0.014669891834918807,-0.23468674217479976,-1.5567357341293744,0.126863562008737,0.5133693151752942
gsr,0,202,Visual,0.014090307012410269,0.15368040168802705,1.0194004600605726,0.31371431667686434,0.7805544156060802
gsr,0,203,Visual,-0.010107328145499151,-0.09182652009242992,-0.6091082259012426,0.5456576054429547,0.9102859108045926
gsr,0,204,Visual,-0.00014833604124444365,-0.0018947348510525448,-0.012568249156302431,0.9900303846323357,0.9965283707298259
gsr,0,205,Visual,0.008871087460044825,0.13164065699431524,0.8732053328120357,0.3874015948691176,0.81544280211764
gsr,0,206,Visual,-0.014190161795568406,-0.15680212156652432,-1.0401076071357112,0.3041031015730303,0.7698812698051399
gsr,0,207,Visual,0.011127901979128994,0.18396565621844974,1.2202901119762188,0.22900507822469718,0.6992521472509837
gsr,0,208,Visual,-0.009577577239267552,-0.1535267169776351,-1.0183810310198034,0.3141927720248281,0.7805544156060802
gsr,0,209,Visual,0.004200395040652383,0.030974385975410194,0.20546083278416416,0.8381816951030184,0.994976522666895
gsr,0,210,Visual,0.013085204839549098,0.11075528117043731,0.7346674223853101,0.46652987625264497,0.8710738043717112
gsr,0,211,Visual,-0.002366551334798875,-0.019870813528471663,-0.13180806550611718,0.8957509236644339,0.994976522666895
gsr,0,212,Visual,-0.01772064433664601,-0.2002446718493335,-1.3282728855841632,0.19109513092978728,0.6161281626792119
gsr,0,213,Visual,0.0008860955686224505,0.005193305796669901,0.03444849349826358,0.9726789321870288,0.9965283707298259
gsr,0,214,Visual,-0.0022216613980732118,-0.03043687985660033,-0.2018954205469391,0.840950621998892,0.994976522666895
gsr,0,215,Visual,-0.01041418745932164,-0.17759451315469368,-1.1780287299199106,0.24526375340524664,0.7157853557090827
gsr,0,216,Visual,-0.029575406923710645,-0.3817737600818113,-2.5324006339890612,0.015060899987926646,0.19636229868338556
gsr,0,217,Visual,0.005877079370795995,0.06821392139308148,0.4524799654792972,0.6531978918073288,0.9429179086390636
gsr,0,218,Visual,0.01518358381123342,0.10774808440983423,0.7147199357339248,0.4786445972269565,0.8710738043717112
gsr,0,219,Visual,0.006016623966761336,0.05446660686875577,0.36129059717491413,0.7196513920096106,0.9633670987804791
gsr,0,220,Visual,-0.01471761652093912,-0.22452406139400105,-1.489324136101243,0.1437006240283573,0.539454436952681
gsr,0,221,Visual,0.005438260819326648,0.02426351763434135,0.16094596817456397,0.8728897462382732,0.994976522666895
gsr,0,222,Visual,-0.012901545761448103,-0.11320562383767015,-0.7509211568553301,0.4567900655898206,0.8705281299943634
gsr,0,223,Visual,0.007162264314287139,0.033291478211109435,0.22083068388508442,0.826269508515392,0.9933026201395045
gsr,0,224,Visual,-0.0063233990376575485,-0.056297926740286455,-0.37343819894489244,0.7106571717482906,0.9633670987804791
gsr,0,225,Visual,-0.016599364095887945,-0.29581476311022464,-1.9622131533689624,0.05623017813042274,0.3376397240674834
gsr,0,226,Visual,0.015877301101377955,0.1399433220248945,0.928278982144908,0.35844456574470274,0.81544280211764
gsr,0,227,Visual,-0.02109865576380875,-0.2929789394321868,-1.9434024271456474,0.05853155363986554,0.3443032567050914
gsr,0,228,Visual,-0.011141454529758139,-0.12076548760394733,-0.8010676200132189,0.4274968389618905,0.850739978033613
gsr,0,229,Visual,0.005062610905667938,0.035955065081378156,0.23849892037548112,0.8126271246808535,0.9928534594303124
gsr,0,230,Visual,-0.018817714131073762,-0.2711612127188328,-1.7986800005722297,0.07909096954625333,0.39545484773126666
gsr,0,231,Somatomotor,-0.009024801640591197,-0.12079709499103022,-0.8012772797003339,0.4273767892971907,0.850739978033613
gsr,0,232,Somatomotor,-0.010278856699756549,-0.13352581723715862,-0.8857100712024495,0.3807002921455436,0.81544280211764
gsr,0,233,Somatomotor,-0.02052635150210005,-0.2904596715823487,-1.9266914947370113,0.060643497873374703,0.34653427356214117
gsr,0,234,Somatomotor,-0.016090389674420037,-0.19951206759362872,-1.3234133387121825,0.19269171786046022,0.6161281626792119
gsr,0,235,Somatomotor,-0.008745096498724897,-0.12169268311415571,-0.8072179392425457,0.42398366552369715,0.850739978033613
gsr,0,236,Somatomotor,-0.0038278889636188126,-0.05336966854630645,-0.3540143315074616,0.7250582230774771,0.9633670987804791
gsr,0,237,Somatomotor,-0.01302247520022416,-0.15396603773015388,-1.0212951552172465,0.31282638585279665,0.7805544156060802
gsr,0,238,Somatomotor,-0.020846766386661723,-0.21095777273166755,-1.399335557520018,0.1688851423622225,0.5961149193337089
gsr,0,239,Somatomotor,-0.002798847185962279,-0.032769728171031694,-0.21736978565050288,0.8289483272877382,0.9933026201395045
gsr,0,240,Somatomotor,-0.0013413220848665112,-0.014577142863687732,-0.0966938267885181,0.9234188182200056,0.9965283707298259
gsr,0,241,Somatomotor,-0.013390022387495681,-0.16003014727088477,-1.0615199072856842,0.2943795487710823,0.7612819110804548
gsr,0,242,Somatomotor,-0.012837120665684555,-0.09132343964157807,-0.6057711677115658,0.5478511262801963,0.9102859108045926
gsr,0,243,Somatomotor,-0.008480598914204834,-0.11003519698419498,-0.7298909242588416,0.4694146526046742,0.8710738043717112
gsr,0,244,Somatomotor,-0.014869576822680685,-0.15290782860796553,-1.014275790001186,0.3161245383204625,0.7805544156060802
gsr,0,245,Somatomotor,-0.03828193794248833,-0.561076620056245,-3.72176125473472,0.0005698795411232532,0.045590363289860256
gsr,0,246,Somatomotor,-0.015373591303261668,-0.17492708011963895,-1.1603349808585595,0.25231433788745167,0.7157853557090827
gsr,0,247,Somatomotor,0.0016133327728186477,0.020182017075637042,0.1338723563048676,0.8941281202326093,0.994976522666895
gsr,0,248,Somatomotor,-0.010555705079572342,-0.16078497410335651,-1.0665268620556865,0.29213729828428847,0.7612819110804548
gsr,0,249,Somatomotor,-0.02116704445249726,-0.3564033099080399,-2.364112106011447,0.022660054637567838,0.21078791288902465
gsr,0,250,Somatomotor,-0.029457051156761307,-0.3944270511530547,-2.616333071681998,0.01221404450373612,0.19542471205977793
gsr,0,251,Somatomotor,0.009155246098356107,0.07385849355704485,0.4899218214191991,0.6266796090150379,0.9269106376084012
gsr,0,252,Somatomotor,-0.017018052837544997,-0.3216444055531925,-2.1335476182736888,0.03862581718703516,0.27105836622480817
gsr,0,253,Somatomotor,0.0070339565595308315,0.04892206052585925,0.3245122374706642,0.7471237057269982,0.969488317125111
gsr,0,254,Somatomotor,-0.014404771325429862,-0.2131150211044175,-1.4136451243840507,0.16466523642995748,0.5933882393872341
gsr,0,255,Somatomotor,-0.00467029377690996,-0.05718013059967566,-0.3792900773252873,0.7063391225992834,0.9633670987804791
gsr,0,256,Somatomotor,-0.0006782251209881559,-0.003851107415732072,-0.025545356650677208,0.9797381562889056,0.9965283707298259
gsr,0,257,Somatomotor,-0.009250687971709243,-0.13467821380025086,-0.8933542052213933,0.37664030994918773,0.81544280211764
gsr,0,258,Somatomotor,-0.019081168135457124,-0.2259684629869389,-1.4989052123619762,0.1412045911419416,0.5379222519693012
gsr,0,259,Somatomotor,0.0009375777703088446,0.009366091025702832,0.062127619369142496,0.9507490928101725,0.9965283707298259
gsr,0,260,Somatomotor,-0.010097104692348414,-0.09727592961924526,-0.6452555193601118,0.522189845176297,0.9080733411021313
gsr,0,261,Somatomotor,0.013075989619990862,0.07643646106087816,0.5070221232830874,0.6147297233145324,0.9269106376084012
gsr,0,262,Somatomotor,-0.0004185088419666699,-0.0042161572211970415,-0.027966823119716083,0.9778180087275414,0.9965283707298259
gsr,0,263,Somatomotor,-0.030170795596888674,-0.3585206401015947,-2.3781568856300703,0.021913823406789674,0.21078791288902465
gsr,0,264,Somatomotor,-0.015962670140190403,-0.20341967318092657,-1.3493334618357093,0.18429207261584063,0.6161281626792119
gsr,0,265,Somatomotor,-0.004642380356740578,-0.04698895059872784,-0.3116894368570519,0.7567828398022105,0.969488317125111
gsr,0,266,Somatomotor,0.001133018566919179,0.007352695333441818,0.04877226323764718,0.9613266245800098,0.9965283707298259
gsr,0,267,Somatomotor,0.009755669647701639,0.05645477451799519,0.37447860940061434,0.7098887541693184,0.9633670987804791
gsr,0,268,Somatomotor,-0.00935690660026965,-0.07424264526450051,-0.4924699955716088,0.6248923647630309,0.9269106376084012
gsr,0,269,Somatomotor,0.010339793568971379,0.05706769917149952,0.3785442916014793,0.7068888910881412,0.9633670987804791
gsr,0,270,Somatomotor,0.0142108151605717,0.07285470845449596,0.48326346430859285,0.6313603644541824,0.9269106376084012
gsr,0,271,DorsalAttention,-0.003996211661115442,-0.04678900410882273,-0.3103631418867242,0.7577841872382326,0.969488317125111
gsr,0,272,DorsalAttention,-0.00038361288693558593,-0.002579082971303181,-0.017107701038015188,0.9864298297392181,0.9965283707298259
gsr,0,273,DorsalAttention,-0.003396364331557862,-0.026395082133945598,-0.17508516749782163,0.8618345577195707,0.994976522666895
gsr,0,274,DorsalAttention,0.0074958606205855986,0.05858277395001593,0.3885941607408187,0.6994938750944,0.9633670987804791
gsr,0,275,DorsalAttention,-0.04399334441290499,-0.47393567644458545,-3.1437336270599356,0.003020711299923832,0.09294496307457945
gsr,0,276,DorsalAttention,-0.011725105438792703,-0.16099334454385172,-1.0679090351927338,0.2915204207560335,0.7612819110804548
gsr,0,277,DorsalAttention,-0.0006076997543614844,-0.005828082383074957,-0.03865912502387996,0.9693410935312812,0.9965283707298259
gsr,0,278,DorsalAttention,-0.004109917604147132,-0.054685522018039126,-0.36274271599710917,0.7185740801458708,0.9633670987804791
gsr,0,279,DorsalAttention,-0.02974844281240362,-0.37421025473954594,-2.4822300153487755,0.01703936296327738,0.21078791288902465
gsr,0,280,DorsalAttention,-0.015876595941094456,-0.23456279414741998,-1.5559135559287276,0.1270589055058853,0.5133693151752942
gsr,0,281,DorsalAttention,-0.025193904744865814,-0.3970006219052864,-2.633404208795167,0.011699143216153436,0.19498572026922395
gsr,0,282,DorsalAttention,-0.038377521465968116,-0.5013474680508203,-3.325562882238525,0.001812479778547797,0.08055465682434654
gsr,0,283,DorsalAttention,-0.026888151219246037,-0.2609068832204439,-1.7306604737265714,0.09068378742813239,0.43182755918158283
gsr,0,284,DorsalAttention,-0.03647953145564306,-0.48593888213922853,-3.22335388620111,0.002419375882544225,0.08797730481978999
gsr,0,285,DorsalAttention,-0.03519024865201246,-0.38114075843918555,-2.5282017761085247,0.015218078147962381,0.19636229868338556
gsr,0,286,DorsalAttention,-0.027408414428088793,-0.2785353907280582,-1.8475947637600107,0.0715477315677181,0.37935489956925184
gsr,0,287,DorsalAttention,-0.031165542076926775,-0.2954089505385913,-1.9595212972983278,0.05655465378130347,0.3376397240674834
gsr,0,288,DorsalAttention,-0.0030729901809734284,-0.023899371674354134,-0.15853049713816111,0.8747809968492078,0.994976522666895
gsr,0,289,DorsalAttention,0.009272328964885378,0.05942904026141828,0.39420765639609806,0.6953760367448916,0.9624581823458707
gsr,0,290,DorsalAttention,-0.0045646227440653605,-0.03402563213266724,-0.22570051007743475,0.8225036950658893,0.9933026201395045
gsr,0,291,DorsalAttention,-0.04294629400502358,-0.5360816077790957,-3.5559631000274567,0.0009312032226341155,0.05321161272194945
gsr,0,292,DorsalAttention,-0.0017038775676729188,-0.01066842693313471,-0.0707663384810596,0.9439118295188778,0.9965283707298259
gsr,0,293,DorsalAttention,-0.025077465248356433,-0.32255163925922603,-2.1395655258738433,0.03810717335428682,0.27105836622480817
gsr,0,294,VentralAttention,-0.019310538093602787,-0.2441719451131713,-1.619653452543284,0.11261876829647331,0.48964681868031873
gsr,0,295,VentralAttention,-0.006032045355863741,-0.07701127135850068,-0.5108349834487802,0.6120794678852013,0.9269106376084012
gsr,0,296,VentralAttention,-0.010819527838972214,-0.14648283238608828,-0.9716571865063504,0.3366553942570164,0.81544280211764
gsr,0,297,VentralAttention,-0.01586194577262309,-0.20996667073296335,-1.3927613306026716,0.17085183459605463,0.5961149193337089
gsr,0,298,VentralAttention,-0.0029128006220008958,-0.03786334519284021,-0.25115701862471557,0.8028890831464992,0.9928534594303124
gsr,0,299,VentralAttention,-0.006249130926782912,-0.07966759294789172,-0.5284550275178413,0.5999006331624603,0.9269106376084012
gsr,0,300,VentralAttention,0.006119407861322426,0.0787575534226282,0.522418508218457,0.6040602420376715,0.9269106376084012
gsr,0,301,VentralAttention,-0.01600100644135155,-0.2021293808244267,-1.340774630602961,0.1870340574580646,0.6161281626792119
gsr,0,302,VentralAttention,0.006607894977586805,0.13416078151960334,0.889921947762742,0.3784598325891404,0.81544280211764
gsr,0,303,VentralAttention,-0.01262076923584628,-0.2493899217997724,-1.6542655942118398,0.10535625036220796,0.4796995505664612
gsr,0,304,VentralAttention,0.004602197692856211,0.0460428142594625,0.3054134783813249,0.761524867122812,0.969488317125111
gsr,0,305,VentralAttention,0.003372945756749157,0.04999723653113466,0.33164414825684757,0.7417690196562625,0.969488317125111
gsr,0,306,VentralAttention,0.006710977766886395,0.06098212337646159,0.40450964431776815,0.6878431288964562,0.9553376790228558
gsr,0,307,VentralAttention,0.017533009231179012,0.12633872036747615,0.8380362639051003,0.4066445856363117,0.8298869094618606
gsr,0,308,VentralAttention,-0.006773770304539845,-0.07322603287892475,-0.4857265518912428,0.6296270418805339,0.9269106376084012
gsr,0,309,VentralAttention,-0.014596026497698256,-0.2290872773613207,-1.519593086503159,0.13593273965190078,0.5242970491478534
gsr,0,310,VentralAttention,-0.023696910894313975,-0.2820838044935596,-1.8711322778822113,0.06814105004536254,0.36833000024520296
gsr,0,311,VentralAttention,-0.032316784974705054,-0.39885827717335925,-2.645726499823217,0.011339943920160625,0.19498572026922395
gsr,0,312,VentralAttention,-0.023612740244290206,-0.2770402659109816,-1.8376772276940267,0.07302581816708098,0.37935489956925184
gsr,0,313,VentralAttention,-0.02888856503981037,-0.3103293633206323,-2.058492119128833,0.04563455636784399,0.2944164926957677
gsr,0,314,VentralAttention,-0.020619329710502118,-0.2412484813416442,-1.6002613877065783,0.1168631419882534,0.4975825843211291
gsr,0,315,VentralAttention,-0.031608749671817205,-0.35605714899045254,-2.3618159342500027,0.022784206447610734,0.21078791288902465
gsr,0,316,VentralAttention,-0.014210048197909842,-0.17499552996113008,-1.1607890257409301,0.25213160051796085,0.7157853557090827
gsr,0,317,VentralAttention,-0.01888911114639324,-0.14371820967932633,-0.9533187540958981,0.345757116623461,0.81544280211764
gsr,0,318,VentralAttention,0.01681075234733017,0.11314559070192931,0.7505229420828484,0.45702726824704076,0.8705281299943634
gsr,0,319,Limbic,-0.008255084673867019,-0.1094270879491444,-0.7258571852570658,0.47185877014443955,0.8710738043717112
gsr,0,320,Limbic,-0.007618569926108972,-0.11335060459256295,-0.7518828503869339,0.4562175136846497,0.8705281299943634
gsr,0,321,Limbic,0.00873039458801027,0.10763820684406795,0.7139910904168761,0.4790905924044412,0.8710738043717112
gsr,0,322,Limbic,-0.005402292488414792,-0.08204618021886115,-0.5442327905356834,0.589092464314602,0.9234856436878005
gsr,0,323,Limbic,0.00516689341501877,0.03517394699346015,0.2333175691463135,0.816621970381432,0.9928534594303124
gsr,0,324,Limbic,-0.024946109821982036,-0.2913558639018711,-1.9326361620647206,0.059884830416319534,0.34653427356214117
gsr,0,325,Limbic,-0.0027968290781479636,-0.01736841475030687,-0.11520902986008431,0.9088157694225347,0.9965283707298259
gsr,0,326,Limbic,0.0003744364162061788,0.002666128131791324,0.017685093312325827,0.9859718787103144,0.9965283707298259
gsr,0,327,Limbic,-0.0012076685851645584,-0.006151933048006375,-0.040807307311249534,0.9676384035348986,0.9965283707298259
gsr,0,328,Limbic,-0.019428111972108534,-0.1734060234099087,-1.1502454320765036,0.2563997111330274,0.7222527074169787
gsr,0,329,Limbic,-0.00186656738946566,-0.01944611007563727,-0.128990901505677,0.8979663117068727,0.994976522666895
gsr,0,330,Limbic,-0.008768522915137638,-0.13892198228936034,-0.9215041807724126,0.3619287797145222,0.81544280211764
gsr,0,331,Limbic,0.0020660492224403608,0.023844559164113044,0.1581669120775867,0.8750657388491908,0.994976522666895
gsr,0,332,Control,0.0035444875929471335,0.052907171429882216,0.35094647270386065,0.7273421595792617,0.9633670987804791
gsr,0,333,Control,0.007766630859851947,0.07738967002135606,0.5133449962205073,0.6103376610507383,0.9269106376084012
gsr,0,334,Control,-0.026538765291377574,-0.3571807517248212,-2.3692690716166376,0.022383437659098507,0.21078791288902465
gsr,0,335,Control,0.011401710105846556,0.061113199834404656,0.40537910717746,0.6872088215211096,0.9553376790228558
gsr,0,336,Control,-0.0211009419553084,-0.200065031801681,-1.327081288313393,0.1914856904072442,0.6161281626792119
gsr,0,337,Control,-0.01607171569092833,-0.1688972494055597,-1.1203376088026362,0.2687884406037373,0.7376260128616084
gsr,0,338,Control,0.023008825920486472,0.1455068237212975,0.9651830774398569,0.3398502437744503,0.81544280211764
gsr,0,339,Control,0.026027468656775344,0.1321709166760143,0.876722677623334,0.3855091596162288,0.81544280211764
gsr,0,340,Control,-0.009043125628725522,-0.16869199201418053,-1.1189760852973327,0.26936238573133436,0.7376260128616084
gsr,0,341,Control,-0.006415928096980098,-0.06638280736459429,-0.4403337291176008,0.6619010714395887,0.9429179086390636
gsr,0,342,Control,0.013847674249347453,0.1028188010406806,0.6820227688922817,0.49888202808737747,0.8869694883873435
gsr,0,343,Control,-0.001374782642350303,-0.01576776910077396,-0.10459154777645356,0.9171862705843272,0.9965283707298259
gsr,0,344,Control,0.0016096938491282832,0.014228379626495438,0.09438039319164494,0.9252454222328734,0.9965283707298259
gsr,0,345,Control,-0.0005365165163331929,-0.005362949419673164,-0.035573781989420246,0.9717868460020673,0.9965283707298259
gsr,0,346,Control,-0.021293001106682023,-0.2346538453335286,-1.5565175211708053,0.12691538420142806,0.5133693151752942
gsr,0,347,Control,-0.030964110552339164,-0.3558341755873627,-2.3603368960174467,0.02286450018530282,0.21078791288902465
gsr,0,348,Control,-0.021356871595169018,-0.3681440671151566,-2.4419914788327812,0.018793619863340823,0.21078791288902465
gsr,0,349,Control,-0.014813607448460884,-0.21871707326574066,-1.4508049345342673,0.15409056200517646,0.5707057852043572
gsr,0,350,Control,-7.334302506206702e-05,-0.000659770815135203,-0.004376424482860957,0.9965283707298259,0.9965283707298259
gsr,0,351,Control,-0.014395574156148606,-0.23199380399257485,-1.5388728030612506,0.13116247529084832,0.5143626481994051
gsr,0,352,Control,0.007809332201167299,0.06364075034069033,0.42214498051350485,0.6750224939578682,0.9440874041368786
gsr,0,353,Control,0.017543293482307657,0.14224388560784912,0.94353919456694,0.3506766748144384,0.81544280211764
gsr,0,354,Control,0.0283520293710022,0.13096496896924534,0.8687233255030494,0.3898215272484066,0.81544280211764
gsr,0,355,Control,0.0003440364053060509,0.0022281182946740693,0.014779664743920944,0.9882763262222114,0.9965283707298259
gsr,0,356,Control,-0.01121870235167603,-0.14316182301337757,-0.9496281024772806,0.3476083072321079,0.81544280211764
gsr,0,357,Control,-0.03636732205436119,-0.43416303048039234,-2.8799117398941916,0.006178110111880563,0.16010930365892095
gsr,0,358,Control,-0.02379216899030746,-0.26509296294160684,-1.7584277852817973,0.08579058941108979,0.42365723165970265
gsr,0,359,Control,-0.015634794196196393,-0.20970049214581332,-1.3909957016010643,0.1713830393084413,0.5961149193337089
gsr,0,360,Control,-0.007183911568852382,-0.09202280915131797,-0.6104102602188097,0.5448029746461474,0.9102859108045926
gsr,0,361,Control,-0.026087175742932126,-0.3163439032950156,-2.0983880638920804,0.041781821656771446,0.2823212258340965
gsr,0,362,DefaultMode,-0.007345058898334773,-0.11440613240016066,-0.7588844297741102,0.4520616801931153,0.8705281299943634
gsr,0,363,DefaultMode,-0.016319459223632673,-0.17622734072959545,-1.1689599340043684,0.2488594064981955,0.7157853557090827
gsr,0,364,DefaultMode,-0.013269882964164832,-0.13605794471893912,-0.9025063047592761,0.3718159258774302,0.81544280211764
gsr,0,365,DefaultMode,-0.01317140324572477,-0.17949392848887982,-1.1906280258889963,0.24033114275935985,0.7157853557090827
gsr,0,366,DefaultMode,0.0018699241050173685,0.02585054762618015,0.17147313420250404,0.8646561713375869,0.994976522666895
gsr,0,367,DefaultMode,-0.009843493055489554,-0.0638162044316362,-0.4233088112887055,0.6741797780009124,0.9440874041368786
gsr,0,368,DefaultMode,0.005287287444803612,0.0871193968487806,0.5778847026189516,0.5663560894003499,0.9102859108045926
gsr,0,369,DefaultMode,0.012902503872484495,0.08437284374433641,0.5596661303904973,0.5786110720659432,0.9184302731205447
gsr,0,370,DefaultMode,0.001241697394212487,0.02244799804292257,0.148903173606013,0.8823261905013122,0.994976522666895
gsr,0,371,DefaultMode,-0.012258563968639828,-0.08826326585885474,-0.5854722712504142,0.5612904866243087,0.9102859108045926
gsr,0,372,DefaultMode,0.017219816146509682,0.10887618003661004,0.7222028755772371,0.4740792394066652,0.8710738043717112
gsr,0,373,DefaultMode,0.012067075102091013,0.07517940963228266,0.4986837874214244,0.6205437002037947,0.9269106376084012
gsr,0,374,DefaultMode,-0.0013702777065808171,-0.015158797589916959,-0.10055208775739655,0.9203734087482532,0.9965283707298259
gsr,0,375,DefaultMode,-0.014117535363686895,-0.3270750496964432,-2.169570436259896,0.03561169575834201,0.26843119998186976
gsr,0,376,DefaultMode,-0.012903052405014236,-0.18197555066664434,-1.2070892451591355,0.2339961622837012,0.7089480011604843
gsr,0,377,DefaultMode,-0.01809967684711072,-0.23952890992851023,-1.5888550413514055,0.11941982023707098,0.4975825843211291
gsr,0,378,DefaultMode,-0.02229843457401683,-0.3029942419959675,-2.009836428677538,0.050749569001479505,0.3171848062592469
gsr,0,379,DefaultMode,-0.008358270792362467,-0.07648517980338605,-0.5073452868614006,0.6145048949755163,0.9269106376084012
gsr,0,380,DefaultMode,0.007680438391128901,0.06504317013302968,0.43144758101302033,0.6682984653736759,0.9440827440310728
gsr,0,381,DefaultMode,-0.006143311409120916,-0.04891352030922257,-0.3244555880822398,0.7471662894907855,0.969488317125111
gsr,0,382,DefaultMode,0.004774067974140824,0.055122027356307855,0.3656381648491583,0.716427706170881,0.9633670987804791
gsr,0,383,DefaultMode,-0.005270271597697612,-0.06627817460995439,-0.4396396739417571,0.6623998308189422,0.9429179086390636
gsr,0,384,DefaultMode,-0.0038774485781015748,-0.06918133147545222,-0.4588970380025583,0.6486193937254021,0.940028106848409
gsr,0,385,DefaultMode,0.00733216921877796,0.09368042496109391,0.6214056395939858,0.5376133704811251,0.9102859108045926
gsr,0,386,DefaultMode,-0.00956161011693208,-0.17840438393670055,-1.1834008049450875,0.24315167161808615,0.7157853557090827
gsr,0,387,DefaultMode,-0.007767459846360614,-0.16138735674536303,-1.0705226164632036,0.29035643240456244,0.7612819110804548
gsr,0,388,DefaultMode,-0.01704162061351532,-0.2875452629032818,-1.9073594945885706,0.06316792230772555,0.3470219884969327
gsr,0,389,DefaultMode,0.002864893023195622,0.015918299152296898,0.10559005117760255,0.9163986606164884,0.9965283707298259
gsr,0,390,DefaultMode,-0.01382779745730567,-0.11483318633642285,-0.7617171851177619,0.45038659342841814,0.8705281299943634
gsr,0,391,DefaultMode,0.019198958988493726,0.08701534859674519,0.5771945245947642,0.5668179895507746,0.9102859108045926
gsr,0,392,DefaultMode,-0.004997547239824162,-0.06465977843977568,-0.4289044482244952,0.6701339662067665,0.9440827440310728
gsr,0,393,DefaultMode,-0.008935452243562831,-0.13340645853125974,-0.8849183351165915,0.38112238689169453,0.81544280211764
gsr,0,394,DefaultMode,0.0027844907342997856,0.036305543617435834,0.24082373197783394,0.8108363165974718,0.9928534594303124
gsr,0,395,DefaultMode,-0.0077803281142071745,-0.07630958334297736,-0.5061805117140205,0.6153154172698487,0.9269106376084012
gsr,0,396,DefaultMode,-0.02821697655669469,-0.33736636315749685,-2.2378352869603937,0.03046485285268519,0.25861877007251133
gsr,0,397,DefaultMode,-0.024776225004786902,-0.33074858857247513,-2.19393793646906,0.03369239720045,0.26425409568980396
gsr,0,398,DefaultMode,-0.01186102975765988,-0.1415750962211678,-0.9391029476481523,0.3529233819903812,0.81544280211764
gsr,0,399,DefaultMode,-0.03581493277164413,-0.4132651480335702,-2.7412908699160665,0.008880194358774884,0.18279823570517506
gsr,0,400,DefaultMode,-0.02593246090233379,-0.33516217680669624,-2.223214368773136,0.03150796675668784,0.25861877007251133
gsr,2,1,Visual,0.005112195422404694,0.0920736566008388,0.6107475440420241,0.5445817001859732,0.903870041802445
gsr,2,2,Visual,0.0069418437833688755,0.15173694488726233,1.0065090260517706,0.31980131200772516,0.7268211636539208
gsr,2,3,Visual,-0.011983597396849828,-0.17807512725314986,-1.1812167631869785,0.244008746514993,0.6421282803026132
gsr,2,4,Visual,-0.0023592762264149332,-0.03729239661508885,-0.247369774210739,0.8057994166784107,0.9637203496436363
gsr,2,5,Visual,-0.013823434590613814,-0.2313146762899502,-1.5343679795125664,0.13226487575113535,0.48096318454958303
gsr,2,6,Visual,-0.016486038536854205,-0.2211163155611109,-1.4667197074840554,0.14972825976797258,0.5226926962974653
gsr,2,7,Visual,0.002167017439037108,0.0481592156063106,0.3194520967279208,0.7509305883053715,0.9626200517838058
gsr,2,8,Visual,-0.00793041177960001,-0.09083371076360536,-0.6025226738370913,0.5499907578290315,0.9090756327752587
gsr,2,9,Visual,-0.016638821498363245,-0.28574361775089446,-1.8954087326369078,0.06477303099920459,0.37727367929063105
gsr,2,10,Visual,-0.0010732567490748877,-0.015123196773518479,-0.10031593865694836,0.9205597721278302,0.9799753817048732
gsr,2,11,Visual,-0.016596481252604718,-0.17057968618870295,-1.1314976318889933,0.2641167279489045,0.6729088610163172
gsr,2,12,Visual,-0.021594447606664065,-0.3146838711264492,-2.0873766562059703,0.042815648963051164,0.36394068473345925
gsr,2,13,Visual,-0.01262224295016867,-0.16440679645014472,-1.0905513136189282,0.2815439024196216,0.694932420820222
gsr,2,14,Visual,-0.013583064057786271,-0.1928491016507697,-1.2792162226654225,0.20768104500435391,0.6295102091957441
gsr,2,15,Visual,-0.020630694508233117,-0.2700191045354878,-1.7911041119439302,0.08031716558531148,0.396627978199069
gsr,2,16,Visual,-0.008433923330874876,-0.13283661079328324,-0.8811383928475898,0.38314166782724834,0.7860900330036991
gsr,2,17,Visual,-0.0061837043982775845,-0.06834057988586874,-0.45332012287347173,0.6525976757844301,0.9270016845231567
gsr,2,18,Visual,0.002917408446368286,0.03951493688992783,0.26211243855692745,0.7944863751877007,0.9637203496436363
gsr,2,19,Visual,-0.004872296931943617,-0.07561263902245695,-0.5015575060921494,0.6185371761672571,0.916949814588672
gsr,2,20,Visual,0.0007859974895418696,0.011690088444416328,0.07754327427239674,0.9385510730683042,0.9799753817048732
gsr,2,21,Visual,-0.008054098429928365,-0.1014395998301318,-0.672874183040693,0.5046276158343349,0.8762622351364847
gsr,2,22,Visual,-0.017796141750983627,-0.26016377715333117,-1.7257312657184725,0.09157626647458876,0.4064067460507161
gsr,2,23,Visual,0.002463879505586007,0.03344956299592292,0.22187929971766523,0.8254582660314356,0.9637203496436363
gsr,2,24,Visual,0.0043890156230484475,0.03476322182173658,0.2305931265731907,0.818724515795203,0.9637203496436363
gsr,2,25,Visual,0.0040770143727842986,0.05973170200249027,0.39621528726316096,0.6939055654286095,0.9283017597707149
gsr,2,26,Visual,-0.002313159627816033,-0.021144678206736718,-0.1402579278491011,0.8891111574130486,0.9799753817048732
gsr,2,27,Visual,-0.008613474891439564,-0.13973929980462205,-0.9269256518378298,0.3591388194042313,0.7860900330036991
gsr,2,28,Visual,0.004478463277484579,0.06417284560522495,0.4256745012038773,0.6724681148508821,0.9276415200090317
gsr,2,29,Visual,0.009608193207127401,0.08000176021691957,0.5306716424150076,0.5983765964163614,0.916949814588672
gsr,2,30,Visual,-0.016029990360982346,-0.23462054297919807,-1.5562966183429052,0.12696786256599404,0.470251342837015
gsr,2,31,Visual,-0.0004745605867958873,-0.0058440295313740955,-0.038764906438648744,0.9692572457242241,0.9865213696938667
gsr,2,32,Somatomotor,0.003074546544007401,0.04180238383012776,0.27728564501390685,0.7828895173345792,0.9637203496436363
gsr,2,33,Somatomotor,-0.007607746653725752,-0.09907895689280395,-0.6572154492664554,0.5145450003446301,0.8833390563856311
gsr,2,34,Somatomotor,-0.013267729815169882,-0.18092530827512668,-1.2001227252559563,0.23666207100495976,0.6396272189323237
gsr,2,35,Somatomotor,-0.006731452660366164,-0.09815026123608284,-0.6510551791909018,0.518475140274473,0.8862822910674751
gsr,2,36,Somatomotor,0.004909331203101785,0.06367474018751525,0.42237044365070464,0.6748592058065706,0.9276415200090317
gsr,2,37,Somatomotor,-0.005071795437617445,-0.07680582330358171,-0.5094721952246312,0.6130261183823114,0.916949814588672
gsr,2,38,Somatomotor,-0.01718936916198902,-0.26882284825954506,-1.7831690455031102,0.08161859699292025,0.39813949752644023
gsr,2,39,Somatomotor,-0.004221877434756973,-0.0623910246206236,-0.4138552379048688,0.6810371500359229,0.9283017597707149
gsr,2,40,Somatomotor,-0.003209927281043788,-0.04131717500065129,-0.27406713374922487,0.7853453493670439,0.9637203496436363
gsr,2,41,Somatomotor,-0.008124727443826564,-0.14485967300107866,-0.9608903651963088,0.34197967440977384,0.764123951416754
gsr,2,42,Somatomotor,-0.012513694104867521,-0.18661539848450723,-1.2378665137515363,0.22248201847359392,0.635126674929129
gsr,2,43,Somatomotor,0.0011812471987175262,0.015493554490917744,0.10277261383060003,0.9186212440588233,0.9799753817048732
gsr,2,44,Somatomotor,-0.008810334978700797,-0.11869226956764357,-0.787315447343185,0.43541555420683686,0.8290686301688448
gsr,2,45,Somatomotor,-0.0070997709900525955,-0.11765596619932712,-0.7804413884598109,0.4394063739894878,0.8290686301688448
gsr,2,46,Somatomotor,-0.025794211716137713,-0.456942878278911,-3.0310161557523725,0.0041167360982419686,0.13499885798202466
gsr,2,47,Somatomotor,-0.01885152968431265,-0.2640973408005326,-1.7518235751319704,0.08693392254212684,0.4032217062358298
gsr,2,48,Somatomotor,-0.018037913423424996,-0.30139734885731867,-1.9992438379351554,0.0519268522368628,0.36394068473345925
gsr,2,49,Somatomotor,-0.015946648516133585,-0.22979241880055162,-1.5242704656592796,0.13476288561347935,0.48563202022875435
gsr,2,50,Somatomotor,-0.027271196743020053,-0.37572851678518393,-2.4923010264264116,0.016624223503215255,0.24628479264022599
gsr,2,51,Somatomotor,-0.00885187586940694,-0.0646404134197613,-0.4287759952136045,0.6702267311338514,0.9276415200090317
gsr,2,52,Somatomotor,0.01095436883593104,0.06868655130898894,0.4556150376708217,0.6509593551577026,0.9270016845231567
gsr,2,53,Somatomotor,-0.030036111390147856,-0.4292915528079674,-2.8475980126661384,0.006729005166482364,0.17944013777286305
gsr,2,54,Somatomotor,-0.02150963464235772,-0.30684142265750153,-2.0353557381875773,0.048007928629124744,0.36394068473345925
gsr,2,55,Somatomotor,-0.009243492455021861,-0.13579375919020292,-0.900753896211557,0.3727365972893947,0.7860900330036991
gsr,2,56,Somatomotor,-0.01383235263363421,-0.21756873735223584,-1.4431877358174963,0.15621355117297417,0.534063422813587
gsr,2,57,Somatomotor,-0.0004139366112630716,-0.002254269239064046,-0.014953130484830473,0.9881387384216329,0.994447383880281
gsr,2,58,Somatomotor,0.0050271630585809165,0.04510710019466578,0.29920665345334685,0.7662237954202887,0.9637203496436363
gsr,2,59,Somatomotor,-0.011670005866669308,-0.10170873229887094,-0.6746594058761125,0.5035036128895987,0.8762622351364847
gsr,2,60,Somatomotor,-0.0036461014796728723,-0.034477786337297936,-0.2286997617657181,0.8201864863231427,0.9637203496436363
gsr,2,61,Somatomotor,-0.009191504978921685,-0.08204654606162594,-0.5442352172620499,0.5890908091201119,0.9153584484344615
gsr,2,62,Somatomotor,-0.0066851933569006565,-0.07591699092567016,-0.5035763482265271,0.6171293122329011,0.916949814588672
gsr,2,63,Somatomotor,0.006621066422301322,0.052371017851129104,0.3473900322024,0.7299929723705398,0.9563142365227337
gsr,2,64,Somatomotor,-0.018783180582820472,-0.2371695255131768,-1.5732046556676595,0.12300139955513159,0.46080470491601616
gsr,2,65,Somatomotor,0.006103871501994277,0.039844091272738254,0.2642958017286938,0.7928146665601263,0.9637203496436363
gsr,2,66,Somatomotor,-0.003077126158023774,-0.02840874617274945,-0.18844230363890968,0.8514164859467981,0.9675187340304524
gsr,2,67,Somatomotor,0.009999011076810067,0.06570731485963818,0.43585301874232746,0.665123708645365,0.9270016845231567
gsr,2,68,Somatomotor,0.004316685181052887,0.032270005565170734,0.21405500088470392,0.8315159831139913,0.9637203496436363
gsr,2,69,DorsalAttention,-0.016507732124985464,-0.21132762110395187,-1.401788854080399,0.16815575496649363,0.5480111758991438
gsr,2,70,DorsalAttention,-0.009677158175592289,-0.12735188166090328,-0.8447568156299179,0.4029224101702219,0.8067050703140523
gsr,2,71,DorsalAttention,-0.002058609824118558,-0.016906979559869764,-0.11214821507659216,0.9112277911494782,0.9799753817048732
gsr,2,72,DorsalAttention,0.019962737071373172,0.08679384414551918,0.5757252302865435,0.5678019337888434,0.9153584484344615
gsr,2,73,DorsalAttention,-0.023655802420380824,-0.32667114773192285,-2.1668912537230924,0.03582850328942712,0.36072978566053665
gsr,2,74,DorsalAttention,-0.009653217663661688,-0.15508659299557304,-1.0287280779617514,0.3093595741655959,0.7262581633374723
gsr,2,75,DorsalAttention,-0.03468137597252318,-0.4658351291074241,-3.090000674832182,0.003503503928592216,0.13499885798202466
gsr,2,76,DorsalAttention,-0.030475310998125796,-0.4689097332116267,-3.110395291217236,0.0033122730954867085,0.13499885798202466
gsr,2,77,DorsalAttention,-0.03178649384338839,-0.53626890680316,-3.5572055012003,0.0009278157852956498,0.0943845989318637
gsr,2,78,DorsalAttention,-0.01696263464282917,-0.246311661527476,-1.6338467255513105,0.10959266552067928,0.43837066208271713
gsr,2,79,DorsalAttention,-0.024932629141550942,-0.2946260022308308,-1.9543278057641578,0.0571852358597752,0.36394068473345925
gsr,2,80,DorsalAttention,-0.012750291253134694,-0.16964635894552094,-1.1253066393444908,0.26670114165289593,0.6731695238281995
gsr,2,81,DorsalAttention,-0.012461040830318237,-0.18157539946994478,-1.2044349424014074,0.23500928693713571,0.6394810528901652
gsr,2,82,DorsalAttention,-0.0035360352028245253,-0.05072457594498357,-0.33646877211879545,0.7381539662879608,0.9563142365227337
gsr,2,83,DorsalAttention,0.005332226508525565,0.06684306412409192,0.44338672707455784,0.6597089833145455,0.9270016845231567
gsr,2,84,DorsalAttention,0.021210060840104374,0.13739136957156006,0.9113512446038334,0.36719132324270887,0.7860900330036991
gsr,2,85,DorsalAttention,0.02221770809627432,0.14794945216847316,0.981385641562917,0.3318923066290712,0.7500391110261496
gsr,2,86,DorsalAttention,-0.010407751994661157,-0.07094793287033051,-0.4706153459644178,0.6402940110667729,0.9246122903491305
gsr,2,87,DorsalAttention,-0.03010184989013284,-0.3627617002622483,-2.406288896162495,0.02048531280874159,0.2731375041165545
gsr,2,88,DorsalAttention,-0.020666063550259944,-0.2705525209526789,-1.7946423961696074,0.07974250071004022,0.396627978199069
gsr,2,89,DorsalAttention,0.005575813884139156,0.03816025170002452,0.2531264735890062,0.8013767570261655,0.9637203496436363
gsr,2,90,DorsalAttention,-0.016262209756931652,-0.26283047165734014,-1.7434201159190732,0.08840712459724331,0.4032217062358298
gsr,2,91,DorsalAttention,-0.01877890693643814,-0.3022147306154018,-2.004665735139242,0.051321328698662044,0.36394068473345925
gsr,2,92,VentralAttention,0.002130854298305615,0.030793989322442702,0.2042642167615059,0.8391107670371195,0.9672746594087832
gsr,2,93,VentralAttention,-0.012205778143320639,-0.192824327183701,-1.2790518874421266,0.20773836903459555,0.6295102091957441
gsr,2,94,VentralAttention,0.0034597849471448812,0.04622263321721739,0.3066062624074563,0.7606228957836243,0.9628137921311699
gsr,2,95,VentralAttention,0.010829974113499806,0.14251533109541484,0.9453397602335211,0.34976747451473755,0.7729667945077072
gsr,2,96,VentralAttention,-0.003284020949529991,-0.03321807675110929,-0.22034379368131488,0.8266462475614731,0.9637203496436363
gsr,2,97,VentralAttention,-0.003234089691366543,-0.07907742600132567,-0.5245403028669827,0.6025966401435564,0.916949814588672
gsr,2,98,VentralAttention,-0.006602534391825601,-0.15263386520148,-1.012458522349986,0.316982245539963,0.7268211636539208
gsr,2,99,VentralAttention,-0.01590104820533507,-0.22462366043051174,-1.4899848013684172,0.1435273924903944,0.5125978303228371
gsr,2,100,VentralAttention,0.008205899639622614,0.11870354777868178,0.7873902585318254,0.43537224104524785,0.8290686301688448
gsr,2,101,VentralAttention,0.0019233182768235207,0.029583505573234595,0.196234775939614,0.8453508958852758,0.9675187340304524
gsr,2,102,VentralAttention,0.01216054199552899,0.11447601882661892,0.7593480038831115,0.4517873067327598,0.8387184171666076
gsr,2,103,VentralAttention,-0.016867735478789884,-0.3053133729008877,-2.0252198027802137,0.049081064775717095,0.36394068473345925
gsr,2,104,VentralAttention,-0.01821724197960665,-0.30786705153352534,-2.042158990499426,0.04729913549350044,0.36394068473345925
gsr,2,105,VentralAttention,-0.01917146026553818,-0.26274181898102106,-1.7428320605910508,0.08851099128532419,0.4032217062358298
gsr,2,106,VentralAttention,-0.011099690577130318,-0.1327978150631352,-0.8808810510868519,0.3832793884785287,0.7860900330036991
gsr,2,107,VentralAttention,-0.026294293378689836,-0.3595478718211824,-2.384970770003318,0.021559820065144942,0.27636789920001725
gsr,2,108,VentralAttention,-0.007030418206890169,-0.07448184974331522,-0.49405669858041046,0.6237806309962797,0.916949814588672
gsr,2,109,VentralAttention,-0.02266575194290769,-0.2603404408956177,-1.7269031204129204,0.09136343182204569,0.4064067460507161
gsr,2,110,VentralAttention,-0.025487771062152487,-0.3674491191686838,-2.437381715658224,0.019004695478417658,0.27149564969168083
gsr,2,111,VentralAttention,-0.010213646108161995,-0.1378248368805238,-0.9142265414492687,0.3656959909912446,0.7860900330036991
gsr,2,112,VentralAttention,-0.010659797331916791,-0.12043464742356684,-0.7988730745254277,0.4287546400538079,0.8290686301688448
gsr,2,113,VentralAttention,0.007077494709551168,0.044766944859004176,0.2969503182156929,0.7679341920703185,0.9637203496436363
gsr,2,114,Limbic,-0.010123561027152877,-0.1267216192706602,-0.8405761278941003,0.40523539232093597,0.8067050703140523
gsr,2,115,Limbic,0.011917923789439538,0.1520826443864151,1.008802137109578,0.3187127563612931,0.7268211636539208
gsr,2,116,Limbic,-0.010436163117695312,-0.17498108865650094,-1.1606932329630542,0.2521701458477331,0.6539222652387076
gsr,2,117,Limbic,0.0010415087974692363,0.015034143397450642,0.09972522538748549,0.9210259690622291,0.9799753817048732
gsr,2,118,Limbic,-0.015365404190573369,-0.1826451511996825,-1.2115308726141545,0.23230800386068323,0.6364602845498171
gsr,2,119,Limbic,-0.001243521881260302,-0.009399028945787915,-0.06234610481373636,0.950576120253727,0.9799753817048732
gsr,2,120,Limbic,-0.007903126750934625,-0.05294099607724368,-0.35117084003178867,0.7271750389587921,0.9563142365227337
gsr,2,121,Limbic,-0.011956297940540045,-0.11940113457094907,-0.7920175258291415,0.4326982146991484,0.8290686301688448
gsr,2,122,Limbic,-0.008857187504871437,-0.18014819694386927,-1.1949679518437275,0.23864893173450313,0.6406682731127601
gsr,2,123,Limbic,-0.021848206765187225,-0.27954402300095527,-1.8542852733612967,0.0705649911079675,0.38826304057022126
gsr,2,124,Limbic,-0.0002585896260680898,-0.002000264466239628,-0.013268253431994722,0.9894751469608796,0.994447383880281
gsr,2,125,Limbic,-0.010518455113135306,-0.15472501131413052,-1.0263296164249303,0.3104753648267694,0.7262581633374723
gsr,2,126,Limbic,-0.017398663665717646,-0.2144867634727146,-1.4227442338734013,0.16202494050224425,0.535619638023948
gsr,2,127,Control,-0.015176394924634561,-0.15772978040786423,-1.0462609997560721,0.3012864267894234,0.7262581633374723
gsr,2,128,Control,-0.01709926499091135,-0.1860418529714462,-1.2340620432175058,0.22388215291251795,0.635126674929129
gsr,2,129,Control,-0.015486042809582922,-0.19525233170657771,-1.2951574474254623,0.20217666563378023,0.6220820481039392
gsr,2,130,Control,-0.016910319067451187,-0.33306425495170544,-2.209298329508155,0.03253011946476918,0.35167696718669383
gsr,2,131,Control,-0.018004001577800056,-0.256962000952276,-1.7044930850752922,0.09550558532191827,0.4064067460507161
gsr,2,132,Control,-0.024099617450647506,-0.46191820474516754,-3.0640187379485675,0.00376220038982408,0.13499885798202466
gsr,2,133,Control,0.0006947654844783551,0.006346800140539094,0.04209990937108618,0.9666139357236431,0.9865213696938667
gsr,2,134,Control,-0.0009263380043259071,-0.01116697921054281,-0.07407336016613929,0.9412955334391837,0.9799753817048732
gsr,2,135,Control,-0.007271646636599332,-0.0742151184272124,-0.49228740318970887,0.6250203560762657,0.916949814588672
gsr,2,136,Control,-0.01456207431591507,-0.21562753607115692,-1.430311263233705,0.15985449881931746,0.5351991115614811
gsr,2,137,Control,-0.00532980000995178,-0.08080813111422296,-0.5360205018314428,0.5947064912354614,0.9153584484344615
gsr,2,138,Control,-0.017067099998879114,-0.20239555697995454,-1.3425402434750124,0.18646587078815882,0.5827058462129963
gsr,2,139,Control,-0.0060226651401000175,-0.051076929060720366,-0.33880601827601864,0.7364048328335768,0.9563142365227337
gsr,2,140,Control,-0.02925009547625509,-0.39901632438470125,-2.6467748664215835,0.011309856181765101,0.19669315098721915
gsr,2,141,Control,-0.014053071185977093,-0.15623791354996655,-1.0363650745464457,0.305825048447559,0.7262581633374723
gsr,2,142,Control,-0.010085326590797418,-0.10348137011127852,-0.6864177549020172,0.4961346932848175,0.8762622351364847
gsr,2,143,Control,-0.023240187001033707,-0.3579594249326562,-2.3744342053460197,0.02210943193600138,0.27636789920001725
gsr,2,144,Control,-0.010399459779953902,-0.13416824558304852,-0.8899714587584602,0.378433545849565,0.7860900330036991
gsr,2,145,Control,-0.014571879278424639,-0.21855085760440865,-1.4497023845684294,0.15439644143392045,0.5324015221859326
gsr,2,146,Control,-0.013188253704724208,-0.21525554699041685,-1.4278437668198565,0.16055973346844432,0.5351991115614811
gsr,2,147,Control,-0.012625525679058412,-0.21621965650971758,-1.4342389458845175,0.15873693307821668,0.5351991115614811
gsr,2,148,Control,-0.03482373345528962,-0.403120341560437,-2.6739978366317634,0.01055380025517467,0.19669315098721915
gsr,2,149,DefaultMode,0.005411361854639466,0.06651465816386035,0.44120832837654883,0.6612727912381423,0.9270016845231567
gsr,2,150,DefaultMode,-0.012233562027811944,-0.17901968203751994,-1.1874822308143598,0.24155588904303743,0.6418536417410334
gsr,2,151,DefaultMode,7.871733647324912e-05,0.0009407167905330863,0.006240009256371205,0.9950500858012621,0.9951547728350219
gsr,2,152,DefaultMode,0.0037629053916844735,0.0639102540466449,0.4239326658580278,0.6737282264276672,0.9276415200090317
gsr,2,153,DefaultMode,0.01021348281156912,0.08428534231771946,0.5590857115890788,0.5790036109811694,0.9153584484344615
gsr,2,154,DefaultMode,-0.024613653004346633,-0.3360828257096175,-2.2293212627224213,0.031068480153485026,0.35167696718669383
gsr,2,155,DefaultMode,-0.0035660166978403714,-0.06896726971298006,-0.4574771129063936,0.6496313160476411,0.9270016845231567
gsr,2,156,DefaultMode,0.010397368909593597,0.08754945647535459,0.5807373954566042,0.5644489164963182,0.9153584484344615
gsr,2,157,DefaultMode,-0.0025111038857114406,-0.027377036667983846,-0.18159871699900806,0.8567510004163323,0.9708226633612832
gsr,2,158,DefaultMode,0.001981836250173914,0.02949856712275784,0.1956713579986028,0.845789141879698,0.9675187340304524
gsr,2,159,DefaultMode,-0.009490958275531968,-0.17452306027389208,-1.1576550163861603,0.2533948777799992,0.6539222652387076
gsr,2,160,DefaultMode,0.005435261755158589,0.0392439910258518,0.26031518701764983,0.7958631884556928,0.9637203496436363
gsr,2,161,DefaultMode,6.304425641145972e-05,0.0009208210684668913,0.006108035966317677,0.9951547728350219,0.9951547728350219
gsr,2,162,DefaultMode,-0.016720163473977506,-0.29445882881229984,-1.9532189027557814,0.05732065784551983,0.36394068473345925
gsr,2,163,DefaultMode,-0.01542067446226616,-0.2982143684225011,-1.9781303343004915,0.0543441377889733,0.36394068473345925
gsr,2,164,DefaultMode,-0.023784488772295786,-0.4541446138241651,-3.0124545692312097,0.0043296879856182,0.13499885798202466
gsr,2,165,DefaultMode,-0.026980923163934512,-0.5617033668574105,-3.725918622690763,0.000562838806166559,0.0943845989318637
gsr,2,166,DefaultMode,-0.00280921750327011,-0.04964249511268261,-0.32929105989163987,0.7435343188964254,0.9563142365227337
gsr,2,167,DefaultMode,0.002741667187431218,0.050321648082480866,0.3337960510437925,0.7401558810571099,0.9563142365227337
gsr,2,168,DefaultMode,-0.0075681268448397395,-0.12613757968472833,-0.8367020475555995,0.4073860605085964,0.8067050703140523
gsr,2,169,DefaultMode,0.008314636971552075,0.08074729870232493,0.5356169852607265,0.5949829914824,0.9153584484344615
gsr,2,170,DefaultMode,-0.0007800066458036149,-0.014019527678782878,-0.09299502609704997,0.9263394542760379,0.9799753817048732
gsr,2,171,DefaultMode,0.011038296378979184,0.11805803802879491,0.7831084312540436,0.4378554139659736,0.8290686301688448
gsr,2,172,DefaultMode,-0.026998710416203,-0.2960717576711669,-1.9639178624325775,0.05602552369151095,0.36394068473345925
gsr,2,173,DefaultMode,-0.04832354423770062,-0.42978467954287636,-2.8508690453737096,0.006671227781109938,0.17944013777286305
gsr,2,174,DefaultMode,-0.010913947219744218,-0.1227378157044772,-0.8141505645590827,0.42004465156819215,0.8276741902821521
gsr,2,175,DefaultMode,-0.022407304373811412,-0.26257324530055265,-1.7417138692957645,0.08870877537188256,0.4032217062358298
gsr,2,176,DefaultMode,-0.013705887835535007,-0.11648103246044984,-0.77264775972904,0.4439572582244766,0.8337225506562942
gsr,2,177,DefaultMode,-0.014100187988908079,-0.2082332461505321,-1.3812630927180658,0.1743341782089169,0.557869370268534
gsr,2,178,DefaultMode,-0.0011086843576313852,-0.020719061945261855,-0.13743470896112925,0.891328726217274,0.9799753817048732
gsr,2,179,DefaultMode,-0.02252299657682249,-0.27561928006341707,-1.8282514739164737,0.07445449961591989,0.3952381034609987
gsr,2,180,DefaultMode,-0.020214060373930257,-0.2838065806091033,-1.8825598818283003,0.06653749240060597,0.380214242289177
gsr,2,181,DefaultMode,-0.004795746726175281,-0.07684537986019552,-0.509734583737204,0.6128438001692744,0.916949814588672
gsr,2,182,DefaultMode,-0.0014405997380867073,-0.012669383105058064,-0.08403918016949087,0.933415320999019,0.9799753817048732
gsr,2,183,DefaultMode,-0.005538910376756336,-0.03739405241906787,-0.24804408252985963,0.8052810347964234,0.9637203496436363
gsr,2,184,DefaultMode,-0.017912426311953212,-0.1638395560809034,-1.086788666677496,0.28318496148424044,0.694932420820222
gsr,2,185,DefaultMode,-0.007486077982544207,-0.05490955705532029,-0.36422879631421856,0.7174721718183485,0.950294267309071
gsr,2,186,DefaultMode,-0.005645445178266181,-0.033859880167725113,-0.22460103592548075,0.8233535467613974,0.9637203496436363
gsr,2,187,DefaultMode,-0.005135361579798875,-0.036013799262200476,-0.2388885188557947,0.812326944968955,0.9637203496436363
gsr,2,188,DefaultMode,-0.001828516468340679,-0.010863329422765869,-0.072059175338685,0.9428889466026569,0.9799753817048732
gsr,2,189,DefaultMode,0.012605534365273034,0.06665389229328096,0.4421319031071487,0.6606095968919601,0.9270016845231567
gsr,2,190,DefaultMode,-0.0023525080672096525,-0.036620060600898646,-0.24291000162651502,0.8092301297045343,0.9637203496436363
gsr,2,191,DefaultMode,-0.0023578875362440595,-0.03264961319498702,-0.21657303303601746,0.8295653259792147,0.9637203496436363
gsr,2,192,DefaultMode,0.012269347193914976,0.11943037868328742,0.7922115093250482,0.43258632995253743,0.8290686301688448
gsr,2,193,DefaultMode,-0.008535226853181742,-0.10839239036877737,-0.7189937779659338,0.4760340771411976,0.8562249588119646
gsr,2,194,DefaultMode,-0.008293277970497687,-0.13344000522617613,-0.8851408587165798,0.38100372383352565,0.7860900330036991
gsr,2,195,DefaultMode,-0.017560728403038326,-0.272140256025,-1.8051742391723609,0.07805242560690512,0.396627978199069
gsr,2,196,DefaultMode,-0.015033579612300828,-0.210387337547616,-1.3955517185745852,0.1700149263809716,0.548435246390231
gsr,2,197,DefaultMode,-0.02875630103760092,-0.3642815682365484,-2.4163705597657565,0.01999419666307387,0.2731375041165545
gsr,2,198,DefaultMode,-0.00953886190585681,-0.13765439708844499,-0.9130959717699255,0.3662834871955747,0.7860900330036991
gsr,2,199,DefaultMode,-0.019416126394087792,-0.27957111188175554,-1.8544649606685069,0.07053875640751484,0.38826304057022126
gsr,2,200,DefaultMode,-0.03696463420845668,-0.4241915686213554,-2.813768544698662,0.007354454547859896,0.1838613636964974
gsr,2,201,Visual,-0.02059512653718534,-0.30030792251120225,-1.9920174010815637,0.05274351917583995,0.36394068473345925
gsr,2,202,Visual,0.008182126262892104,0.13209229881029208,0.8762011856984957,0.3857893679151795,0.7860900330036991
gsr,2,203,Visual,-0.0034567686647909764,-0.028834330775359185,-0.19126531252572784,0.8492180095855673,0.9675187340304524
gsr,2,204,Visual,-0.008981724584363731,-0.13446067126047734,-0.8919111912606541,0.3774046049285894,0.7860900330036991
gsr,2,205,Visual,-0.005747393538781239,-0.08388172643137756,-0.5564084266802332,0.5808159404640352,0.9153584484344615
gsr,2,206,Visual,-0.010827488955226278,-0.13171124371356985,-0.873673552137935,0.38714934125432177,0.7860900330036991
gsr,2,207,Visual,-0.0005941065054751928,-0.009696284944421006,-0.06431787804203308,0.9490151988464149,0.9799753817048732
gsr,2,208,Visual,-0.012479119500300772,-0.18781696382423704,-1.2458367965374957,0.21956982579574272,0.635126674929129
gsr,2,209,Visual,0.0076527842935609595,0.0601583689927172,0.3990454758971869,0.6918346448970955,0.9283017597707149
gsr,2,210,Visual,0.010742976130252248,0.10774116236719926,0.7146740200975186,0.4786726870015414,0.8562249588119646
gsr,2,211,Visual,-0.0009093240140741351,-0.009727977164299092,-0.06452810044625118,0.9488487916232539,0.9799753817048732
gsr,2,212,Visual,-0.014206179717074401,-0.19035441405445455,-1.2626683372131606,0.21351313664623592,0.6326315159888471
gsr,2,213,Visual,0.005474823477631036,0.06201163443770836,0.4113386481331203,0.6828672563544086,0.9283017597707149
gsr,2,214,Visual,-0.00620885800303255,-0.08110862279095495,-0.5380137381201323,0.5933415652096738,0.9153584484344615
gsr,2,215,Visual,-0.008038050024265277,-0.16932868516821217,-1.1231994298943542,0.2675848857217093,0.6731695238281995
gsr,2,216,Visual,-0.027723824057338187,-0.3192865222377672,-2.117907189760279,0.04000290072123156,0.36072978566053665
gsr,2,217,Visual,-0.005192887092974403,-0.07247434642979732,-0.48074042806774225,0.6331380523807018,0.9238651095249171
gsr,2,218,Visual,-0.003254760116921544,-0.035094953520320694,-0.23279358572373224,0.8170262407043327,0.9637203496436363
gsr,2,219,Visual,-0.0008670643694751987,-0.010448916344308537,-0.06931026995976684,0.9450639746770246,0.9799753817048732
gsr,2,220,Visual,-0.013349245804849768,-0.1833822280068407,-1.2164200870361883,0.2304600928627748,0.6364602845498171
gsr,2,221,Visual,-0.0012169794624116714,-0.01162888246385315,-0.07713727972748907,0.9388721480985823,0.9799753817048732
gsr,2,222,Visual,-0.01883021937476012,-0.18962225196166207,-1.257811723318133,0.21524780095499013,0.6330817675146768
gsr,2,223,Visual,0.014030927492267491,0.08441849371328672,0.5599689380278964,0.5784063337877805,0.9153584484344615
gsr,2,224,Visual,-0.006380879647903828,-0.09356450231227556,-0.6206366957323164,0.5381145551518918,0.9010277022855151
gsr,2,225,Visual,-0.007315723595422385,-0.10915941560469572,-0.7240816477904838,0.4729368986800966,0.8562249588119646
gsr,2,226,Visual,0.011204156441230982,0.09322134084321583,0.6183604200615598,0.5395996148827253,0.9010277022855151
gsr,2,227,Visual,-0.016605746551430125,-0.25863861129051624,-1.7156144598984402,0.09343090441442836,0.4064067460507161
gsr,2,228,Visual,-0.007394552582295677,-0.1073648981307055,-0.7121781655085602,0.4802009758004355,0.8562249588119646
gsr,2,229,Visual,0.011348507380165906,0.09457589076162769,0.6273454877399172,0.53375007284243,0.9010277022855151
gsr,2,230,Visual,-0.026876543188910116,-0.3996345073116958,-2.6508754280628732,0.011192874828572823,0.19669315098721915
gsr,2,231,Somatomotor,-0.015206534929312189,-0.24497557744824075,-1.6249841463929289,0.11147432592344386,0.4385537138271508
gsr,2,232,Somatomotor,-0.013851925668534375,-0.21114609711181626,-1.4005847601356771,0.16851343658898674,0.5480111758991438
gsr,2,233,Somatomotor,-0.014503695761844532,-0.15585224283535654,-1.0338068244404663,0.3070059483731265,0.7262581633374723
gsr,2,234,Somatomotor,-0.004609887570642676,-0.0609886369820117,-0.4045528506890523,0.6878116027742083,0.9283017597707149
gsr,2,235,Somatomotor,-0.006113596198407095,-0.09403342860660692,-0.6237472008775742,0.5360886764613606,0.9010277022855151
gsr,2,236,Somatomotor,-0.006755276193374051,-0.10207977794349404,-0.6771206442427334,0.5019562271069196,0.8762622351364847
gsr,2,237,Somatomotor,-0.00746411166698381,-0.10160867153563516,-0.6739956778603332,0.5039213460768441,0.8762622351364847
gsr,2,238,Somatomotor,-0.017844674837399127,-0.24205884815311451,-1.6056367530189861,0.11567379735309939,0.4406620851546643
gsr,2,239,Somatomotor,-0.005926039301225564,-0.0859126756795197,-0.569880219928917,0.5717245279395999,0.9153584484344615
gsr,2,240,Somatomotor,-0.009985017935635741,-0.13600165121430363,-0.9021328958932558,0.37201198302789074,0.7860900330036991
gsr,2,241,Somatomotor,-0.014991844560467073,-0.2572662646249529,-1.7065113419545024,0.09512627019398,0.4064067460507161
gsr,2,242,Somatomotor,-0.01790200312561244,-0.28540373654744305,-1.8931542157866221,0.06507970967763385,0.37727367929063105
gsr,2,243,Somatomotor,-0.007306968957913967,-0.15219551394827116,-1.0095508290834343,0.3183578915828634,0.7268211636539208
gsr,2,244,Somatomotor,0.0033249782564335295,0.04313873111052812,0.2861499700513066,0.7761373801634567,0.9637203496436363
gsr,2,245,Somatomotor,-0.02598661420422488,-0.33361689431166236,-2.2129641243108726,0.03225804786794318,0.35167696718669383
gsr,2,246,Somatomotor,-0.022528309919605003,-0.3081730020461417,-2.044188436608958,0.047089470251725385,0.36394068473345925
gsr,2,247,Somatomotor,-0.0019629046757232123,-0.025184805776724026,-0.16705710235873758,0.8681082699024252,0.9754025504521631
gsr,2,248,Somatomotor,-0.012809821682025513,-0.1974762964012056,-1.3099095603036184,0.19718160109733426,0.6114158173560752
gsr,2,249,Somatomotor,-0.018374613206006005,-0.29239399202730765,-1.9395223250174956,0.05901620666601869,0.3688512916626168
gsr,2,250,Somatomotor,-0.02627925964415828,-0.3388066387657881,-2.247388994535199,0.02979994789053654,0.35058762224160633
gsr,2,251,Somatomotor,-0.0007235000077474851,-0.006994116990252373,-0.046393723593033835,0.963211239124439,0.9865213696938667
gsr,2,252,Somatomotor,-0.01898565389332265,-0.3192042791904432,-2.1173616511010995,0.040051701955918534,0.36072978566053665
gsr,2,253,Somatomotor,0.0015170030227434047,0.012538432706824093,0.08317055349531148,0.93410190785829,0.9799753817048732
gsr,2,254,Somatomotor,-0.01781158590383057,-0.3014019143896389,-1.9992741222505044,0.05192345294312181,0.36394068473345925
gsr,2,255,Somatomotor,-0.007916961334774137,-0.10801892207726435,-0.7165164695778461,0.4775462651003778,0.8562249588119646
gsr,2,256,Somatomotor,-0.0031962343954855988,-0.01898514676411247,-0.12593321681278205,0.9003717741936303,0.9799753817048732
gsr,2,257,Somatomotor,-0.01890039010442439,-0.2878686313803694,-1.9095044784036277,0.06288345990762395,0.37542364123954597
gsr,2,258,Somatomotor,-0.01946183178648071,-0.27923550411434,-1.8522387905860147,0.07086436649999159,0.38826304057022126
gsr,2,259,Somatomotor,-0.009576703252261697,-0.1141907340433268,-0.7574556387139557,0.45290794526996814,0.8387184171666076
gsr,2,260,Somatomotor,-0.021029464077290547,-0.23171773942162055,-1.537041597861719,0.13160970692930188,0.48096318454958303
gsr,2,261,Somatomotor,0.0017367339984538882,0.011930886349617224,0.07914054687610665,0.9372879935611388,0.9799753817048732
gsr,2,262,Somatomotor,-0.0030166632948880386,-0.032504923716386885,-0.21561327161275984,0.8303087018315162,0.9637203496436363
gsr,2,263,Somatomotor,-0.030132952353073016,-0.3503520725533588,-2.323972738365727,0.024920331876874743,0.3020646288106029
gsr,2,264,Somatomotor,-0.023183352827281404,-0.3036268109304598,-2.01403241629703,0.05028965661359,0.36394068473345925
gsr,2,265,Somatomotor,-0.008485335301686391,-0.09978804001425998,-0.6619189745845425,0.5115550630265879,0.8819914879768758
gsr,2,266,Somatomotor,0.010250170935207782,0.07404357400853444,0.49114950624644005,0.6258182484567686,0.916949814588672
gsr,2,267,Somatomotor,0.010469222109259484,0.06690041548972196,0.44376715299657643,0.6594360443652296,0.9270016845231567
gsr,2,268,Somatomotor,-0.008519988961578927,-0.0781623609670929,-0.5184704481123353,0.6067879807271601,0.916949814588672
gsr,2,269,Somatomotor,0.0030746519378277814,0.02139364815365191,0.1419094076450859,0.887814375890738,0.9799753817048732
gsr,2,270,Somatomotor,0.013730899879182268,0.08381252385049957,0.5559493886896402,0.5811269521005917,0.9153584484344615
gsr,2,271,DorsalAttention,-0.010918602064664645,-0.13330615874793972,-0.8842530216209384,0.3814773124060201,0.7860900330036991
gsr,2,272,DorsalAttention,-0.0039680592206159234,-0.03785028398259923,-0.25107038035736107,0.802955629461779,0.9637203496436363
gsr,2,273,DorsalAttention,-0.006129645675327245,-0.06043591213939787,-0.4008864888585356,0.6904888075681562,0.9283017597707149
gsr,2,274,DorsalAttention,0.015559313705829664,0.11055781223776025,0.7333575616704265,0.46731995443380525,0.8562249588119646
gsr,2,275,DorsalAttention,-0.03498805256440404,-0.4167231729029082,-2.76422881193069,0.008368244504724709,0.19669315098721915
gsr,2,276,DorsalAttention,-0.022955374511783012,-0.3229636125893223,-2.1422982477929673,0.03787368843279557,0.36072978566053665
gsr,2,277,DorsalAttention,-0.008113799027710622,-0.08405285027115174,-0.5575435338186648,0.5800472188139483,0.9153584484344615
gsr,2,278,DorsalAttention,-0.006892158354133015,-0.09298661759730417,-0.6168034421890334,0.5406166213713091,0.9010277022855151
gsr,2,279,DorsalAttention,-0.02584249640064572,-0.3938837038534053,-2.612728913434417,0.012325376514206328,0.2054229419034388
gsr,2,280,DorsalAttention,-0.015497464535781913,-0.2964815689862743,-1.9666362431666842,0.05570050379607334,0.36394068473345925
gsr,2,281,DorsalAttention,-0.014911206843060803,-0.2431942730124824,-1.6131683094913163,0.11402396559505922,0.4385537138271508
gsr,2,282,DorsalAttention,-0.030577365513556762,-0.5059834056503754,-3.356314213376974,0.0016602699281068078,0.13282159424854462
gsr,2,283,DorsalAttention,-0.021478315437963278,-0.26430231324876746,-1.7531832085382815,0.08669750506925389,0.4032217062358298
gsr,2,284,DorsalAttention,-0.026927129572591194,-0.4028351252728223,-2.6721059258115303,0.010604800823670164,0.19669315098721915
gsr,2,285,DorsalAttention,-0.03599970121239268,-0.5353882816622393,-3.5513640948535246,0.000943845989318637,0.0943845989318637
gsr,2,286,DorsalAttention,-0.01460943141739765,-0.1917916635190508,-1.2722019716215704,0.2101383617922521,0.6319950730594047
gsr,2,287,DorsalAttention,-0.017137453817127526,-0.1826599128580025,-1.2116287903780165,0.23227088867275528,0.6364602845498171
gsr,2,288,DorsalAttention,-0.0029437355283155986,-0.029087430458076304,-0.1929441858899892,0.8479111265818245,0.9675187340304524
gsr,2,289,DorsalAttention,0.007289623883506543,0.0570587246387418,0.37848476128582703,0.7069327816877333,0.9394455570601108
gsr,2,290,DorsalAttention,0.006225971323768698,0.04719223952134542,0.3130379030177681,0.7557651864004921,0.9626200517838058
gsr,2,291,DorsalAttention,-0.027756895637855817,-0.4123732319784534,-2.7353745681174337,0.009016858564340115,0.19669315098721915
gsr,2,292,DorsalAttention,0.0023151356322898605,0.014605832048330223,0.0968841293105188,0.9232685806591314,0.9799753817048732
gsr,2,293,DorsalAttention,-0.03012656804347694,-0.4657835511364592,-3.0896585452779055,0.003506798880023516,0.13499885798202466
gsr,2,294,VentralAttention,-0.02236394939544717,-0.32331285942075505,-2.1446148891911334,0.03767674096044653,0.36072978566053665
gsr,2,295,VentralAttention,-0.010123392283149873,-0.15512726883519545,-1.0289978909578712,0.3092342260394846,0.7262581633374723
gsr,2,296,VentralAttention,-0.0018351695885209971,-0.03295176237639043,-0.21857726396687363,0.8280134742787282,0.9637203496436363
gsr,2,297,VentralAttention,-0.0029632017253564858,-0.04994601179298246,-0.3313043617839776,0.7420238426349379,0.9563142365227337
gsr,2,298,VentralAttention,-0.004729329606278246,-0.08117957344032006,-0.5384843714852847,0.5930195022940182,0.9153584484344615
gsr,2,299,VentralAttention,-0.010957051143669717,-0.16390922524419071,-1.08725079962566,0.28298304394883395,0.694932420820222
gsr,2,300,VentralAttention,-0.0040731992404493995,-0.07193377931193871,-0.4771547114598606,0.6356682625369141,0.9238651095249171
gsr,2,301,VentralAttention,-0.02303000193228363,-0.24324025649888747,-1.6134733294332324,0.1139575552817218,0.4385537138271508
gsr,2,302,VentralAttention,-0.0006535394677088045,-0.01259764937891964,-0.08356335246066036,0.9337914222339483,0.9799753817048732
gsr,2,303,VentralAttention,-0.011664538196327512,-0.25338806661945446,-1.6807862866606165,0.10005563053453645,0.41689846056056856
gsr,2,304,VentralAttention,-0.004718607424297207,-0.08434589845085907,-0.5594873955338368,0.5787319371704659,0.9153584484344615
gsr,2,305,VentralAttention,-0.0034499277331493687,-0.04240681209032442,-0.2812949685174261,0.7798334016704798,0.9637203496436363
gsr,2,306,VentralAttention,-0.0008348209767890045,-0.01451403048277664,-0.09627518661430193,0.9237493307684634,0.9799753817048732
gsr,2,307,VentralAttention,0.003799150594310771,0.04673328841589043,0.3099935657899421,0.7580632907797471,0.9626200517838058
gsr,2,308,VentralAttention,-0.010544890691778958,-0.18687043878664153,-1.2395582597287331,0.22186150472768704,0.635126674929129
gsr,2,309,VentralAttention,-0.006803427896204556,-0.12638993553103586,-0.8383759868673086,0.4064559218769601,0.8067050703140523
gsr,2,310,VentralAttention,-0.02044890707991825,-0.28918938772725555,-1.9182653848878306,0.061732965610443565,0.37542364123954597
gsr,2,311,VentralAttention,-0.028339914537762325,-0.37883487138103117,-2.5129062517468532,0.015803364987713193,0.2431286921186645
gsr,2,312,VentralAttention,-0.008978574725509985,-0.10110153616217299,-0.6706317223569519,0.50604144079132,0.8762622351364847
gsr,2,313,VentralAttention,-0.013756842816853559,-0.18337155315599343,-1.2163492780862817,0.23048677816186539,0.6364602845498171
gsr,2,314,VentralAttention,-0.02311485908718761,-0.27498947179208716,-1.8240737984647477,0.07509523965758975,0.3952381034609987
gsr,2,315,VentralAttention,-0.012499308868110083,-0.1596125829481874,-1.0587500989172318,0.2956250623222459,0.7210367373713314
gsr,2,316,VentralAttention,-0.017088491888175232,-0.25005478446646406,-1.6586757942169024,0.10445912923159517,0.4289509711754707
gsr,2,317,VentralAttention,-0.010350710900069941,-0.07155007576761072,-0.47460951008532964,0.6374669255721928,0.9238651095249171
gsr,2,318,VentralAttention,0.011406344595304962,0.08482065619261978,0.5626365821253099,0.5766041763704068,0.9153584484344615
gsr,2,319,Limbic,-0.01479937913205805,-0.23699791579145804,-1.5720663255530223,0.12326525856503433,0.46080470491601616
gsr,2,320,Limbic,-0.008049525805326972,-0.12131286101388754,-0.8046984844551971,0.4254207054672495,0.8290686301688448
gsr,2,321,Limbic,-0.008546351456341894,-0.14595037947556133,-0.9681252934608492,0.33839582964721493,0.7604400666229549
gsr,2,322,Limbic,-0.016486221233659684,-0.2463397738362285,-1.634033201511556,0.10955335469259585,0.43837066208271713
gsr,2,323,Limbic,0.000527016249852645,0.004825193061574933,0.03200670985254059,0.9746148061224248,0.9894566559618526
gsr,2,324,Limbic,-0.021028250258802866,-0.278249218914258,-1.8456965146961093,0.07182866250549093,0.38826304057022126
gsr,2,325,Limbic,0.0014195234197690184,0.013981886556603703,0.09274534313913747,0.9265366456852444,0.9799753817048732
gsr,2,326,Limbic,0.01693585270807933,0.17475748617706585,1.1592100219100954,0.25276750664015435,0.6539222652387076
gsr,2,327,Limbic,-0.007919022517799077,-0.06765746181375722,-0.44878883020806204,0.6558376212374846,0.9270016845231567
gsr,2,328,Limbic,-0.011942087966268018,-0.15235954466648904,-1.010638885776277,0.31784265257722505,0.7268211636539208
gsr,2,329,Limbic,-0.012309803269550536,-0.13369753114771105,-0.8868490924276234,0.3800935724169957,0.7860900330036991
gsr,2,330,Limbic,-0.021679842814532044,-0.2539587248990028,-1.6845716054541595,0.09931732898041024,0.41689846056056856
gsr,2,331,Limbic,-0.019399483066483172,-0.25731258312225147,-1.7068185841072872,0.09506863620034674,0.4064067460507161
gsr,2,332,Control,-0.021675620678764152,-0.3192042213423078,-2.1173612673799806,0.04005173630013131,0.36072978566053665
gsr,2,333,Control,-0.021708235084589297,-0.40972394002035095,-2.7178011533471698,0.009434340100383121,0.19669315098721915
gsr,2,334,Control,-0.03261478385199221,-0.6141525223487443,-4.073826961362289,0.00019517828124792887,0.07807131249917154
gsr,2,335,Control,-0.002545373209432436,-0.021489748848461967,-0.1425468675386407,0.8873139100447549,0.9799753817048732
gsr,2,336,Control,-0.011134559511652892,-0.14429171809812238,-0.9571229785744111,0.3438557781375393,0.764123951416754
gsr,2,337,Control,-0.015396973955115271,-0.22081308549132447,-1.4647083067507853,0.15027415018552126,0.5226926962974653
gsr,2,338,Control,0.001112575861397849,0.008735831011631003,0.057946947395061746,0.9540593384411522,0.9810378801451436
gsr,2,339,Control,0.0013904039132733935,0.009916992163978348,0.06578188411362178,0.9478563735122524,0.9799753817048732
gsr,2,340,Control,-0.002303409970785052,-0.04044822836550606,-0.2683031938459877,0.7897489453494064,0.9637203496436363
gsr,2,341,Control,-0.006820677880312209,-0.07708836757637524,-0.5113463819036712,0.6117244016571601,0.916949814588672
gsr,2,342,Control,0.004762459697646645,0.05023191215696939,0.33320081025351894,0.7406019755564499,0.9563142365227337
gsr,2,343,Control,0.0008345966331334124,0.009743118225889164,0.06462853488669505,0.9487692908435456,0.9799753817048732
gsr,2,344,Control,-0.0094727593188133,-0.15550200735960323,-1.0314836251177755,0.30808105302642597,0.7262581633374723
gsr,2,345,Control,-0.011226931516069443,-0.17873249887953357,-1.1855772732520597,0.2422997497572401,0.6418536417410334
gsr,2,346,Control,-0.015217463521341302,-0.2433413963739371,-1.6141442154669987,0.11381159787407792,0.4385537138271508
gsr,2,347,Control,-0.02465669542864555,-0.4534077104430644,-3.0075665051875005,0.004387462884415802,0.13499885798202466
gsr,2,348,Control,-0.025779647165641982,-0.4616447952463049,-3.062205144504875,0.003780913093374638,0.13499885798202466
gsr,2,349,Control,-0.020517476157499083,-0.3801438964451288,-2.5215893417044204,0.015468637680466094,0.2431286921186645
gsr,2,350,Control,-0.0038118726474750397,-0.03186115656155571,-0.2113430034029006,0.8336181024417454,0.9637203496436363
gsr,2,351,Control,-0.027171922552320763,-0.307829264044197,-2.041908336651683,0.04732508722865261,0.36394068473345925
gsr,2,352,Control,0.0006159404891773998,0.004302049681992182,0.028536569249271667,0.9773662366848246,0.9897379611998223
gsr,2,353,Control,0.008125579586636423,0.06091433265803518,0.40405997156319,0.6881712721313057,0.9283017597707149
gsr,2,354,Control,0.012543093494770412,0.06224593346683602,0.41289281206984224,0.6817368134973081,0.9283017597707149
gsr,2,355,Control,0.0034051936929703486,0.02360355257847309,0.15656825524444196,0.8763179267199566,0.9791261751060967
gsr,2,356,Control,-0.011842387648599313,-0.190405596102455,-1.2630078405115992,0.21339226594178876,0.6326315159888471
gsr,2,357,Control,-0.02128549617128606,-0.3183160442907991,-2.111469767325463,0.04058210088681037,0.36072978566053665
gsr,2,358,Control,-0.02168797484563364,-0.2627714367453449,-1.7430285226138338,0.08847627938827739,0.4032217062358298
gsr,2,359,Control,-0.007870909797005625,-0.09655336090477719,-0.6404625407378318,0.5252704225003364,0.8940773148941896
gsr,2,360,Control,-0.0002559610191648909,-0.003462384608180706,-0.022966861250474195,0.9817829562499981,0.9916999558080789
gsr,2,361,Control,-0.017894679210978433,-0.20726265369639407,-1.3748249107286137,0.1763078614840327,0.5588140100971318
gsr,2,362,DefaultMode,0.002830158607430595,0.05173519687492619,0.34317247297859477,0.7331408853753155,0.9563142365227337
gsr,2,363,DefaultMode,-0.009504520826165347,-0.1318448475479503,-0.8745597797163207,0.38667216926495573,0.7860900330036991
gsr,2,364,DefaultMode,-0.0017679552261900468,-0.025446890549854,-0.16879557607021262,0.8667489563297699,0.9754025504521631
gsr,2,365,DefaultMode,-0.0064542056673151105,-0.11520196657220623,-0.7641633964621464,0.4489430137414192,0.8387184171666076
gsr,2,366,DefaultMode,-0.017375458806073427,-0.30240111664386826,-2.0059020801844167,0.05118411200951917,0.36394068473345925
gsr,2,367,DefaultMode,0.0011202091217131884,0.015381481633554888,0.10202920659648881,0.9192078040411066,0.9799753817048732
gsr,2,368,DefaultMode,-0.009016986909992033,-0.10701453354127206,-0.7098541097426048,0.48162653933173005,0.8562249588119646
gsr,2,369,DefaultMode,0.0064924402436707255,0.08215208933103171,0.5449353121095822,0.5886133890208813,0.9153584484344615
gsr,2,370,DefaultMode,0.0020075056270959135,0.042938726290466314,0.28482328816249136,0.7771468412489329,0.9637203496436363
gsr,2,371,DefaultMode,0.0090727467739296,0.06597486151430282,0.4376277224772022,0.6638465275114676,0.9270016845231567
gsr,2,372,DefaultMode,0.005264753818789403,0.07537727817987483,0.499996298881776,0.6196268979698771,0.916949814588672
gsr,2,373,DefaultMode,0.006496297958689559,0.04761791112863686,0.3158614890283546,0.7536357195463501,0.9626200517838058
gsr,2,374,DefaultMode,-0.008350719900067917,-0.1072250938419173,-0.711250808768574,0.4807695258533681,0.8562249588119646
gsr,2,375,DefaultMode,-0.01310534732819112,-0.27178222212469005,-1.80279931095325,0.078430878178807,0.396627978199069
gsr,2,376,DefaultMode,-0.017584782328471663,-0.24958454361692525,-1.6555565692988659,0.10509298793799032,0.4289509711754707
gsr,2,377,DefaultMode,-0.010064815648873054,-0.17172774379973813,-1.1391129845560246,0.2609623034438425,0.669134111394468
gsr,2,378,DefaultMode,-0.02062629082035033,-0.3194603233380932,-2.1190600558361434,0.03989994265075123,0.36072978566053665
gsr,2,379,DefaultMode,-0.01243215223551981,-0.18649229954144933,-1.2370499677391116,0.22278197835341113,0.635126674929129
gsr,2,380,DefaultMode,-0.002274946482003061,-0.02386892435763097,-0.15832853248727344,0.8749391635956747,0.9791261751060967
gsr,2,381,DefaultMode,-0.007294623400667762,-0.08722116174085542,-0.578559734546638,0.5659045066494919,0.9153584484344615
gsr,2,382,DefaultMode,0.000833062556455617,0.01029383905476519,0.06828160359392565,0.9458780006585394,0.9799753817048732
gsr,2,383,DefaultMode,-0.01076408729046923,-0.1262575654207181,-0.8374979428885447,0.4069436507669363,0.8067050703140523
gsr,2,384,DefaultMode,-0.005306063875672484,-0.07721304100524098,-0.5121733718734206,0.6111504186697032,0.916949814588672
gsr,2,385,DefaultMode,0.00414100514440631,0.05738725039211873,0.3806639546016672,0.7053267611916917,0.9394455570601108
gsr,2,386,DefaultMode,-0.0141420267655052,-0.22369813096878324,-1.483845533454471,0.14514355814045551,0.513782506691878
gsr,2,387,DefaultMode,-0.011051550734399368,-0.18393090139089127,-1.2200595745308893,0.2290915634420795,0.6364602845498171
gsr,2,388,DefaultMode,-0.01194866818773314,-0.16610772008857702,-1.1018339646303807,0.27666312490673567,0.6916578122668391
gsr,2,389,DefaultMode,0.0009030608531130458,0.0058669710781617266,0.03891708344425855,0.9691366229954708,0.9865213696938667
gsr,2,390,DefaultMode,-0.014545775678149152,-0.11859227424613378,-0.7866521534187073,0.4357996916246283,0.8290686301688448
gsr,2,391,DefaultMode,0.007035180677690923,0.03430315830366194,0.2275414104348218,0.821081232129254,0.9637203496436363
gsr,2,392,DefaultMode,0.0013120035144175853,0.018016339531225476,0.11950687664144478,0.9054303996990996,0.9799753817048732
gsr,2,393,DefaultMode,-0.0015947726982049428,-0.02529254853909127,-0.16777178699203474,0.8675494084796296,0.9754025504521631
gsr,2,394,DefaultMode,0.007785295220984009,0.11144430822172548,0.7392379107843657,0.46377908032582627,0.8548923139646567
gsr,2,395,DefaultMode,0.005035028405354161,0.08134540302652501,0.539584360518448,0.5922670835074185,0.9153584484344615
gsr,2,396,DefaultMode,-0.014788617073259428,-0.20671774934664994,-1.3712104241791458,0.17742344820583936,0.5588140100971318
gsr,2,397,DefaultMode,-0.020500116335230526,-0.27022871898535,-1.7924945369055894,0.08009092786389421,0.396627978199069
gsr,2,398,DefaultMode,-0.0023420189483674488,-0.03464225769341237,-0.22979074131970312,0.819344002000762,0.9637203496436363
gsr,2,399,DefaultMode,-0.023506990228043277,-0.28815085364829485,-1.9113765291440101,0.0626360897429565,0.37542364123954597
gsr,2,400,DefaultMode,-0.020042082650691347,-0.2993407098955413,-1.985601638404272,0.053477859079056035,0.36394068473345925
