sid,session,order,disgust,fear,infect,mean3
53,2,0,1.0,1.0,1.0,1.0
53,2,1,1.0,1.0,2.0,1.3333333333333333
53,2,2,1.0,1.0,2.0,1.3333333333333333
53,2,3,3.0,3.0,4.0,3.3333333333333335
53,2,4,4.0,4.0,4.0,4.0
53,2,5,4.0,4.0,4.0,4.0
53,2,6,1.0,1.0,1.0,1.0
53,2,7,3.0,4.0,4.0,3.6666666666666665
53,2,8,1.0,1.0,2.0,1.3333333333333333
53,2,9,3.0,3.0,4.0,3.3333333333333335
53,2,10,1.0,1.0,1.0,1.0
53,2,11,4.0,4.0,4.0,4.0
53,2,12,1.0,1.0,2.0,1.3333333333333333
53,2,13,3.0,3.0,3.0,3.0
53,2,14,1.0,1.0,3.0,1.6666666666666667
53,2,15,4.0,4.0,3.0,3.6666666666666665
53,2,16,1.0,1.0,2.0,1.3333333333333333
53,2,17,1.0,3.0,3.0,2.3333333333333335
53,2,18,1.0,1.0,1.0,1.0
53,2,19,3.0,4.0,4.0,3.6666666666666665
53,2,20,1.0,1.0,1.0,1.0
53,2,21,4.0,4.0,4.0,4.0
53,2,22,1.0,1.0,1.0,1.0
53,2,23,3.0,3.0,4.0,3.3333333333333335
53,2,24,1.0,1.0,1.0,1.0
53,2,25,4.0,4.0,4.0,4.0
53,2,26,1.0,1.0,1.0,1.0
53,2,27,4.0,4.0,4.0,4.0
53,2,28,1.0,1.0,1.0,1.0
53,2,29,4.0,4.0,4.0,4.0
53,2,30,1.0,1.0,1.0,1.0
53,2,31,4.0,4.0,4.0,4.0
53,2,32,2.0,1.0,1.0,1.3333333333333333
53,2,33,3.0,4.0,3.0,3.3333333333333335
53,2,34,2.0,2.0,2.0,2.0
53,2,35,4.0,3.0,4.0,3.6666666666666665
53,2,36,1.0,1.0,1.0,1.0
53,2,37,3.0,3.0,3.0,3.0
53,2,38,1.0,1.0,1.0,1.0
53,2,39,4.0,4.0,4.0,4.0
53,1,0,1.0,1.0,2.0,1.3333333333333333
53,1,1,1.0,1.0,4.0,2.0
53,1,2,1.0,1.0,2.0,1.3333333333333333
53,1,3,4.0,3.0,4.0,3.6666666666666665
53,1,4,4.0,4.0,4.0,4.0
53,1,5,4.0,4.0,4.0,4.0
53,1,6,1.0,1.0,2.0,1.3333333333333333
53,1,7,4.0,4.0,4.0,4.0
53,1,8,1.0,1.0,1.0,1.0
53,1,9,3.0,4.0,4.0,3.6666666666666665
53,1,10,1.0,1.0,2.0,1.3333333333333333
53,1,11,4.0,4.0,4.0,4.0
53,1,12,1.0,1.0,2.0,1.3333333333333333
53,1,13,4.0,4.0,4.0,4.0
53,1,14,1.0,1.0,1.0,1.0
53,1,15,4.0,4.0,4.0,4.0
53,1,16,1.0,1.0,1.0,1.0
53,1,17,4.0,4.0,3.0,3.6666666666666665
53,1,18,1.0,1.0,2.0,1.3333333333333333
53,1,19,4.0,4.0,4.0,4.0
53,1,20,1.0,1.0,1.0,1.0
53,1,21,4.0,4.0,3.0,3.6666666666666665
53,1,22,1.0,1.0,2.0,1.3333333333333333
53,1,23,4.0,3.0,4.0,3.6666666666666665
53,1,24,1.0,1.0,1.0,1.0
53,1,25,4.0,4.0,4.0,4.0
53,1,26,1.0,1.0,1.0,1.0
53,1,27,4.0,4.0,4.0,4.0
53,1,28,1.0,1.0,1.0,1.0
53,1,29,4.0,4.0,4.0,4.0
53,1,30,1.0,1.0,1.0,1.0
53,1,31,4.0,4.0,4.0,4.0
53,1,32,1.0,1.0,1.0,1.0
53,1,33,4.0,4.0,4.0,4.0
53,1,34,2.0,2.0,2.0,2.0
53,1,35,3.0,4.0,4.0,3.6666666666666665
53,1,36,1.0,1.0,2.0,1.3333333333333333
53,1,37,3.0,3.0,3.0,3.0
53,1,38,1.0,1.0,1.0,1.0
53,1,39,4.0,4.0,4.0,4.0
9,2,0,1.0,1.0,1.0,1.0
9,2,1,1.0,1.0,1.0,1.0
9,2,2,1.0,1.0,1.0,1.0
9,2,3,4.0,4.0,3.0,3.6666666666666665
9,2,4,4.0,4.0,4.0,4.0
9,2,5,4.0,3.0,3.0,3.3333333333333335
9,2,6,1.0,1.0,1.0,1.0
9,2,7,4.0,3.0,3.0,3.3333333333333335
9,2,8,1.0,1.0,2.0,1.3333333333333333
9,2,9,3.0,3.0,3.0,3.0
9,2,10,1.0,1.0,1.0,1.0
9,2,11,,4.0,4.0,4.0
9,2,12,1.0,1.0,1.0,1.0
9,2,13,4.0,4.0,3.0,3.6666666666666665
9,2,14,,1.0,1.0,1.0
9,2,15,4.0,4.0,3.0,3.6666666666666665
9,2,16,1.0,1.0,1.0,1.0
9,2,17,4.0,3.0,1.0,2.6666666666666665
9,2,18,,,,
9,2,19,3.0,4.0,4.0,3.6666666666666665
9,2,20,1.0,1.0,1.0,1.0
9,2,21,2.0,2.0,2.0,2.0
9,2,22,1.0,1.0,1.0,1.0
9,2,23,3.0,3.0,2.0,2.6666666666666665
9,2,24,1.0,1.0,1.0,1.0
9,2,25,3.0,4.0,3.0,3.3333333333333335
9,2,26,1.0,1.0,1.0,1.0
9,2,27,3.0,3.0,2.0,2.6666666666666665
9,2,28,1.0,1.0,1.0,1.0
9,2,29,,4.0,4.0,4.0
9,2,30,1.0,1.0,1.0,1.0
9,2,31,4.0,4.0,4.0,4.0
9,2,32,1.0,1.0,1.0,1.0
9,2,33,4.0,4.0,3.0,3.6666666666666665
9,2,34,1.0,1.0,1.0,1.0
9,2,35,4.0,4.0,3.0,3.6666666666666665
9,2,36,1.0,1.0,1.0,1.0
9,2,37,3.0,3.0,3.0,3.0
9,2,38,1.0,1.0,1.0,1.0
9,2,39,4.0,4.0,4.0,4.0
9,1,0,1.0,1.0,1.0,1.0
9,1,1,1.0,1.0,1.0,1.0
9,1,2,1.0,1.0,1.0,1.0
9,1,3,,3.0,3.0,3.0
9,1,4,4.0,4.0,2.0,3.3333333333333335
9,1,5,3.0,3.0,3.0,3.0
9,1,6,1.0,1.0,1.0,1.0
9,1,7,,2.0,2.0,2.0
9,1,8,1.0,1.0,1.0,1.0
9,1,9,,2.0,1.0,1.5
9,1,10,1.0,1.0,1.0,1.0
9,1,11,3.0,2.0,1.0,2.0
9,1,12,1.0,1.0,1.0,1.0
9,1,13,,3.0,4.0,3.5
9,1,14,1.0,1.0,1.0,1.0
9,1,15,4.0,4.0,3.0,3.6666666666666665
9,1,16,1.0,1.0,1.0,1.0
9,1,17,4.0,3.0,3.0,3.3333333333333335
9,1,18,1.0,1.0,1.0,1.0
9,1,19,4.0,4.0,3.0,3.6666666666666665
9,1,20,1.0,1.0,1.0,1.0
9,1,21,,4.0,4.0,4.0
9,1,22,1.0,1.0,1.0,1.0
9,1,23,4.0,4.0,3.0,3.6666666666666665
9,1,24,1.0,1.0,1.0,1.0
9,1,25,3.0,3.0,2.0,2.6666666666666665
9,1,26,2.0,2.0,1.0,1.6666666666666667
9,1,27,,4.0,4.0,4.0
9,1,28,1.0,1.0,1.0,1.0
9,1,29,4.0,3.0,2.0,3.0
9,1,30,1.0,1.0,1.0,1.0
9,1,31,2.0,3.0,2.0,2.3333333333333335
9,1,32,1.0,1.0,1.0,1.0
9,1,33,3.0,3.0,3.0,3.0
9,1,34,1.0,1.0,1.0,1.0
9,1,35,4.0,3.0,4.0,3.6666666666666665
9,1,36,1.0,,1.0,1.0
9,1,37,1.0,4.0,4.0,3.0
9,1,38,4.0,1.0,1.0,2.0
9,1,39,4.0,4.0,4.0,4.0
36,2,0,1.0,1.0,1.0,1.0
36,2,1,1.0,1.0,1.0,1.0
36,2,2,,1.0,1.0,1.0
36,2,3,1.0,3.0,,2.0
36,2,4,3.0,4.0,4.0,3.6666666666666665
36,2,5,3.0,3.0,3.0,3.0
36,2,6,2.0,1.0,2.0,1.6666666666666667
36,2,7,3.0,2.0,3.0,2.6666666666666665
36,2,8,2.0,1.0,2.0,1.6666666666666667
36,2,9,3.0,2.0,2.0,2.3333333333333335
36,2,10,2.0,2.0,1.0,1.6666666666666667
36,2,11,3.0,3.0,3.0,3.0
36,2,12,1.0,1.0,2.0,1.3333333333333333
36,2,13,,3.0,2.0,2.5
36,2,14,3.0,1.0,2.0,2.0
36,2,15,3.0,2.0,2.0,2.3333333333333335
36,2,16,1.0,1.0,1.0,1.0
36,2,17,3.0,2.0,3.0,2.6666666666666665
36,2,18,,,2.0,2.0
36,2,19,1.0,3.0,3.0,2.3333333333333335
36,2,20,1.0,1.0,1.0,1.0
36,2,21,2.0,2.0,2.0,2.0
36,2,22,,1.0,1.0,1.0
36,2,23,1.0,3.0,3.0,2.3333333333333335
36,2,24,1.0,1.0,2.0,1.3333333333333333
36,2,25,3.0,2.0,2.0,2.3333333333333335
36,2,26,1.0,1.0,1.0,1.0
36,2,27,2.0,2.0,2.0,2.0
36,2,28,1.0,1.0,1.0,1.0
36,2,29,2.0,1.0,2.0,1.6666666666666667
36,2,30,1.0,1.0,1.0,1.0
36,2,31,3.0,1.0,3.0,2.3333333333333335
36,2,32,1.0,1.0,1.0,1.0
36,2,33,2.0,2.0,2.0,2.0
36,2,34,1.0,1.0,2.0,1.3333333333333333
36,2,35,2.0,2.0,2.0,2.0
36,2,36,2.0,1.0,2.0,1.6666666666666667
36,2,37,3.0,2.0,3.0,2.6666666666666665
36,2,38,,,2.0,2.0
36,2,39,2.0,3.0,3.0,2.6666666666666665
36,1,0,2.0,1.0,2.0,1.6666666666666667
36,1,1,1.0,1.0,1.0,1.0
36,1,2,1.0,1.0,1.0,1.0
36,1,3,3.0,2.0,2.0,2.3333333333333335
36,1,4,3.0,2.0,2.0,2.3333333333333335
36,1,5,3.0,2.0,2.0,2.3333333333333335
36,1,6,1.0,1.0,1.0,1.0
36,1,7,,3.0,2.0,2.5
36,1,8,3.0,1.0,2.0,2.0
36,1,9,3.0,2.0,2.0,2.3333333333333335
36,1,10,2.0,1.0,1.0,1.3333333333333333
36,1,11,3.0,3.0,3.0,3.0
36,1,12,2.0,1.0,2.0,1.6666666666666667
36,1,13,3.0,2.0,3.0,2.6666666666666665
36,1,14,1.0,1.0,1.0,1.0
36,1,15,2.0,2.0,2.0,2.0
36,1,16,2.0,1.0,2.0,1.6666666666666667
36,1,17,3.0,1.0,3.0,2.3333333333333335
36,1,18,1.0,1.0,1.0,1.0
36,1,19,4.0,3.0,3.0,3.3333333333333335
36,1,20,1.0,1.0,1.0,1.0
36,1,21,,3.0,4.0,3.5
36,1,22,1.0,1.0,,1.0
36,1,23,1.0,2.0,2.0,1.6666666666666667
36,1,24,1.0,1.0,2.0,1.3333333333333333
36,1,25,3.0,2.0,2.0,2.3333333333333335
36,1,26,1.0,1.0,1.0,1.0
36,1,27,3.0,3.0,3.0,3.0
36,1,28,1.0,1.0,1.0,1.0
36,1,29,4.0,2.0,2.0,2.6666666666666665
36,1,30,1.0,2.0,1.0,1.3333333333333333
36,1,31,4.0,4.0,4.0,4.0
36,1,32,,2.0,1.0,1.5
36,1,33,2.0,3.0,3.0,2.6666666666666665
36,1,34,1.0,1.0,2.0,1.3333333333333333
36,1,35,,3.0,3.0,3.0
36,1,36,,,1.0,1.0
36,1,37,1.0,3.0,3.0,2.3333333333333335
36,1,38,1.0,1.0,2.0,1.3333333333333333
36,1,39,2.0,3.0,,2.5
38,2,0,1.0,1.0,1.0,1.0
38,2,1,1.0,1.0,1.0,1.0
38,2,2,1.0,1.0,1.0,1.0
38,2,3,2.0,2.0,3.0,2.3333333333333335
38,2,4,3.0,3.0,4.0,3.3333333333333335
38,2,5,3.0,2.0,3.0,2.6666666666666665
38,2,6,1.0,1.0,1.0,1.0
38,2,7,4.0,3.0,4.0,3.6666666666666665
38,2,8,1.0,1.0,1.0,1.0
38,2,9,,3.0,3.0,3.0
38,2,10,1.0,1.0,1.0,1.0
38,2,11,3.0,2.0,3.0,2.6666666666666665
38,2,12,1.0,1.0,1.0,1.0
38,2,13,4.0,3.0,4.0,3.6666666666666665
38,2,14,1.0,1.0,1.0,1.0
38,2,15,4.0,4.0,4.0,4.0
38,2,16,1.0,1.0,1.0,1.0
38,2,17,4.0,3.0,4.0,3.6666666666666665
38,2,18,4.0,1.0,2.0,2.3333333333333335
38,2,19,3.0,2.0,2.0,2.3333333333333335
38,2,20,1.0,1.0,1.0,1.0
38,2,21,4.0,3.0,4.0,3.6666666666666665
38,2,22,1.0,1.0,1.0,1.0
38,2,23,3.0,3.0,4.0,3.3333333333333335
38,2,24,1.0,1.0,1.0,1.0
38,2,25,,3.0,3.0,3.0
38,2,26,3.0,2.0,1.0,2.0
38,2,27,4.0,3.0,4.0,3.6666666666666665
38,2,28,1.0,1.0,1.0,1.0
38,2,29,3.0,2.0,3.0,2.6666666666666665
38,2,30,1.0,1.0,1.0,1.0
38,2,31,3.0,3.0,3.0,3.0
38,2,32,1.0,1.0,1.0,1.0
38,2,33,1.0,3.0,3.0,2.3333333333333335
38,2,34,1.0,1.0,1.0,1.0
38,2,35,4.0,4.0,4.0,4.0
38,2,36,1.0,1.0,1.0,1.0
38,2,37,,3.0,3.0,3.0
38,2,38,3.0,1.0,1.0,1.6666666666666667
38,2,39,2.0,2.0,2.0,2.0
38,1,0,3.0,1.0,2.0,2.0
38,1,1,3.0,1.0,2.0,2.0
38,1,2,2.0,1.0,1.0,1.3333333333333333
38,1,3,3.0,3.0,3.0,3.0
38,1,4,3.0,2.0,2.0,2.3333333333333335
38,1,5,3.0,3.0,4.0,3.3333333333333335
38,1,6,1.0,1.0,1.0,1.0
38,1,7,4.0,3.0,4.0,3.6666666666666665
38,1,8,1.0,1.0,1.0,1.0
38,1,9,4.0,3.0,4.0,3.6666666666666665
38,1,10,1.0,1.0,1.0,1.0
38,1,11,2.0,2.0,3.0,2.3333333333333335
38,1,12,1.0,1.0,2.0,1.3333333333333333
38,1,13,4.0,1.0,3.0,2.6666666666666665
38,1,14,1.0,1.0,1.0,1.0
38,1,15,2.0,2.0,3.0,2.3333333333333335
38,1,16,1.0,1.0,1.0,1.0
38,1,17,2.0,2.0,2.0,2.0
38,1,18,1.0,1.0,1.0,1.0
38,1,19,3.0,2.0,3.0,2.6666666666666665
38,1,20,1.0,1.0,1.0,1.0
38,1,21,3.0,2.0,3.0,2.6666666666666665
38,1,22,1.0,1.0,2.0,1.3333333333333333
38,1,23,2.0,2.0,4.0,2.6666666666666665
38,1,24,2.0,1.0,1.0,1.3333333333333333
38,1,25,3.0,2.0,3.0,2.6666666666666665
38,1,26,1.0,1.0,1.0,1.0
38,1,27,4.0,3.0,4.0,3.6666666666666665
38,1,28,1.0,1.0,2.0,1.3333333333333333
38,1,29,3.0,3.0,4.0,3.3333333333333335
38,1,30,2.0,1.0,2.0,1.6666666666666667
38,1,31,2.0,2.0,3.0,2.3333333333333335
38,1,32,1.0,1.0,1.0,1.0
38,1,33,4.0,2.0,3.0,3.0
38,1,34,,,1.0,1.0
38,1,35,1.0,2.0,1.0,1.3333333333333333
38,1,36,1.0,1.0,1.0,1.0
38,1,37,2.0,2.0,3.0,2.3333333333333335
38,1,38,1.0,1.0,1.0,1.0
38,1,39,3.0,2.0,3.0,2.6666666666666665
7,2,0,1.0,1.0,1.0,1.0
7,2,1,1.0,1.0,1.0,1.0
7,2,2,1.0,1.0,2.0,1.3333333333333333
7,2,3,2.0,3.0,2.0,2.3333333333333335
7,2,4,2.0,2.0,2.0,2.0
7,2,5,2.0,2.0,2.0,2.0
7,2,6,1.0,1.0,1.0,1.0
7,2,7,3.0,2.0,2.0,2.3333333333333335
7,2,8,3.0,3.0,2.0,2.6666666666666665
7,2,9,1.0,1.0,1.0,1.0
7,2,10,1.0,1.0,2.0,1.3333333333333333
7,2,11,2.0,2.0,2.0,2.0
7,2,12,1.0,1.0,2.0,1.3333333333333333
7,2,13,2.0,2.0,1.0,1.6666666666666667
7,2,14,1.0,2.0,2.0,1.6666666666666667
7,2,15,2.0,2.0,2.0,2.0
7,2,16,1.0,1.0,2.0,1.3333333333333333
7,2,17,2.0,2.0,2.0,2.0
7,2,18,1.0,1.0,1.0,1.0
7,2,19,3.0,3.0,2.0,2.6666666666666665
7,2,20,1.0,1.0,1.0,1.0
7,2,21,2.0,2.0,1.0,1.6666666666666667
7,2,22,1.0,1.0,1.0,1.0
7,2,23,3.0,3.0,2.0,2.6666666666666665
7,2,24,1.0,1.0,1.0,1.0
7,2,25,2.0,1.0,1.0,1.3333333333333333
7,2,26,1.0,1.0,2.0,1.3333333333333333
7,2,27,3.0,2.0,2.0,2.3333333333333335
7,2,28,1.0,1.0,1.0,1.0
7,2,29,1.0,1.0,1.0,1.0
7,2,30,1.0,1.0,1.0,1.0
7,2,31,2.0,2.0,2.0,2.0
7,2,32,1.0,1.0,2.0,1.3333333333333333
7,2,33,2.0,2.0,1.0,1.6666666666666667
7,2,34,1.0,1.0,1.0,1.0
7,2,35,2.0,2.0,2.0,2.0
7,2,36,1.0,1.0,1.0,1.0
7,2,37,2.0,2.0,2.0,2.0
7,2,38,3.0,4.0,2.0,3.0
7,2,39,3.0,3.0,2.0,2.6666666666666665
7,1,0,1.0,1.0,2.0,1.3333333333333333
7,1,1,3.0,3.0,2.0,2.6666666666666665
7,1,2,1.0,1.0,1.0,1.0
7,1,3,2.0,2.0,1.0,1.6666666666666667
7,1,4,3.0,3.0,2.0,2.6666666666666665
7,1,5,2.0,2.0,2.0,2.0
7,1,6,1.0,1.0,2.0,1.3333333333333333
7,1,7,2.0,2.0,1.0,1.6666666666666667
7,1,8,1.0,1.0,1.0,1.0
7,1,9,3.0,3.0,2.0,2.6666666666666665
7,1,10,1.0,1.0,2.0,1.3333333333333333
7,1,11,2.0,2.0,2.0,2.0
7,1,12,1.0,1.0,1.0,1.0
7,1,13,2.0,2.0,1.0,1.6666666666666667
7,1,14,3.0,3.0,2.0,2.6666666666666665
7,1,15,2.0,2.0,2.0,2.0
7,1,16,1.0,1.0,1.0,1.0
7,1,17,2.0,2.0,1.0,1.6666666666666667
7,1,18,1.0,1.0,1.0,1.0
7,1,19,2.0,2.0,2.0,2.0
7,1,20,1.0,1.0,1.0,1.0
7,1,21,2.0,2.0,1.0,1.6666666666666667
7,1,22,1.0,1.0,2.0,1.3333333333333333
7,1,23,2.0,2.0,2.0,2.0
7,1,24,1.0,1.0,1.0,1.0
7,1,25,2.0,2.0,2.0,2.0
7,1,26,1.0,1.0,1.0,1.0
7,1,27,2.0,1.0,1.0,1.3333333333333333
7,1,28,1.0,1.0,1.0,1.0
7,1,29,2.0,2.0,1.0,1.6666666666666667
7,1,30,1.0,1.0,2.0,1.3333333333333333
7,1,31,2.0,2.0,2.0,2.0
7,1,32,1.0,1.0,1.0,1.0
7,1,33,2.0,2.0,2.0,2.0
7,1,34,1.0,1.0,2.0,1.3333333333333333
7,1,35,2.0,2.0,2.0,2.0
7,1,36,1.0,1.0,2.0,1.3333333333333333
7,1,37,2.0,2.0,2.0,2.0
7,1,38,1.0,1.0,1.0,1.0
7,1,39,2.0,2.0,2.0,2.0
52,2,0,2.0,1.0,2.0,1.6666666666666667
52,2,1,1.0,1.0,1.0,1.0
52,2,2,1.0,1.0,2.0,1.3333333333333333
52,2,3,2.0,2.0,2.0,2.0
52,2,4,4.0,4.0,4.0,4.0
52,2,5,4.0,3.0,4.0,3.6666666666666665
52,2,6,1.0,1.0,1.0,1.0
52,2,7,4.0,3.0,4.0,3.6666666666666665
52,2,8,1.0,1.0,1.0,1.0
52,2,9,3.0,3.0,3.0,3.0
52,2,10,1.0,1.0,1.0,1.0
52,2,11,3.0,3.0,3.0,3.0
52,2,12,1.0,1.0,1.0,1.0
52,2,13,2.0,2.0,2.0,2.0
52,2,14,1.0,1.0,1.0,1.0
52,2,15,3.0,3.0,3.0,3.0
52,2,16,1.0,1.0,1.0,1.0
52,2,17,3.0,3.0,4.0,3.3333333333333335
52,2,18,1.0,1.0,1.0,1.0
52,2,19,4.0,4.0,3.0,3.6666666666666665
52,2,20,2.0,1.0,1.0,1.3333333333333333
52,2,21,3.0,3.0,3.0,3.0
52,2,22,1.0,1.0,2.0,1.3333333333333333
52,2,23,2.0,2.0,2.0,2.0
52,2,24,1.0,1.0,1.0,1.0
52,2,25,4.0,4.0,4.0,4.0
52,2,26,1.0,1.0,1.0,1.0
52,2,27,4.0,4.0,4.0,4.0
52,2,28,2.0,1.0,1.0,1.3333333333333333
52,2,29,3.0,3.0,4.0,3.3333333333333335
52,2,30,2.0,1.0,2.0,1.6666666666666667
52,2,31,3.0,3.0,4.0,3.3333333333333335
52,2,32,1.0,1.0,2.0,1.3333333333333333
52,2,33,2.0,2.0,2.0,2.0
52,2,34,1.0,1.0,1.0,1.0
52,2,35,3.0,3.0,4.0,3.3333333333333335
52,2,36,1.0,1.0,1.0,1.0
52,2,37,4.0,3.0,4.0,3.6666666666666665
52,2,38,1.0,1.0,1.0,1.0
52,2,39,4.0,4.0,4.0,4.0
52,1,0,1.0,1.0,2.0,1.3333333333333333
52,1,1,1.0,1.0,1.0,1.0
52,1,2,1.0,1.0,1.0,1.0
52,1,3,3.0,3.0,3.0,3.0
52,1,4,3.0,3.0,3.0,3.0
52,1,5,3.0,3.0,4.0,3.3333333333333335
52,1,6,1.0,1.0,2.0,1.3333333333333333
52,1,7,2.0,3.0,3.0,2.6666666666666665
52,1,8,1.0,1.0,1.0,1.0
52,1,9,3.0,4.0,4.0,3.6666666666666665
52,1,10,1.0,1.0,3.0,1.6666666666666667
52,1,11,3.0,3.0,3.0,3.0
52,1,12,1.0,1.0,1.0,1.0
52,1,13,2.0,2.0,2.0,2.0
52,1,14,1.0,1.0,1.0,1.0
52,1,15,3.0,3.0,4.0,3.3333333333333335
52,1,16,1.0,1.0,1.0,1.0
52,1,17,3.0,3.0,3.0,3.0
52,1,18,1.0,1.0,1.0,1.0
52,1,19,2.0,2.0,2.0,2.0
52,1,20,2.0,1.0,2.0,1.6666666666666667
52,1,21,2.0,3.0,3.0,2.6666666666666665
52,1,22,2.0,2.0,1.0,1.6666666666666667
52,1,23,2.0,2.0,2.0,2.0
52,1,24,2.0,1.0,1.0,1.3333333333333333
52,1,25,3.0,3.0,3.0,3.0
52,1,26,1.0,1.0,1.0,1.0
52,1,27,2.0,2.0,2.0,2.0
52,1,28,1.0,1.0,1.0,1.0
52,1,29,3.0,2.0,3.0,2.6666666666666665
52,1,30,1.0,1.0,1.0,1.0
52,1,31,3.0,3.0,4.0,3.3333333333333335
52,1,32,1.0,1.0,1.0,1.0
52,1,33,2.0,2.0,2.0,2.0
52,1,34,1.0,1.0,1.0,1.0
52,1,35,3.0,3.0,3.0,3.0
52,1,36,1.0,1.0,2.0,1.3333333333333333
52,1,37,3.0,4.0,3.0,3.3333333333333335
52,1,38,1.0,1.0,1.0,1.0
52,1,39,2.0,2.0,2.0,2.0
55,2,0,1.0,1.0,1.0,1.0
55,2,1,1.0,1.0,1.0,1.0
55,2,2,1.0,1.0,1.0,1.0
55,2,3,2.0,3.0,1.0,2.0
55,2,4,3.0,3.0,3.0,3.0
55,2,5,3.0,2.0,2.0,2.3333333333333335
55,2,6,1.0,1.0,1.0,1.0
55,2,7,2.0,1.0,1.0,1.3333333333333333
55,2,8,1.0,1.0,1.0,1.0
55,2,9,3.0,3.0,3.0,3.0
55,2,10,1.0,1.0,1.0,1.0
55,2,11,2.0,3.0,3.0,2.6666666666666665
55,2,12,1.0,1.0,1.0,1.0
55,2,13,3.0,4.0,4.0,3.6666666666666665
55,2,14,1.0,1.0,1.0,1.0
55,2,15,3.0,3.0,3.0,3.0
55,2,16,1.0,1.0,1.0,1.0
55,2,17,4.0,4.0,4.0,4.0
55,2,18,1.0,1.0,1.0,1.0
55,2,19,3.0,2.0,2.0,2.3333333333333335
55,2,20,1.0,1.0,1.0,1.0
55,2,21,2.0,2.0,1.0,1.6666666666666667
55,2,22,1.0,1.0,1.0,1.0
55,2,23,2.0,2.0,2.0,2.0
55,2,24,1.0,1.0,1.0,1.0
55,2,25,2.0,3.0,3.0,2.6666666666666665
55,2,26,1.0,1.0,1.0,1.0
55,2,27,1.0,1.0,1.0,1.0
55,2,28,1.0,1.0,1.0,1.0
55,2,29,3.0,3.0,4.0,3.3333333333333335
55,2,30,1.0,1.0,1.0,1.0
55,2,31,3.0,3.0,3.0,3.0
55,2,32,1.0,1.0,1.0,1.0
55,2,33,3.0,3.0,4.0,3.3333333333333335
55,2,34,1.0,1.0,1.0,1.0
55,2,35,3.0,2.0,3.0,2.6666666666666665
55,2,36,1.0,1.0,1.0,1.0
55,2,37,3.0,4.0,4.0,3.6666666666666665
55,2,38,1.0,1.0,1.0,1.0
55,2,39,,3.0,2.0,2.5
55,1,0,1.0,1.0,1.0,1.0
55,1,1,1.0,1.0,1.0,1.0
55,1,2,1.0,1.0,1.0,1.0
55,1,3,2.0,3.0,3.0,2.6666666666666665
55,1,4,2.0,2.0,1.0,1.6666666666666667
55,1,5,4.0,3.0,3.0,3.3333333333333335
55,1,6,1.0,1.0,1.0,1.0
55,1,7,1.0,1.0,1.0,1.0
55,1,8,1.0,1.0,1.0,1.0
55,1,9,3.0,3.0,2.0,2.6666666666666665
55,1,10,1.0,1.0,1.0,1.0
55,1,11,2.0,2.0,2.0,2.0
55,1,12,1.0,1.0,1.0,1.0
55,1,13,,4.0,3.0,3.5
55,1,14,1.0,1.0,1.0,1.0
55,1,15,3.0,4.0,2.0,3.0
55,1,16,1.0,1.0,1.0,1.0
55,1,17,4.0,4.0,3.0,3.6666666666666665
55,1,18,1.0,1.0,1.0,1.0
55,1,19,4.0,4.0,4.0,4.0
55,1,20,1.0,1.0,1.0,1.0
55,1,21,4.0,4.0,4.0,4.0
55,1,22,1.0,1.0,1.0,1.0
55,1,23,3.0,3.0,3.0,3.0
55,1,24,1.0,1.0,2.0,1.3333333333333333
55,1,25,2.0,3.0,2.0,2.3333333333333335
55,1,26,1.0,1.0,1.0,1.0
55,1,27,2.0,2.0,1.0,1.6666666666666667
55,1,28,1.0,1.0,1.0,1.0
55,1,29,3.0,3.0,2.0,2.6666666666666665
55,1,30,1.0,1.0,1.0,1.0
55,1,31,2.0,2.0,1.0,1.6666666666666667
55,1,32,1.0,1.0,1.0,1.0
55,1,33,3.0,4.0,2.0,3.0
55,1,34,2.0,1.0,1.0,1.3333333333333333
55,1,35,2.0,2.0,1.0,1.6666666666666667
55,1,36,1.0,1.0,1.0,1.0
55,1,37,3.0,3.0,3.0,3.0
55,1,38,1.0,1.0,1.0,1.0
55,1,39,3.0,3.0,4.0,3.3333333333333335
1,2,0,1.0,1.0,1.0,1.0
1,2,1,1.0,1.0,2.0,1.3333333333333333
1,2,2,1.0,1.0,1.0,1.0
1,2,3,3.0,2.0,3.0,2.6666666666666665
1,2,4,3.0,3.0,3.0,3.0
1,2,5,3.0,3.0,3.0,3.0
1,2,6,1.0,1.0,1.0,1.0
1,2,7,2.0,2.0,2.0,2.0
1,2,8,1.0,1.0,1.0,1.0
1,2,9,2.0,2.0,2.0,2.0
1,2,10,1.0,1.0,1.0,1.0
1,2,11,3.0,2.0,3.0,2.6666666666666665
1,2,12,1.0,1.0,1.0,1.0
1,2,13,2.0,1.0,1.0,1.3333333333333333
1,2,14,2.0,1.0,2.0,1.6666666666666667
1,2,15,3.0,2.0,3.0,2.6666666666666665
1,2,16,2.0,1.0,2.0,1.6666666666666667
1,2,17,3.0,2.0,3.0,2.6666666666666665
1,2,18,1.0,1.0,2.0,1.3333333333333333
1,2,19,3.0,2.0,2.0,2.3333333333333335
1,2,20,1.0,1.0,2.0,1.3333333333333333
1,2,21,3.0,2.0,3.0,2.6666666666666665
1,2,22,1.0,1.0,2.0,1.3333333333333333
1,2,23,3.0,2.0,3.0,2.6666666666666665
1,2,24,1.0,1.0,1.0,1.0
1,2,25,3.0,2.0,2.0,2.3333333333333335
1,2,26,1.0,1.0,2.0,1.3333333333333333
1,2,27,2.0,2.0,2.0,2.0
1,2,28,2.0,1.0,2.0,1.6666666666666667
1,2,29,2.0,2.0,2.0,2.0
1,2,30,1.0,1.0,2.0,1.3333333333333333
1,2,31,3.0,2.0,3.0,2.6666666666666665
1,2,32,1.0,1.0,1.0,1.0
1,2,33,1.0,1.0,2.0,1.3333333333333333
1,2,34,1.0,1.0,1.0,1.0
1,2,35,1.0,2.0,2.0,1.6666666666666667
1,2,36,1.0,1.0,1.0,1.0
1,2,37,3.0,2.0,3.0,2.6666666666666665
1,2,38,1.0,1.0,1.0,1.0
1,2,39,3.0,2.0,3.0,2.6666666666666665
1,1,0,1.0,1.0,2.0,1.3333333333333333
1,1,1,2.0,1.0,1.0,1.3333333333333333
1,1,2,,1.0,1.0,1.0
1,1,3,1.0,1.0,2.0,1.3333333333333333
1,1,4,2.0,3.0,2.0,2.3333333333333335
1,1,5,3.0,2.0,3.0,2.6666666666666665
1,1,6,1.0,1.0,1.0,1.0
1,1,7,2.0,2.0,2.0,2.0
1,1,8,1.0,1.0,1.0,1.0
1,1,9,2.0,2.0,2.0,2.0
1,1,10,1.0,1.0,2.0,1.3333333333333333
1,1,11,3.0,2.0,2.0,2.3333333333333335
1,1,12,1.0,1.0,2.0,1.3333333333333333
1,1,13,2.0,2.0,2.0,2.0
1,1,14,2.0,2.0,2.0,2.0
1,1,15,3.0,2.0,2.0,2.3333333333333335
1,1,16,1.0,1.0,1.0,1.0
1,1,17,2.0,2.0,2.0,2.0
1,1,18,2.0,1.0,2.0,1.6666666666666667
1,1,19,3.0,2.0,2.0,2.3333333333333335
1,1,20,2.0,1.0,1.0,1.3333333333333333
1,1,21,2.0,2.0,2.0,2.0
1,1,22,1.0,1.0,1.0,1.0
1,1,23,2.0,2.0,2.0,2.0
1,1,24,1.0,1.0,1.0,1.0
1,1,25,3.0,2.0,2.0,2.3333333333333335
1,1,26,1.0,1.0,2.0,1.3333333333333333
1,1,27,2.0,1.0,2.0,1.6666666666666667
1,1,28,1.0,2.0,1.0,1.3333333333333333
1,1,29,2.0,2.0,2.0,2.0
1,1,30,1.0,1.0,2.0,1.3333333333333333
1,1,31,3.0,2.0,2.0,2.3333333333333335
1,1,32,1.0,1.0,1.0,1.0
1,1,33,2.0,2.0,2.0,2.0
1,1,34,1.0,1.0,1.0,1.0
1,1,35,2.0,2.0,2.0,2.0
1,1,36,2.0,1.0,1.0,1.3333333333333333
1,1,37,2.0,2.0,2.0,2.0
1,1,38,1.0,1.0,2.0,1.3333333333333333
1,1,39,4.0,4.0,4.0,4.0
39,2,0,1.0,1.0,1.0,1.0
39,2,1,1.0,1.0,1.0,1.0
39,2,2,1.0,1.0,1.0,1.0
39,2,3,4.0,4.0,4.0,4.0
39,2,4,4.0,4.0,4.0,4.0
39,2,5,4.0,4.0,4.0,4.0
39,2,6,1.0,1.0,1.0,1.0
39,2,7,4.0,4.0,4.0,4.0
39,2,8,1.0,1.0,1.0,1.0
39,2,9,3.0,3.0,3.0,3.0
39,2,10,1.0,1.0,1.0,1.0
39,2,11,4.0,4.0,4.0,4.0
39,2,12,1.0,1.0,1.0,1.0
39,2,13,4.0,4.0,4.0,4.0
39,2,14,1.0,1.0,3.0,1.6666666666666667
39,2,15,4.0,4.0,4.0,4.0
39,2,16,1.0,1.0,1.0,1.0
39,2,17,4.0,4.0,4.0,4.0
39,2,18,1.0,1.0,1.0,1.0
39,2,19,4.0,4.0,4.0,4.0
39,2,20,1.0,1.0,1.0,1.0
39,2,21,4.0,4.0,4.0,4.0
39,2,22,1.0,1.0,1.0,1.0
39,2,23,4.0,4.0,4.0,4.0
39,2,24,1.0,1.0,1.0,1.0
39,2,25,4.0,4.0,4.0,4.0
39,2,26,1.0,1.0,1.0,1.0
39,2,27,4.0,4.0,4.0,4.0
39,2,28,1.0,1.0,1.0,1.0
39,2,29,3.0,3.0,3.0,3.0
39,2,30,1.0,1.0,1.0,1.0
39,2,31,4.0,4.0,4.0,4.0
39,2,32,1.0,1.0,1.0,1.0
39,2,33,4.0,4.0,4.0,4.0
39,2,34,1.0,1.0,1.0,1.0
39,2,35,4.0,4.0,4.0,4.0
39,2,36,1.0,1.0,1.0,1.0
39,2,37,4.0,4.0,4.0,4.0
39,2,38,1.0,1.0,1.0,1.0
39,2,39,4.0,4.0,4.0,4.0
39,1,0,1.0,2.0,2.0,1.6666666666666667
39,1,1,1.0,1.0,1.0,1.0
39,1,2,1.0,1.0,2.0,1.3333333333333333
39,1,3,,3.0,3.0,3.0
39,1,4,3.0,4.0,4.0,3.6666666666666665
39,1,5,4.0,4.0,4.0,4.0
39,1,6,1.0,1.0,1.0,1.0
39,1,7,4.0,4.0,4.0,4.0
39,1,8,1.0,1.0,1.0,1.0
39,1,9,4.0,4.0,4.0,4.0
39,1,10,1.0,1.0,2.0,1.3333333333333333
39,1,11,4.0,4.0,4.0,4.0
39,1,12,1.0,1.0,1.0,1.0
39,1,13,4.0,4.0,4.0,4.0
39,1,14,1.0,1.0,1.0,1.0
39,1,15,4.0,3.0,4.0,3.6666666666666665
39,1,16,1.0,1.0,2.0,1.3333333333333333
39,1,17,4.0,4.0,4.0,4.0
39,1,18,1.0,1.0,1.0,1.0
39,1,19,4.0,3.0,4.0,3.6666666666666665
39,1,20,1.0,1.0,1.0,1.0
39,1,21,4.0,4.0,4.0,4.0
39,1,22,1.0,1.0,1.0,1.0
39,1,23,4.0,4.0,4.0,4.0
39,1,24,1.0,1.0,1.0,1.0
39,1,25,4.0,4.0,4.0,4.0
39,1,26,1.0,1.0,1.0,1.0
39,1,27,4.0,4.0,4.0,4.0
39,1,28,1.0,1.0,1.0,1.0
39,1,29,4.0,4.0,4.0,4.0
39,1,30,1.0,1.0,2.0,1.3333333333333333
39,1,31,4.0,4.0,4.0,4.0
39,1,32,1.0,1.0,1.0,1.0
39,1,33,4.0,4.0,4.0,4.0
39,1,34,1.0,1.0,1.0,1.0
39,1,35,4.0,4.0,4.0,4.0
39,1,36,1.0,1.0,1.0,1.0
39,1,37,4.0,4.0,4.0,4.0
39,1,38,1.0,1.0,1.0,1.0
39,1,39,4.0,4.0,4.0,4.0
30,2,0,1.0,1.0,1.0,1.0
30,2,1,1.0,1.0,1.0,1.0
30,2,2,1.0,2.0,1.0,1.3333333333333333
30,2,3,4.0,3.0,4.0,3.6666666666666665
30,2,4,4.0,3.0,4.0,3.6666666666666665
30,2,5,3.0,2.0,3.0,2.6666666666666665
30,2,6,3.0,2.0,2.0,2.3333333333333335
30,2,7,3.0,3.0,3.0,3.0
30,2,8,2.0,1.0,1.0,1.3333333333333333
30,2,9,4.0,3.0,4.0,3.6666666666666665
30,2,10,1.0,1.0,1.0,1.0
30,2,11,4.0,3.0,4.0,3.6666666666666665
30,2,12,2.0,1.0,1.0,1.3333333333333333
30,2,13,4.0,3.0,3.0,3.3333333333333335
30,2,14,1.0,1.0,1.0,1.0
30,2,15,3.0,2.0,3.0,2.6666666666666665
30,2,16,1.0,1.0,1.0,1.0
30,2,17,2.0,2.0,3.0,2.3333333333333335
30,2,18,1.0,1.0,2.0,1.3333333333333333
30,2,19,4.0,4.0,4.0,4.0
30,2,20,1.0,1.0,1.0,1.0
30,2,21,4.0,3.0,4.0,3.6666666666666665
30,2,22,2.0,1.0,2.0,1.6666666666666667
30,2,23,4.0,3.0,4.0,3.6666666666666665
30,2,24,2.0,1.0,2.0,1.6666666666666667
30,2,25,3.0,2.0,3.0,2.6666666666666665
30,2,26,1.0,1.0,2.0,1.3333333333333333
30,2,27,3.0,2.0,3.0,2.6666666666666665
30,2,28,1.0,2.0,1.0,1.3333333333333333
30,2,29,4.0,3.0,4.0,3.6666666666666665
30,2,30,1.0,1.0,1.0,1.0
30,2,31,4.0,3.0,4.0,3.6666666666666665
30,2,32,1.0,2.0,1.0,1.3333333333333333
30,2,33,4.0,3.0,3.0,3.3333333333333335
30,2,34,2.0,1.0,1.0,1.3333333333333333
30,2,35,3.0,2.0,3.0,2.6666666666666665
30,2,36,3.0,2.0,2.0,2.3333333333333335
30,2,37,2.0,2.0,2.0,2.0
30,2,38,2.0,1.0,1.0,1.3333333333333333
30,2,39,4.0,4.0,4.0,4.0
30,1,0,2.0,2.0,3.0,2.3333333333333335
30,1,1,1.0,1.0,2.0,1.3333333333333333
30,1,2,1.0,1.0,1.0,1.0
30,1,3,2.0,2.0,3.0,2.3333333333333335
30,1,4,3.0,2.0,3.0,2.6666666666666665
30,1,5,4.0,3.0,4.0,3.6666666666666665
30,1,6,1.0,1.0,1.0,1.0
30,1,7,4.0,3.0,4.0,3.6666666666666665
30,1,8,1.0,1.0,1.0,1.0
30,1,9,4.0,2.0,3.0,3.0
30,1,10,2.0,2.0,1.0,1.6666666666666667
30,1,11,3.0,3.0,4.0,3.3333333333333335
30,1,12,1.0,2.0,2.0,1.6666666666666667
30,1,13,3.0,3.0,4.0,3.3333333333333335
30,1,14,1.0,1.0,1.0,1.0
30,1,15,2.0,3.0,3.0,2.6666666666666665
30,1,16,1.0,1.0,1.0,1.0
30,1,17,4.0,4.0,4.0,4.0
30,1,18,2.0,2.0,1.0,1.6666666666666667
30,1,19,2.0,2.0,2.0,2.0
30,1,20,1.0,1.0,1.0,1.0
30,1,21,4.0,3.0,4.0,3.6666666666666665
30,1,22,1.0,2.0,1.0,1.3333333333333333
30,1,23,3.0,2.0,3.0,2.6666666666666665
30,1,24,1.0,1.0,1.0,1.0
30,1,25,4.0,4.0,4.0,4.0
30,1,26,1.0,1.0,1.0,1.0
30,1,27,3.0,3.0,3.0,3.0
30,1,28,1.0,1.0,2.0,1.3333333333333333
30,1,29,4.0,3.0,4.0,3.6666666666666665
30,1,30,3.0,2.0,3.0,2.6666666666666665
30,1,31,3.0,3.0,3.0,3.0
30,1,32,1.0,1.0,1.0,1.0
30,1,33,4.0,3.0,4.0,3.6666666666666665
30,1,34,2.0,1.0,1.0,1.3333333333333333
30,1,35,3.0,3.0,3.0,3.0
30,1,36,1.0,1.0,1.0,1.0
30,1,37,4.0,4.0,4.0,4.0
30,1,38,1.0,1.0,1.0,1.0
30,1,39,3.0,2.0,3.0,2.6666666666666665
8,2,0,1.0,1.0,1.0,1.0
8,2,1,1.0,1.0,2.0,1.3333333333333333
8,2,2,1.0,1.0,2.0,1.3333333333333333
8,2,3,4.0,3.0,3.0,3.3333333333333335
8,2,4,3.0,3.0,3.0,3.0
8,2,5,4.0,3.0,3.0,3.3333333333333335
8,2,6,1.0,1.0,2.0,1.3333333333333333
8,2,7,4.0,3.0,3.0,3.3333333333333335
8,2,8,1.0,1.0,1.0,1.0
8,2,9,3.0,3.0,3.0,3.0
8,2,10,1.0,1.0,2.0,1.3333333333333333
8,2,11,3.0,3.0,3.0,3.0
8,2,12,1.0,1.0,1.0,1.0
8,2,13,2.0,2.0,2.0,2.0
8,2,14,1.0,1.0,1.0,1.0
8,2,15,3.0,2.0,3.0,2.6666666666666665
8,2,16,1.0,1.0,1.0,1.0
8,2,17,3.0,3.0,2.0,2.6666666666666665
8,2,18,1.0,1.0,1.0,1.0
8,2,19,3.0,2.0,2.0,2.3333333333333335
8,2,20,1.0,1.0,1.0,1.0
8,2,21,4.0,3.0,3.0,3.3333333333333335
8,2,22,1.0,1.0,1.0,1.0
8,2,23,3.0,3.0,,3.0
8,2,24,3.0,1.0,1.0,1.6666666666666667
8,2,25,4.0,3.0,3.0,3.3333333333333335
8,2,26,1.0,1.0,1.0,1.0
8,2,27,4.0,3.0,3.0,3.3333333333333335
8,2,28,1.0,1.0,2.0,1.3333333333333333
8,2,29,3.0,3.0,3.0,3.0
8,2,30,1.0,1.0,1.0,1.0
8,2,31,3.0,3.0,3.0,3.0
8,2,32,1.0,1.0,1.0,1.0
8,2,33,2.0,2.0,2.0,2.0
8,2,34,1.0,2.0,2.0,1.6666666666666667
8,2,35,3.0,2.0,2.0,2.3333333333333335
8,2,36,1.0,1.0,2.0,1.3333333333333333
8,2,37,3.0,3.0,2.0,2.6666666666666665
8,2,38,1.0,1.0,1.0,1.0
8,2,39,1.0,3.0,3.0,2.3333333333333335
8,1,0,1.0,1.0,1.0,1.0
8,1,1,1.0,1.0,1.0,1.0
8,1,2,1.0,1.0,1.0,1.0
8,1,3,3.0,1.0,1.0,1.6666666666666667
8,1,4,3.0,1.0,1.0,1.6666666666666667
8,1,5,3.0,3.0,2.0,2.6666666666666665
8,1,6,2.0,2.0,1.0,1.6666666666666667
8,1,7,4.0,4.0,2.0,3.3333333333333335
8,1,8,1.0,1.0,2.0,1.3333333333333333
8,1,9,3.0,3.0,2.0,2.6666666666666665
8,1,10,1.0,1.0,3.0,1.6666666666666667
8,1,11,3.0,2.0,2.0,2.3333333333333335
8,1,12,1.0,1.0,1.0,1.0
8,1,13,3.0,2.0,2.0,2.3333333333333335
8,1,14,1.0,1.0,2.0,1.3333333333333333
8,1,15,4.0,3.0,3.0,3.3333333333333335
8,1,16,1.0,1.0,1.0,1.0
8,1,17,4.0,3.0,3.0,3.3333333333333335
8,1,18,1.0,1.0,1.0,1.0
8,1,19,4.0,4.0,3.0,3.6666666666666665
8,1,20,1.0,1.0,1.0,1.0
8,1,21,3.0,3.0,3.0,3.0
8,1,22,1.0,1.0,1.0,1.0
8,1,23,2.0,2.0,2.0,2.0
8,1,24,1.0,1.0,1.0,1.0
8,1,25,3.0,3.0,3.0,3.0
8,1,26,1.0,1.0,1.0,1.0
8,1,27,4.0,4.0,3.0,3.6666666666666665
8,1,28,1.0,1.0,2.0,1.3333333333333333
8,1,29,3.0,2.0,2.0,2.3333333333333335
8,1,30,1.0,1.0,1.0,1.0
8,1,31,3.0,2.0,2.0,2.3333333333333335
8,1,32,1.0,1.0,1.0,1.0
8,1,33,3.0,3.0,3.0,3.0
8,1,34,1.0,1.0,1.0,1.0
8,1,35,4.0,3.0,3.0,3.3333333333333335
8,1,36,1.0,2.0,2.0,1.6666666666666667
8,1,37,3.0,3.0,2.0,2.6666666666666665
8,1,38,1.0,1.0,1.0,1.0
8,1,39,4.0,3.0,3.0,3.3333333333333335
37,2,0,1.0,1.0,2.0,1.3333333333333333
37,2,1,1.0,1.0,1.0,1.0
37,2,2,1.0,1.0,1.0,1.0
37,2,3,4.0,4.0,4.0,4.0
37,2,4,4.0,4.0,3.0,3.6666666666666665
37,2,5,4.0,4.0,3.0,3.6666666666666665
37,2,6,1.0,1.0,1.0,1.0
37,2,7,4.0,4.0,3.0,3.6666666666666665
37,2,8,1.0,1.0,1.0,1.0
37,2,9,4.0,4.0,3.0,3.6666666666666665
37,2,10,1.0,1.0,1.0,1.0
37,2,11,4.0,4.0,4.0,4.0
37,2,12,1.0,1.0,2.0,1.3333333333333333
37,2,13,4.0,4.0,3.0,3.6666666666666665
37,2,14,1.0,1.0,2.0,1.3333333333333333
37,2,15,4.0,4.0,4.0,4.0
37,2,16,1.0,1.0,1.0,1.0
37,2,17,3.0,4.0,3.0,3.3333333333333335
37,2,18,1.0,1.0,1.0,1.0
37,2,19,4.0,4.0,3.0,3.6666666666666665
37,2,20,1.0,1.0,1.0,1.0
37,2,21,4.0,4.0,2.0,3.3333333333333335
37,2,22,1.0,1.0,1.0,1.0
37,2,23,4.0,4.0,4.0,4.0
37,2,24,1.0,1.0,1.0,1.0
37,2,25,4.0,4.0,3.0,3.6666666666666665
37,2,26,1.0,1.0,1.0,1.0
37,2,27,4.0,4.0,3.0,3.6666666666666665
37,2,28,1.0,1.0,1.0,1.0
37,2,29,4.0,4.0,3.0,3.6666666666666665
37,2,30,1.0,1.0,2.0,1.3333333333333333
37,2,31,4.0,4.0,4.0,4.0
37,2,32,1.0,1.0,1.0,1.0
37,2,33,4.0,4.0,3.0,3.6666666666666665
37,2,34,1.0,1.0,1.0,1.0
37,2,35,4.0,4.0,3.0,3.6666666666666665
37,2,36,1.0,1.0,1.0,1.0
37,2,37,4.0,4.0,3.0,3.6666666666666665
37,2,38,1.0,1.0,1.0,1.0
37,2,39,4.0,4.0,3.0,3.6666666666666665
37,1,0,1.0,1.0,1.0,1.0
37,1,1,1.0,1.0,1.0,1.0
37,1,2,1.0,1.0,1.0,1.0
37,1,3,4.0,4.0,3.0,3.6666666666666665
37,1,4,4.0,4.0,2.0,3.3333333333333335
37,1,5,3.0,3.0,3.0,3.0
37,1,6,1.0,1.0,1.0,1.0
37,1,7,4.0,4.0,3.0,3.6666666666666665
37,1,8,1.0,1.0,1.0,1.0
37,1,9,4.0,3.0,3.0,3.3333333333333335
37,1,10,1.0,1.0,1.0,1.0
37,1,11,4.0,4.0,3.0,3.6666666666666665
37,1,12,1.0,1.0,2.0,1.3333333333333333
37,1,13,4.0,4.0,3.0,3.6666666666666665
37,1,14,1.0,1.0,1.0,1.0
37,1,15,4.0,3.0,3.0,3.3333333333333335
37,1,16,1.0,1.0,2.0,1.3333333333333333
37,1,17,3.0,3.0,2.0,2.6666666666666665
37,1,18,1.0,1.0,1.0,1.0
37,1,19,4.0,4.0,3.0,3.6666666666666665
37,1,20,1.0,1.0,1.0,1.0
37,1,21,3.0,3.0,3.0,3.0
37,1,22,1.0,1.0,1.0,1.0
37,1,23,4.0,4.0,4.0,4.0
37,1,24,1.0,1.0,1.0,1.0
37,1,25,3.0,3.0,2.0,2.6666666666666665
37,1,26,1.0,1.0,1.0,1.0
37,1,27,4.0,4.0,3.0,3.6666666666666665
37,1,28,1.0,1.0,1.0,1.0
37,1,29,4.0,4.0,3.0,3.6666666666666665
37,1,30,1.0,1.0,1.0,1.0
37,1,31,4.0,4.0,3.0,3.6666666666666665
37,1,32,1.0,1.0,1.0,1.0
37,1,33,4.0,4.0,3.0,3.6666666666666665
37,1,34,1.0,1.0,1.0,1.0
37,1,35,3.0,3.0,3.0,3.0
37,1,36,1.0,1.0,1.0,1.0
37,1,37,3.0,3.0,2.0,2.6666666666666665
37,1,38,1.0,1.0,1.0,1.0
37,1,39,4.0,4.0,3.0,3.6666666666666665
15,2,0,1.0,1.0,1.0,1.0
15,2,1,1.0,1.0,1.0,1.0
15,2,2,1.0,1.0,1.0,1.0
15,2,3,3.0,3.0,3.0,3.0
15,2,4,3.0,3.0,3.0,3.0
15,2,5,3.0,3.0,3.0,3.0
15,2,6,1.0,1.0,1.0,1.0
15,2,7,2.0,2.0,3.0,2.3333333333333335
15,2,8,1.0,1.0,1.0,1.0
15,2,9,3.0,2.0,3.0,2.6666666666666665
15,2,10,1.0,1.0,1.0,1.0
15,2,11,4.0,4.0,4.0,4.0
15,2,12,1.0,1.0,1.0,1.0
15,2,13,3.0,2.0,3.0,2.6666666666666665
15,2,14,1.0,1.0,1.0,1.0
15,2,15,3.0,3.0,3.0,3.0
15,2,16,1.0,1.0,1.0,1.0
15,2,17,4.0,4.0,4.0,4.0
15,2,18,1.0,1.0,1.0,1.0
15,2,19,3.0,3.0,3.0,3.0
15,2,20,1.0,1.0,1.0,1.0
15,2,21,3.0,4.0,4.0,3.6666666666666665
15,2,22,1.0,1.0,1.0,1.0
15,2,23,3.0,3.0,3.0,3.0
15,2,24,1.0,1.0,1.0,1.0
15,2,25,2.0,2.0,3.0,2.3333333333333335
15,2,26,1.0,1.0,1.0,1.0
15,2,27,3.0,2.0,3.0,2.6666666666666665
15,2,28,1.0,1.0,1.0,1.0
15,2,29,3.0,2.0,3.0,2.6666666666666665
15,2,30,1.0,1.0,1.0,1.0
15,2,31,4.0,4.0,4.0,4.0
15,2,32,1.0,1.0,1.0,1.0
15,2,33,2.0,2.0,3.0,2.3333333333333335
15,2,34,1.0,1.0,1.0,1.0
15,2,35,3.0,3.0,3.0,3.0
15,2,36,1.0,1.0,1.0,1.0
15,2,37,4.0,4.0,4.0,4.0
15,2,38,1.0,1.0,1.0,1.0
15,2,39,,3.0,3.0,3.0
15,1,0,1.0,1.0,1.0,1.0
15,1,1,1.0,1.0,1.0,1.0
15,1,2,1.0,1.0,1.0,1.0
15,1,3,3.0,3.0,4.0,3.3333333333333335
15,1,4,,4.0,3.0,3.5
15,1,5,,4.0,3.0,3.5
15,1,6,1.0,1.0,1.0,1.0
15,1,7,4.0,4.0,3.0,3.6666666666666665
15,1,8,1.0,1.0,1.0,1.0
15,1,9,4.0,4.0,4.0,4.0
15,1,10,1.0,1.0,1.0,1.0
15,1,11,4.0,2.0,2.0,2.6666666666666665
15,1,12,1.0,1.0,1.0,1.0
15,1,13,2.0,2.0,2.0,2.0
15,1,14,1.0,1.0,1.0,1.0
15,1,15,2.0,2.0,3.0,2.3333333333333335
15,1,16,1.0,1.0,1.0,1.0
15,1,17,4.0,3.0,3.0,3.3333333333333335
15,1,18,1.0,1.0,1.0,1.0
15,1,19,3.0,3.0,3.0,3.0
15,1,20,1.0,1.0,1.0,1.0
15,1,21,3.0,3.0,4.0,3.3333333333333335
15,1,22,1.0,1.0,1.0,1.0
15,1,23,4.0,4.0,4.0,4.0
15,1,24,1.0,1.0,1.0,1.0
15,1,25,3.0,3.0,4.0,3.3333333333333335
15,1,26,1.0,1.0,1.0,1.0
15,1,27,3.0,4.0,3.0,3.3333333333333335
15,1,28,1.0,1.0,1.0,1.0
15,1,29,3.0,3.0,3.0,3.0
15,1,30,1.0,1.0,1.0,1.0
15,1,31,3.0,3.0,3.0,3.0
15,1,32,1.0,1.0,1.0,1.0
15,1,33,3.0,3.0,3.0,3.0
15,1,34,1.0,1.0,1.0,1.0
15,1,35,2.0,2.0,3.0,2.3333333333333335
15,1,36,1.0,1.0,1.0,1.0
15,1,37,3.0,3.0,3.0,3.0
15,1,38,1.0,1.0,1.0,1.0
15,1,39,4.0,4.0,3.0,3.6666666666666665
44,2,0,1.0,1.0,1.0,1.0
44,2,1,1.0,1.0,1.0,1.0
44,2,2,1.0,1.0,1.0,1.0
44,2,3,4.0,4.0,3.0,3.6666666666666665
44,2,4,3.0,3.0,3.0,3.0
44,2,5,4.0,4.0,4.0,4.0
44,2,6,1.0,1.0,1.0,1.0
44,2,7,,3.0,3.0,3.0
44,2,8,1.0,1.0,1.0,1.0
44,2,9,4.0,4.0,4.0,4.0
44,2,10,1.0,1.0,1.0,1.0
44,2,11,4.0,4.0,4.0,4.0
44,2,12,4.0,1.0,1.0,2.0
44,2,13,1.0,3.0,3.0,2.3333333333333335
44,2,14,1.0,1.0,1.0,1.0
44,2,15,4.0,4.0,4.0,4.0
44,2,16,1.0,1.0,1.0,1.0
44,2,17,4.0,4.0,4.0,4.0
44,2,18,1.0,1.0,1.0,1.0
44,2,19,2.0,2.0,2.0,2.0
44,2,20,1.0,1.0,1.0,1.0
44,2,21,1.0,2.0,2.0,1.6666666666666667
44,2,22,2.0,1.0,1.0,1.3333333333333333
44,2,23,1.0,4.0,4.0,3.0
44,2,24,1.0,1.0,1.0,1.0
44,2,25,4.0,4.0,4.0,4.0
44,2,26,1.0,1.0,1.0,1.0
44,2,27,2.0,2.0,2.0,2.0
44,2,28,1.0,1.0,1.0,1.0
44,2,29,4.0,4.0,4.0,4.0
44,2,30,1.0,1.0,1.0,1.0
44,2,31,4.0,4.0,4.0,4.0
44,2,32,4.0,1.0,1.0,2.0
44,2,33,3.0,3.0,3.0,3.0
44,2,34,1.0,1.0,1.0,1.0
44,2,35,4.0,4.0,4.0,4.0
44,2,36,1.0,1.0,1.0,1.0
44,2,37,4.0,4.0,4.0,4.0
44,2,38,1.0,1.0,1.0,1.0
44,2,39,2.0,2.0,2.0,2.0
44,1,0,1.0,1.0,1.0,1.0
44,1,1,1.0,1.0,1.0,1.0
44,1,2,1.0,1.0,1.0,1.0
44,1,3,4.0,4.0,3.0,3.6666666666666665
44,1,4,4.0,4.0,4.0,4.0
44,1,5,4.0,4.0,4.0,4.0
44,1,6,1.0,1.0,1.0,1.0
44,1,7,4.0,4.0,3.0,3.6666666666666665
44,1,8,1.0,1.0,1.0,1.0
44,1,9,3.0,3.0,3.0,3.0
44,1,10,1.0,1.0,1.0,1.0
44,1,11,3.0,3.0,3.0,3.0
44,1,12,1.0,1.0,1.0,1.0
44,1,13,4.0,4.0,3.0,3.6666666666666665
44,1,14,1.0,1.0,1.0,1.0
44,1,15,4.0,4.0,4.0,4.0
44,1,16,1.0,1.0,1.0,1.0
44,1,17,,4.0,4.0,4.0
44,1,18,1.0,1.0,1.0,1.0
44,1,19,2.0,2.0,2.0,2.0
44,1,20,1.0,1.0,1.0,1.0
44,1,21,4.0,4.0,4.0,4.0
44,1,22,1.0,1.0,1.0,1.0
44,1,23,4.0,4.0,4.0,4.0
44,1,24,1.0,1.0,1.0,1.0
44,1,25,4.0,4.0,4.0,4.0
44,1,26,1.0,1.0,1.0,1.0
44,1,27,,4.0,4.0,4.0
44,1,28,1.0,1.0,1.0,1.0
44,1,29,3.0,3.0,3.0,3.0
44,1,30,1.0,1.0,1.0,1.0
44,1,31,3.0,3.0,3.0,3.0
44,1,32,1.0,1.0,1.0,1.0
44,1,33,4.0,4.0,4.0,4.0
44,1,34,1.0,1.0,1.0,1.0
44,1,35,4.0,4.0,4.0,4.0
44,1,36,1.0,1.0,1.0,1.0
44,1,37,4.0,4.0,4.0,4.0
44,1,38,1.0,1.0,1.0,1.0
44,1,39,2.0,2.0,2.0,2.0
12,2,0,1.0,2.0,1.0,1.3333333333333333
12,2,1,1.0,1.0,1.0,1.0
12,2,2,1.0,1.0,1.0,1.0
12,2,3,2.0,2.0,2.0,2.0
12,2,4,3.0,4.0,4.0,3.6666666666666665
12,2,5,2.0,2.0,2.0,2.0
12,2,6,1.0,1.0,1.0,1.0
12,2,7,2.0,3.0,3.0,2.6666666666666665
12,2,8,1.0,2.0,1.0,1.3333333333333333
12,2,9,2.0,3.0,3.0,2.6666666666666665
12,2,10,1.0,1.0,1.0,1.0
12,2,11,2.0,2.0,2.0,2.0
12,2,12,1.0,1.0,1.0,1.0
12,2,13,2.0,2.0,2.0,2.0
12,2,14,1.0,1.0,1.0,1.0
12,2,15,,3.0,3.0,3.0
12,2,16,3.0,1.0,2.0,2.0
12,2,17,2.0,2.0,2.0,2.0
12,2,18,1.0,1.0,1.0,1.0
12,2,19,4.0,3.0,4.0,3.6666666666666665
12,2,20,1.0,2.0,1.0,1.3333333333333333
12,2,21,2.0,3.0,2.0,2.3333333333333335
12,2,22,1.0,1.0,1.0,1.0
12,2,23,1.0,2.0,2.0,1.6666666666666667
12,2,24,2.0,1.0,1.0,1.3333333333333333
12,2,25,2.0,2.0,2.0,2.0
12,2,26,1.0,1.0,1.0,1.0
12,2,27,2.0,3.0,2.0,2.3333333333333335
12,2,28,1.0,1.0,1.0,1.0
12,2,29,2.0,2.0,3.0,2.3333333333333335
12,2,30,1.0,1.0,1.0,1.0
12,2,31,,3.0,3.0,3.0
12,2,32,3.0,1.0,1.0,1.6666666666666667
12,2,33,2.0,2.0,2.0,2.0
12,2,34,1.0,1.0,1.0,1.0
12,2,35,2.0,3.0,2.0,2.3333333333333335
12,2,36,1.0,1.0,1.0,1.0
12,2,37,2.0,2.0,2.0,2.0
12,2,38,1.0,2.0,1.0,1.3333333333333333
12,2,39,4.0,3.0,3.0,3.3333333333333335
12,1,0,1.0,1.0,1.0,1.0
12,1,1,1.0,2.0,1.0,1.3333333333333333
12,1,2,1.0,2.0,1.0,1.3333333333333333
12,1,3,3.0,3.0,3.0,3.0
12,1,4,3.0,3.0,3.0,3.0
12,1,5,3.0,3.0,3.0,3.0
12,1,6,1.0,2.0,1.0,1.3333333333333333
12,1,7,2.0,2.0,2.0,2.0
12,1,8,1.0,1.0,1.0,1.0
12,1,9,3.0,4.0,2.0,3.0
12,1,10,1.0,2.0,1.0,1.3333333333333333
12,1,11,3.0,4.0,4.0,3.6666666666666665
12,1,12,1.0,1.0,1.0,1.0
12,1,13,,3.0,4.0,3.5
12,1,14,1.0,1.0,1.0,1.0
12,1,15,3.0,2.0,2.0,2.3333333333333335
12,1,16,1.0,2.0,1.0,1.3333333333333333
12,1,17,2.0,2.0,2.0,2.0
12,1,18,1.0,2.0,1.0,1.3333333333333333
12,1,19,3.0,3.0,3.0,3.0
12,1,20,1.0,1.0,1.0,1.0
12,1,21,4.0,4.0,4.0,4.0
12,1,22,1.0,1.0,1.0,1.0
12,1,23,2.0,3.0,3.0,2.6666666666666665
12,1,24,1.0,1.0,1.0,1.0
12,1,25,3.0,3.0,3.0,3.0
12,1,26,1.0,1.0,1.0,1.0
12,1,27,2.0,2.0,2.0,2.0
12,1,28,1.0,1.0,1.0,1.0
12,1,29,3.0,2.0,2.0,2.3333333333333335
12,1,30,1.0,1.0,1.0,1.0
12,1,31,3.0,4.0,4.0,3.6666666666666665
12,1,32,1.0,2.0,1.0,1.3333333333333333
12,1,33,3.0,3.0,3.0,3.0
12,1,34,1.0,1.0,1.0,1.0
12,1,35,2.0,2.0,2.0,2.0
12,1,36,1.0,2.0,1.0,1.3333333333333333
12,1,37,2.0,2.0,2.0,2.0
12,1,38,1.0,1.0,1.0,1.0
12,1,39,3.0,3.0,3.0,3.0
24,2,0,1.0,1.0,1.0,1.0
24,2,1,1.0,1.0,1.0,1.0
24,2,2,1.0,2.0,3.0,2.0
24,2,3,4.0,3.0,3.0,3.3333333333333335
24,2,4,3.0,2.0,3.0,2.6666666666666665
24,2,5,3.0,2.0,2.0,2.3333333333333335
24,2,6,1.0,1.0,1.0,1.0
24,2,7,2.0,1.0,2.0,1.6666666666666667
24,2,8,1.0,1.0,3.0,1.6666666666666667
24,2,9,3.0,2.0,2.0,2.3333333333333335
24,2,10,1.0,1.0,1.0,1.0
24,2,11,2.0,1.0,3.0,2.0
24,2,12,1.0,1.0,1.0,1.0
24,2,13,3.0,2.0,2.0,2.3333333333333335
24,2,14,1.0,1.0,2.0,1.3333333333333333
24,2,15,3.0,2.0,3.0,2.6666666666666665
24,2,16,1.0,1.0,2.0,1.3333333333333333
24,2,17,3.0,1.0,3.0,2.3333333333333335
24,2,18,1.0,1.0,1.0,1.0
24,2,19,,3.0,2.0,2.5
24,2,20,1.0,1.0,1.0,1.0
24,2,21,3.0,2.0,3.0,2.6666666666666665
24,2,22,1.0,1.0,2.0,1.3333333333333333
24,2,23,3.0,2.0,3.0,2.6666666666666665
24,2,24,1.0,1.0,1.0,1.0
24,2,25,3.0,1.0,3.0,2.3333333333333335
24,2,26,1.0,1.0,1.0,1.0
24,2,27,2.0,1.0,2.0,1.6666666666666667
24,2,28,1.0,1.0,3.0,1.6666666666666667
24,2,29,3.0,2.0,3.0,2.6666666666666665
24,2,30,1.0,1.0,1.0,1.0
24,2,31,1.0,1.0,3.0,1.6666666666666667
24,2,32,1.0,2.0,3.0,2.0
24,2,33,3.0,2.0,2.0,2.3333333333333335
24,2,34,1.0,1.0,1.0,1.0
24,2,35,3.0,2.0,3.0,2.6666666666666665
24,2,36,1.0,1.0,1.0,1.0
24,2,37,3.0,2.0,3.0,2.6666666666666665
24,2,38,1.0,1.0,2.0,1.3333333333333333
24,2,39,3.0,2.0,3.0,2.6666666666666665
24,1,0,1.0,2.0,4.0,2.3333333333333335
24,1,1,1.0,2.0,3.0,2.0
24,1,2,1.0,2.0,3.0,2.0
24,1,3,3.0,3.0,2.0,2.6666666666666665
24,1,4,4.0,3.0,4.0,3.6666666666666665
24,1,5,2.0,,1.0,1.5
24,1,6,1.0,1.0,1.0,1.0
24,1,7,2.0,1.0,1.0,1.3333333333333333
24,1,8,1.0,1.0,1.0,1.0
24,1,9,3.0,2.0,3.0,2.6666666666666665
24,1,10,1.0,2.0,1.0,1.3333333333333333
24,1,11,3.0,2.0,3.0,2.6666666666666665
24,1,12,1.0,1.0,2.0,1.3333333333333333
24,1,13,3.0,3.0,3.0,3.0
24,1,14,1.0,1.0,2.0,1.3333333333333333
24,1,15,2.0,2.0,3.0,2.3333333333333335
24,1,16,1.0,1.0,2.0,1.3333333333333333
24,1,17,3.0,2.0,2.0,2.3333333333333335
24,1,18,1.0,1.0,1.0,1.0
24,1,19,2.0,1.0,3.0,2.0
24,1,20,1.0,1.0,1.0,1.0
24,1,21,3.0,2.0,3.0,2.6666666666666665
24,1,22,1.0,1.0,2.0,1.3333333333333333
24,1,23,3.0,2.0,3.0,2.6666666666666665
24,1,24,1.0,1.0,2.0,1.3333333333333333
24,1,25,3.0,2.0,3.0,2.6666666666666665
24,1,26,1.0,1.0,1.0,1.0
24,1,27,3.0,2.0,2.0,2.3333333333333335
24,1,28,1.0,1.0,1.0,1.0
24,1,29,4.0,2.0,3.0,3.0
24,1,30,1.0,2.0,4.0,2.3333333333333335
24,1,31,3.0,2.0,3.0,2.6666666666666665
24,1,32,1.0,2.0,3.0,2.0
24,1,33,3.0,2.0,3.0,2.6666666666666665
24,1,34,1.0,1.0,2.0,1.3333333333333333
24,1,35,3.0,2.0,3.0,2.6666666666666665
24,1,36,1.0,1.0,1.0,1.0
24,1,37,2.0,2.0,3.0,2.3333333333333335
24,1,38,1.0,1.0,1.0,1.0
24,1,39,3.0,2.0,3.0,2.6666666666666665
23,2,0,1.0,1.0,1.0,1.0
23,2,1,1.0,1.0,1.0,1.0
23,2,2,1.0,1.0,1.0,1.0
23,2,3,4.0,2.0,4.0,3.3333333333333335
23,2,4,4.0,3.0,4.0,3.6666666666666665
23,2,5,4.0,2.0,2.0,2.6666666666666665
23,2,6,1.0,1.0,1.0,1.0
23,2,7,4.0,4.0,4.0,4.0
23,2,8,1.0,1.0,1.0,1.0
23,2,9,4.0,2.0,4.0,3.3333333333333335
23,2,10,1.0,1.0,1.0,1.0
23,2,11,4.0,2.0,4.0,3.3333333333333335
23,2,12,1.0,1.0,1.0,1.0
23,2,13,1.0,1.0,2.0,1.3333333333333333
23,2,14,1.0,1.0,1.0,1.0
23,2,15,1.0,1.0,1.0,1.0
23,2,16,1.0,1.0,1.0,1.0
23,2,17,4.0,2.0,4.0,3.3333333333333335
23,2,18,1.0,1.0,1.0,1.0
23,2,19,4.0,2.0,4.0,3.3333333333333335
23,2,20,1.0,1.0,1.0,1.0
23,2,21,4.0,1.0,4.0,3.0
23,2,22,1.0,1.0,1.0,1.0
23,2,23,4.0,2.0,4.0,3.3333333333333335
23,2,24,1.0,1.0,1.0,1.0
23,2,25,4.0,2.0,2.0,2.6666666666666665
23,2,26,1.0,1.0,1.0,1.0
23,2,27,4.0,4.0,4.0,4.0
23,2,28,1.0,1.0,1.0,1.0
23,2,29,4.0,2.0,4.0,3.3333333333333335
23,2,30,1.0,1.0,1.0,1.0
23,2,31,4.0,2.0,2.0,2.6666666666666665
23,2,32,1.0,1.0,1.0,1.0
23,2,33,1.0,1.0,1.0,1.0
23,2,34,1.0,1.0,1.0,1.0
23,2,35,1.0,1.0,1.0,1.0
23,2,36,1.0,1.0,1.0,1.0
23,2,37,4.0,2.0,4.0,3.3333333333333335
23,2,38,1.0,1.0,1.0,1.0
23,2,39,4.0,2.0,4.0,3.3333333333333335
23,1,0,1.0,1.0,1.0,1.0
23,1,1,1.0,1.0,1.0,1.0
23,1,2,1.0,1.0,1.0,1.0
23,1,3,4.0,2.0,4.0,3.3333333333333335
23,1,4,4.0,2.0,4.0,3.3333333333333335
23,1,5,4.0,2.0,4.0,3.3333333333333335
23,1,6,1.0,1.0,1.0,1.0
23,1,7,4.0,3.0,4.0,3.6666666666666665
23,1,8,1.0,1.0,1.0,1.0
23,1,9,4.0,4.0,4.0,4.0
23,1,10,1.0,1.0,1.0,1.0
23,1,11,4.0,2.0,4.0,3.3333333333333335
23,1,12,1.0,1.0,1.0,1.0
23,1,13,4.0,2.0,4.0,3.3333333333333335
23,1,14,1.0,1.0,1.0,1.0
23,1,15,2.0,2.0,2.0,2.0
23,1,16,1.0,1.0,1.0,1.0
23,1,17,2.0,2.0,4.0,2.6666666666666665
23,1,18,1.0,1.0,1.0,1.0
23,1,19,1.0,1.0,2.0,1.3333333333333333
23,1,20,1.0,1.0,1.0,1.0
23,1,21,4.0,2.0,2.0,2.6666666666666665
23,1,22,1.0,1.0,1.0,1.0
23,1,23,2.0,2.0,4.0,2.6666666666666665
23,1,24,1.0,1.0,1.0,1.0
23,1,25,4.0,2.0,4.0,3.3333333333333335
23,1,26,1.0,1.0,1.0,1.0
23,1,27,4.0,4.0,4.0,4.0
23,1,28,1.0,1.0,1.0,1.0
23,1,29,4.0,4.0,4.0,4.0
23,1,30,1.0,1.0,1.0,1.0
23,1,31,2.0,2.0,2.0,2.0
23,1,32,1.0,1.0,1.0,1.0
23,1,33,2.0,2.0,4.0,2.6666666666666665
23,1,34,1.0,1.0,1.0,1.0
23,1,35,1.0,1.0,1.0,1.0
23,1,36,1.0,1.0,1.0,1.0
23,1,37,4.0,2.0,4.0,3.3333333333333335
23,1,38,1.0,1.0,1.0,1.0
23,1,39,1.0,1.0,1.0,1.0
48,2,0,1.0,1.0,1.0,1.0
48,2,1,1.0,1.0,1.0,1.0
48,2,2,1.0,1.0,1.0,1.0
48,2,3,3.0,3.0,3.0,3.0
48,2,4,3.0,3.0,3.0,3.0
48,2,5,3.0,3.0,3.0,3.0
48,2,6,1.0,1.0,1.0,1.0
48,2,7,2.0,2.0,2.0,2.0
48,2,8,1.0,1.0,1.0,1.0
48,2,9,3.0,2.0,3.0,2.6666666666666665
48,2,10,1.0,1.0,1.0,1.0
48,2,11,4.0,3.0,3.0,3.3333333333333335
48,2,12,1.0,1.0,1.0,1.0
48,2,13,2.0,2.0,2.0,2.0
48,2,14,1.0,1.0,1.0,1.0
48,2,15,2.0,2.0,2.0,2.0
48,2,16,1.0,1.0,1.0,1.0
48,2,17,2.0,2.0,2.0,2.0
48,2,18,1.0,1.0,1.0,1.0
48,2,19,2.0,2.0,3.0,2.3333333333333335
48,2,20,1.0,1.0,1.0,1.0
48,2,21,2.0,2.0,2.0,2.0
48,2,22,1.0,1.0,1.0,1.0
48,2,23,3.0,3.0,3.0,3.0
48,2,24,1.0,1.0,1.0,1.0
48,2,25,2.0,2.0,3.0,2.3333333333333335
48,2,26,1.0,1.0,1.0,1.0
48,2,27,2.0,2.0,2.0,2.0
48,2,28,1.0,1.0,1.0,1.0
48,2,29,2.0,2.0,2.0,2.0
48,2,30,1.0,1.0,1.0,1.0
48,2,31,3.0,3.0,3.0,3.0
48,2,32,1.0,1.0,1.0,1.0
48,2,33,2.0,2.0,2.0,2.0
48,2,34,1.0,1.0,1.0,1.0
48,2,35,2.0,2.0,3.0,2.3333333333333335
48,2,36,1.0,1.0,1.0,1.0
48,2,37,2.0,2.0,2.0,2.0
48,2,38,1.0,1.0,1.0,1.0
48,2,39,3.0,3.0,3.0,3.0
48,1,0,1.0,1.0,1.0,1.0
48,1,1,1.0,1.0,1.0,1.0
48,1,2,1.0,1.0,1.0,1.0
48,1,3,3.0,3.0,2.0,2.6666666666666665
48,1,4,,3.0,3.0,3.0
48,1,5,2.0,2.0,2.0,2.0
48,1,6,1.0,1.0,1.0,1.0
48,1,7,3.0,3.0,3.0,3.0
48,1,8,1.0,1.0,1.0,1.0
48,1,9,2.0,2.0,3.0,2.3333333333333335
48,1,10,1.0,1.0,1.0,1.0
48,1,11,2.0,2.0,2.0,2.0
48,1,12,1.0,1.0,1.0,1.0
48,1,13,2.0,2.0,3.0,2.3333333333333335
48,1,14,1.0,1.0,1.0,1.0
48,1,15,2.0,2.0,2.0,2.0
48,1,16,1.0,1.0,1.0,1.0
48,1,17,3.0,2.0,2.0,2.3333333333333335
48,1,18,1.0,1.0,1.0,1.0
48,1,19,2.0,1.0,2.0,1.6666666666666667
48,1,20,1.0,1.0,1.0,1.0
48,1,21,1.0,1.0,2.0,1.3333333333333333
48,1,22,1.0,1.0,1.0,1.0
48,1,23,2.0,2.0,2.0,2.0
48,1,24,1.0,1.0,1.0,1.0
48,1,25,2.0,1.0,2.0,1.6666666666666667
48,1,26,1.0,1.0,1.0,1.0
48,1,27,3.0,3.0,2.0,2.6666666666666665
48,1,28,1.0,1.0,1.0,1.0
48,1,29,3.0,3.0,3.0,3.0
48,1,30,1.0,1.0,1.0,1.0
48,1,31,2.0,2.0,2.0,2.0
48,1,32,1.0,1.0,1.0,1.0
48,1,33,2.0,2.0,3.0,2.3333333333333335
48,1,34,1.0,1.0,1.0,1.0
48,1,35,1.0,2.0,2.0,1.6666666666666667
48,1,36,1.0,1.0,1.0,1.0
48,1,37,3.0,3.0,3.0,3.0
48,1,38,1.0,1.0,1.0,1.0
48,1,39,1.0,1.0,2.0,1.3333333333333333
46,2,0,1.0,1.0,1.0,1.0
46,2,1,1.0,1.0,1.0,1.0
46,2,2,1.0,1.0,1.0,1.0
46,2,3,2.0,2.0,1.0,1.6666666666666667
46,2,4,2.0,2.0,2.0,2.0
46,2,5,2.0,3.0,2.0,2.3333333333333335
46,2,6,1.0,1.0,1.0,1.0
46,2,7,2.0,1.0,1.0,1.3333333333333333
46,2,8,1.0,1.0,1.0,1.0
46,2,9,2.0,2.0,1.0,1.6666666666666667
46,2,10,1.0,1.0,1.0,1.0
46,2,11,3.0,2.0,2.0,2.3333333333333335
46,2,12,1.0,1.0,1.0,1.0
46,2,13,3.0,2.0,2.0,2.3333333333333335
46,2,14,1.0,1.0,1.0,1.0
46,2,15,3.0,3.0,3.0,3.0
46,2,16,1.0,1.0,1.0,1.0
46,2,17,3.0,2.0,2.0,2.3333333333333335
46,2,18,1.0,1.0,1.0,1.0
46,2,19,3.0,2.0,2.0,2.3333333333333335
46,2,20,1.0,1.0,1.0,1.0
46,2,21,3.0,3.0,3.0,3.0
46,2,22,1.0,1.0,1.0,1.0
46,2,23,2.0,2.0,1.0,1.6666666666666667
46,2,24,1.0,1.0,1.0,1.0
46,2,25,3.0,2.0,2.0,2.3333333333333335
46,2,26,1.0,1.0,1.0,1.0
46,2,27,2.0,1.0,1.0,1.3333333333333333
46,2,28,,,,
46,2,29,2.0,2.0,1.0,1.6666666666666667
46,2,30,1.0,1.0,1.0,1.0
46,2,31,3.0,2.0,2.0,2.3333333333333335
46,2,32,1.0,1.0,1.0,1.0
46,2,33,2.0,2.0,2.0,2.0
46,2,34,1.0,1.0,1.0,1.0
46,2,35,4.0,3.0,4.0,3.6666666666666665
46,2,36,1.0,1.0,1.0,1.0
46,2,37,2.0,3.0,2.0,2.3333333333333335
46,2,38,1.0,1.0,1.0,1.0
46,2,39,3.0,2.0,2.0,2.3333333333333335
46,1,0,1.0,1.0,1.0,1.0
46,1,1,1.0,1.0,1.0,1.0
46,1,2,1.0,1.0,1.0,1.0
46,1,3,2.0,2.0,3.0,2.3333333333333335
46,1,4,2.0,2.0,1.0,1.6666666666666667
46,1,5,2.0,2.0,2.0,2.0
46,1,6,1.0,1.0,1.0,1.0
46,1,7,2.0,2.0,2.0,2.0
46,1,8,1.0,1.0,2.0,1.3333333333333333
46,1,9,2.0,1.0,1.0,1.3333333333333333
46,1,10,1.0,1.0,1.0,1.0
46,1,11,3.0,2.0,3.0,2.6666666666666665
46,1,12,1.0,1.0,1.0,1.0
46,1,13,2.0,2.0,2.0,2.0
46,1,14,1.0,1.0,1.0,1.0
46,1,15,3.0,2.0,3.0,2.6666666666666665
46,1,16,1.0,1.0,1.0,1.0
46,1,17,3.0,3.0,3.0,3.0
46,1,18,1.0,1.0,1.0,1.0
46,1,19,3.0,3.0,2.0,2.6666666666666665
46,1,20,1.0,1.0,1.0,1.0
46,1,21,3.0,4.0,4.0,3.6666666666666665
46,1,22,1.0,1.0,1.0,1.0
46,1,23,2.0,3.0,2.0,2.3333333333333335
46,1,24,1.0,1.0,1.0,1.0
46,1,25,2.0,2.0,1.0,1.6666666666666667
46,1,26,1.0,1.0,1.0,1.0
46,1,27,3.0,3.0,2.0,2.6666666666666665
46,1,28,1.0,1.0,1.0,1.0
46,1,29,1.0,2.0,1.0,1.3333333333333333
46,1,30,1.0,1.0,1.0,1.0
46,1,31,3.0,3.0,4.0,3.3333333333333335
46,1,32,1.0,1.0,1.0,1.0
46,1,33,2.0,2.0,2.0,2.0
46,1,34,1.0,1.0,1.0,1.0
46,1,35,,2.0,2.0,2.0
46,1,36,1.0,1.0,1.0,1.0
46,1,37,2.0,3.0,3.0,2.6666666666666665
46,1,38,1.0,1.0,2.0,1.3333333333333333
46,1,39,,,,
41,2,0,3.0,1.0,1.0,1.6666666666666667
41,2,1,3.0,3.0,2.0,2.6666666666666665
41,2,2,3.0,2.0,2.0,2.3333333333333335
41,2,3,2.0,2.0,2.0,2.0
41,2,4,3.0,3.0,2.0,2.6666666666666665
41,2,5,3.0,2.0,3.0,2.6666666666666665
41,2,6,1.0,2.0,1.0,1.3333333333333333
41,2,7,3.0,2.0,3.0,2.6666666666666665
41,2,8,4.0,3.0,1.0,2.6666666666666665
41,2,9,3.0,2.0,2.0,2.3333333333333335
41,2,10,1.0,1.0,1.0,1.0
41,2,11,3.0,1.0,2.0,2.0
41,2,12,1.0,1.0,1.0,1.0
41,2,13,2.0,2.0,2.0,2.0
41,2,14,1.0,1.0,1.0,1.0
41,2,15,3.0,3.0,3.0,3.0
41,2,16,1.0,1.0,1.0,1.0
41,2,17,3.0,3.0,2.0,2.6666666666666665
41,2,18,1.0,1.0,1.0,1.0
41,2,19,3.0,2.0,3.0,2.6666666666666665
41,2,20,3.0,2.0,3.0,2.6666666666666665
41,2,21,3.0,2.0,2.0,2.3333333333333335
41,2,22,3.0,3.0,2.0,2.6666666666666665
41,2,23,2.0,3.0,2.0,2.3333333333333335
41,2,24,3.0,2.0,1.0,2.0
41,2,25,3.0,3.0,3.0,3.0
41,2,26,3.0,2.0,2.0,2.3333333333333335
41,2,27,3.0,2.0,3.0,2.6666666666666665
41,2,28,2.0,2.0,2.0,2.0
41,2,29,3.0,3.0,2.0,2.6666666666666665
41,2,30,3.0,2.0,2.0,2.3333333333333335
41,2,31,3.0,3.0,3.0,3.0
41,2,32,3.0,2.0,2.0,2.3333333333333335
41,2,33,2.0,3.0,2.0,2.3333333333333335
41,2,34,3.0,2.0,2.0,2.3333333333333335
41,2,35,3.0,3.0,3.0,3.0
41,2,36,3.0,2.0,1.0,2.0
41,2,37,3.0,2.0,2.0,2.3333333333333335
41,2,38,,3.0,2.0,2.5
41,2,39,3.0,2.0,3.0,2.6666666666666665
41,1,0,3.0,3.0,1.0,2.3333333333333335
41,1,1,3.0,1.0,1.0,1.6666666666666667
41,1,2,3.0,2.0,3.0,2.6666666666666665
41,1,3,4.0,4.0,3.0,3.6666666666666665
41,1,4,3.0,2.0,2.0,2.3333333333333335
41,1,5,3.0,2.0,2.0,2.3333333333333335
41,1,6,2.0,3.0,2.0,2.3333333333333335
41,1,7,2.0,2.0,2.0,2.0
41,1,8,3.0,2.0,2.0,2.3333333333333335
41,1,9,4.0,3.0,3.0,3.3333333333333335
41,1,10,3.0,3.0,1.0,2.3333333333333335
41,1,11,3.0,2.0,3.0,2.6666666666666665
41,1,12,1.0,1.0,1.0,1.0
41,1,13,3.0,2.0,2.0,2.3333333333333335
41,1,14,2.0,3.0,1.0,2.0
41,1,15,3.0,2.0,3.0,2.6666666666666665
41,1,16,1.0,2.0,1.0,1.3333333333333333
41,1,17,3.0,2.0,3.0,2.6666666666666665
41,1,18,1.0,2.0,1.0,1.3333333333333333
41,1,19,3.0,1.0,3.0,2.3333333333333335
41,1,20,1.0,3.0,1.0,1.6666666666666667
41,1,21,3.0,2.0,3.0,2.6666666666666665
41,1,22,4.0,4.0,2.0,3.3333333333333335
41,1,23,4.0,3.0,2.0,3.0
41,1,24,2.0,3.0,1.0,2.0
41,1,25,3.0,2.0,3.0,2.6666666666666665
41,1,26,3.0,2.0,3.0,2.6666666666666665
41,1,27,2.0,2.0,2.0,2.0
41,1,28,1.0,2.0,1.0,1.3333333333333333
41,1,29,3.0,2.0,2.0,2.3333333333333335
41,1,30,2.0,3.0,2.0,2.3333333333333335
41,1,31,3.0,3.0,2.0,2.6666666666666665
41,1,32,3.0,2.0,3.0,2.6666666666666665
41,1,33,3.0,2.0,3.0,2.6666666666666665
41,1,34,3.0,3.0,2.0,2.6666666666666665
41,1,35,3.0,2.0,3.0,2.6666666666666665
41,1,36,3.0,2.0,2.0,2.3333333333333335
41,1,37,3.0,2.0,3.0,2.6666666666666665
41,1,38,1.0,2.0,1.0,1.3333333333333333
41,1,39,3.0,3.0,2.0,2.6666666666666665
22,2,0,1.0,1.0,1.0,1.0
22,2,1,1.0,1.0,1.0,1.0
22,2,2,1.0,1.0,1.0,1.0
22,2,3,3.0,2.0,2.0,2.3333333333333335
22,2,4,2.0,2.0,3.0,2.3333333333333335
22,2,5,2.0,1.0,1.0,1.3333333333333333
22,2,6,1.0,1.0,1.0,1.0
22,2,7,4.0,2.0,3.0,3.0
22,2,8,,1.0,1.0,1.0
22,2,9,3.0,3.0,3.0,3.0
22,2,10,1.0,1.0,1.0,1.0
22,2,11,,2.0,2.0,2.0
22,2,12,1.0,1.0,1.0,1.0
22,2,13,,,,
22,2,14,1.0,1.0,2.0,1.3333333333333333
22,2,15,2.0,2.0,2.0,2.0
22,2,16,1.0,1.0,1.0,1.0
22,2,17,,,1.0,1.0
22,2,18,1.0,1.0,1.0,1.0
22,2,19,4.0,2.0,3.0,3.0
22,2,20,1.0,1.0,1.0,1.0
22,2,21,2.0,2.0,2.0,2.0
22,2,22,1.0,1.0,2.0,1.3333333333333333
22,2,23,4.0,2.0,3.0,3.0
22,2,24,1.0,1.0,1.0,1.0
22,2,25,2.0,1.0,1.0,1.3333333333333333
22,2,26,,,1.0,1.0
22,2,27,4.0,2.0,2.0,2.6666666666666665
22,2,28,1.0,1.0,1.0,1.0
22,2,29,1.0,2.0,1.0,1.3333333333333333
22,2,30,,,,
22,2,31,1.0,1.0,2.0,1.3333333333333333
22,2,32,1.0,1.0,1.0,1.0
22,2,33,,,,
22,2,34,1.0,1.0,1.0,1.0
22,2,35,2.0,2.0,2.0,2.0
22,2,36,1.0,1.0,1.0,1.0
22,2,37,2.0,2.0,2.0,2.0
22,2,38,1.0,1.0,1.0,1.0
22,2,39,4.0,2.0,2.0,2.6666666666666665
22,1,0,1.0,1.0,1.0,1.0
22,1,1,1.0,1.0,1.0,1.0
22,1,2,1.0,1.0,1.0,1.0
22,1,3,1.0,2.0,1.0,1.3333333333333333
22,1,4,2.0,2.0,1.0,1.6666666666666667
22,1,5,1.0,1.0,1.0,1.0
22,1,6,1.0,1.0,1.0,1.0
22,1,7,1.0,2.0,1.0,1.3333333333333333
22,1,8,1.0,1.0,1.0,1.0
22,1,9,1.0,1.0,3.0,1.6666666666666667
22,1,10,1.0,1.0,1.0,1.0
22,1,11,1.0,2.0,2.0,1.6666666666666667
22,1,12,1.0,1.0,2.0,1.3333333333333333
22,1,13,,2.0,1.0,1.5
22,1,14,1.0,1.0,2.0,1.3333333333333333
22,1,15,,4.0,1.0,2.5
22,1,16,1.0,1.0,2.0,1.3333333333333333
22,1,17,4.0,3.0,3.0,3.3333333333333335
22,1,18,1.0,1.0,1.0,1.0
22,1,19,1.0,1.0,3.0,1.6666666666666667
22,1,20,1.0,1.0,1.0,1.0
22,1,21,4.0,3.0,3.0,3.3333333333333335
22,1,22,1.0,1.0,1.0,1.0
22,1,23,1.0,1.0,1.0,1.0
22,1,24,4.0,1.0,1.0,2.0
22,1,25,2.0,2.0,2.0,2.0
22,1,26,1.0,1.0,1.0,1.0
22,1,27,4.0,3.0,2.0,3.0
22,1,28,1.0,1.0,1.0,1.0
22,1,29,,2.0,2.0,2.0
22,1,30,1.0,1.0,1.0,1.0
22,1,31,4.0,3.0,3.0,3.3333333333333335
22,1,32,1.0,1.0,1.0,1.0
22,1,33,2.0,2.0,2.0,2.0
22,1,34,1.0,1.0,1.0,1.0
22,1,35,3.0,2.0,1.0,2.0
22,1,36,1.0,1.0,1.0,1.0
22,1,37,1.0,4.0,3.0,2.6666666666666665
22,1,38,1.0,1.0,1.0,1.0
22,1,39,2.0,1.0,1.0,1.3333333333333333
25,2,0,1.0,1.0,2.0,1.3333333333333333
25,2,1,1.0,1.0,2.0,1.3333333333333333
25,2,2,3.0,2.0,1.0,2.0
25,2,3,4.0,4.0,4.0,4.0
25,2,4,4.0,3.0,4.0,3.6666666666666665
25,2,5,3.0,2.0,3.0,2.6666666666666665
25,2,6,2.0,1.0,1.0,1.3333333333333333
25,2,7,4.0,4.0,4.0,4.0
25,2,8,2.0,1.0,2.0,1.6666666666666667
25,2,9,3.0,3.0,4.0,3.3333333333333335
25,2,10,1.0,2.0,1.0,1.3333333333333333
25,2,11,3.0,3.0,4.0,3.3333333333333335
25,2,12,1.0,2.0,1.0,1.3333333333333333
25,2,13,2.0,3.0,3.0,2.6666666666666665
25,2,14,1.0,1.0,1.0,1.0
25,2,15,2.0,2.0,3.0,2.3333333333333335
25,2,16,1.0,1.0,2.0,1.3333333333333333
25,2,17,3.0,2.0,4.0,3.0
25,2,18,2.0,1.0,1.0,1.3333333333333333
25,2,19,4.0,3.0,3.0,3.3333333333333335
25,2,20,1.0,1.0,1.0,1.0
25,2,21,3.0,4.0,3.0,3.3333333333333335
25,2,22,1.0,1.0,2.0,1.3333333333333333
25,2,23,4.0,3.0,4.0,3.6666666666666665
25,2,24,1.0,1.0,1.0,1.0
25,2,25,3.0,2.0,3.0,2.6666666666666665
25,2,26,1.0,2.0,2.0,1.6666666666666667
25,2,27,4.0,3.0,4.0,3.6666666666666665
25,2,28,2.0,1.0,1.0,1.3333333333333333
25,2,29,3.0,3.0,4.0,3.3333333333333335
25,2,30,1.0,2.0,2.0,1.6666666666666667
25,2,31,3.0,2.0,3.0,2.6666666666666665
25,2,32,3.0,1.0,1.0,1.6666666666666667
25,2,33,3.0,3.0,3.0,3.0
25,2,34,3.0,1.0,2.0,2.0
25,2,35,3.0,3.0,3.0,3.0
25,2,36,1.0,1.0,2.0,1.3333333333333333
25,2,37,3.0,3.0,3.0,3.0
25,2,38,2.0,1.0,2.0,1.6666666666666667
25,2,39,3.0,2.0,3.0,2.6666666666666665
25,1,0,1.0,3.0,3.0,2.3333333333333335
25,1,1,1.0,2.0,4.0,2.3333333333333335
25,1,2,1.0,1.0,2.0,1.3333333333333333
25,1,3,4.0,4.0,4.0,4.0
25,1,4,4.0,3.0,4.0,3.6666666666666665
25,1,5,2.0,3.0,3.0,2.6666666666666665
25,1,6,2.0,2.0,1.0,1.6666666666666667
25,1,7,2.0,3.0,3.0,2.6666666666666665
25,1,8,2.0,2.0,1.0,1.6666666666666667
25,1,9,4.0,3.0,4.0,3.6666666666666665
25,1,10,1.0,1.0,1.0,1.0
25,1,11,4.0,3.0,4.0,3.6666666666666665
25,1,12,1.0,1.0,1.0,1.0
25,1,13,3.0,4.0,3.0,3.3333333333333335
25,1,14,1.0,2.0,2.0,1.6666666666666667
25,1,15,4.0,4.0,4.0,4.0
25,1,16,2.0,1.0,1.0,1.3333333333333333
25,1,17,3.0,3.0,2.0,2.6666666666666665
25,1,18,1.0,1.0,1.0,1.0
25,1,19,3.0,2.0,2.0,2.3333333333333335
25,1,20,1.0,1.0,1.0,1.0
25,1,21,4.0,4.0,4.0,4.0
25,1,22,1.0,1.0,1.0,1.0
25,1,23,3.0,3.0,4.0,3.3333333333333335
25,1,24,4.0,1.0,2.0,2.3333333333333335
25,1,25,3.0,3.0,4.0,3.3333333333333335
25,1,26,1.0,2.0,1.0,1.3333333333333333
25,1,27,4.0,3.0,3.0,3.3333333333333335
25,1,28,1.0,1.0,1.0,1.0
25,1,29,4.0,3.0,4.0,3.6666666666666665
25,1,30,2.0,1.0,2.0,1.6666666666666667
25,1,31,3.0,3.0,3.0,3.0
25,1,32,1.0,1.0,1.0,1.0
25,1,33,3.0,4.0,4.0,3.6666666666666665
25,1,34,2.0,1.0,2.0,1.6666666666666667
25,1,35,3.0,4.0,4.0,3.6666666666666665
25,1,36,1.0,2.0,1.0,1.3333333333333333
25,1,37,3.0,2.0,2.0,2.3333333333333335
25,1,38,1.0,2.0,1.0,1.3333333333333333
25,1,39,2.0,3.0,2.0,2.3333333333333335
13,2,0,1.0,1.0,2.0,1.3333333333333333
13,2,1,1.0,1.0,2.0,1.3333333333333333
13,2,2,1.0,1.0,2.0,1.3333333333333333
13,2,3,3.0,3.0,3.0,3.0
13,2,4,4.0,4.0,4.0,4.0
13,2,5,3.0,3.0,3.0,3.0
13,2,6,1.0,1.0,1.0,1.0
13,2,7,3.0,3.0,4.0,3.3333333333333335
13,2,8,1.0,1.0,1.0,1.0
13,2,9,4.0,4.0,4.0,4.0
13,2,10,1.0,1.0,1.0,1.0
13,2,11,3.0,3.0,4.0,3.3333333333333335
13,2,12,1.0,1.0,1.0,1.0
13,2,13,3.0,3.0,4.0,3.3333333333333335
13,2,14,1.0,1.0,1.0,1.0
13,2,15,4.0,4.0,4.0,4.0
13,2,16,1.0,1.0,1.0,1.0
13,2,17,4.0,4.0,4.0,4.0
13,2,18,1.0,1.0,1.0,1.0
13,2,19,4.0,4.0,4.0,4.0
13,2,20,1.0,1.0,2.0,1.3333333333333333
13,2,21,3.0,3.0,4.0,3.3333333333333335
13,2,22,1.0,1.0,1.0,1.0
13,2,23,3.0,3.0,3.0,3.0
13,2,24,1.0,1.0,2.0,1.3333333333333333
13,2,25,3.0,3.0,3.0,3.0
13,2,26,1.0,1.0,1.0,1.0
13,2,27,3.0,3.0,4.0,3.3333333333333335
13,2,28,1.0,1.0,2.0,1.3333333333333333
13,2,29,4.0,4.0,4.0,4.0
13,2,30,1.0,1.0,2.0,1.3333333333333333
13,2,31,4.0,4.0,4.0,4.0
13,2,32,1.0,1.0,2.0,1.3333333333333333
13,2,33,3.0,3.0,4.0,3.3333333333333335
13,2,34,1.0,1.0,2.0,1.3333333333333333
13,2,35,4.0,4.0,4.0,4.0
13,2,36,1.0,1.0,1.0,1.0
13,2,37,4.0,4.0,4.0,4.0
13,2,38,1.0,1.0,1.0,1.0
13,2,39,4.0,4.0,4.0,4.0
13,1,0,1.0,1.0,1.0,1.0
13,1,1,1.0,1.0,1.0,1.0
13,1,2,3.0,3.0,3.0,3.0
13,1,3,3.0,3.0,4.0,3.3333333333333335
13,1,4,3.0,3.0,4.0,3.3333333333333335
13,1,5,4.0,4.0,4.0,4.0
13,1,6,1.0,1.0,1.0,1.0
13,1,7,3.0,3.0,4.0,3.3333333333333335
13,1,8,1.0,1.0,2.0,1.3333333333333333
13,1,9,3.0,3.0,3.0,3.0
13,1,10,1.0,1.0,2.0,1.3333333333333333
13,1,11,3.0,3.0,4.0,3.3333333333333335
13,1,12,3.0,3.0,1.0,2.3333333333333335
13,1,13,3.0,3.0,3.0,3.0
13,1,14,1.0,1.0,1.0,1.0
13,1,15,4.0,4.0,4.0,4.0
13,1,16,1.0,1.0,2.0,1.3333333333333333
13,1,17,3.0,3.0,3.0,3.0
13,1,18,1.0,1.0,1.0,1.0
13,1,19,4.0,4.0,4.0,4.0
13,1,20,1.0,1.0,3.0,1.6666666666666667
13,1,21,4.0,4.0,4.0,4.0
13,1,22,1.0,1.0,1.0,1.0
13,1,23,4.0,4.0,4.0,4.0
13,1,24,1.0,1.0,2.0,1.3333333333333333
13,1,25,4.0,4.0,4.0,4.0
13,1,26,1.0,1.0,1.0,1.0
13,1,27,3.0,3.0,4.0,3.3333333333333335
13,1,28,1.0,1.0,2.0,1.3333333333333333
13,1,29,3.0,3.0,4.0,3.3333333333333335
13,1,30,1.0,1.0,1.0,1.0
13,1,31,4.0,4.0,4.0,4.0
13,1,32,2.0,1.0,3.0,2.0
13,1,33,3.0,3.0,4.0,3.3333333333333335
13,1,34,1.0,1.0,2.0,1.3333333333333333
13,1,35,4.0,4.0,4.0,4.0
13,1,36,1.0,1.0,1.0,1.0
13,1,37,3.0,3.0,4.0,3.3333333333333335
13,1,38,1.0,1.0,1.0,1.0
13,1,39,4.0,4.0,4.0,4.0
14,2,0,1.0,1.0,2.0,1.3333333333333333
14,2,1,1.0,1.0,2.0,1.3333333333333333
14,2,2,1.0,1.0,1.0,1.0
14,2,3,3.0,,4.0,3.5
14,2,4,3.0,1.0,2.0,2.0
14,2,5,3.0,2.0,3.0,2.6666666666666665
14,2,6,1.0,1.0,1.0,1.0
14,2,7,3.0,3.0,2.0,2.6666666666666665
14,2,8,2.0,2.0,3.0,2.3333333333333335
14,2,9,4.0,3.0,3.0,3.3333333333333335
14,2,10,1.0,1.0,1.0,1.0
14,2,11,4.0,4.0,4.0,4.0
14,2,12,1.0,1.0,1.0,1.0
14,2,13,4.0,3.0,4.0,3.6666666666666665
14,2,14,1.0,1.0,2.0,1.3333333333333333
14,2,15,4.0,4.0,3.0,3.6666666666666665
14,2,16,1.0,1.0,1.0,1.0
14,2,17,4.0,4.0,4.0,4.0
14,2,18,1.0,1.0,1.0,1.0
14,2,19,2.0,2.0,3.0,2.3333333333333335
14,2,20,1.0,1.0,1.0,1.0
14,2,21,4.0,3.0,3.0,3.3333333333333335
14,2,22,1.0,1.0,3.0,1.6666666666666667
14,2,23,3.0,2.0,2.0,2.3333333333333335
14,2,24,1.0,1.0,2.0,1.3333333333333333
14,2,25,3.0,2.0,3.0,2.6666666666666665
14,2,26,1.0,1.0,1.0,1.0
14,2,27,4.0,3.0,3.0,3.3333333333333335
14,2,28,1.0,1.0,2.0,1.3333333333333333
14,2,29,3.0,2.0,3.0,2.6666666666666665
14,2,30,1.0,1.0,1.0,1.0
14,2,31,4.0,4.0,4.0,4.0
14,2,32,1.0,1.0,1.0,1.0
14,2,33,4.0,3.0,3.0,3.3333333333333335
14,2,34,1.0,1.0,1.0,1.0
14,2,35,4.0,4.0,3.0,3.6666666666666665
14,2,36,1.0,1.0,1.0,1.0
14,2,37,4.0,4.0,4.0,4.0
14,2,38,2.0,1.0,2.0,1.6666666666666667
14,2,39,2.0,1.0,2.0,1.6666666666666667
14,1,0,,1.0,1.0,1.0
14,1,1,2.0,1.0,3.0,2.0
14,1,2,2.0,2.0,4.0,2.6666666666666665
14,1,3,3.0,2.0,4.0,3.0
14,1,4,3.0,3.0,4.0,3.3333333333333335
14,1,5,3.0,4.0,3.0,3.3333333333333335
14,1,6,1.0,1.0,2.0,1.3333333333333333
14,1,7,4.0,3.0,3.0,3.3333333333333335
14,1,8,1.0,1.0,1.0,1.0
14,1,9,4.0,4.0,4.0,4.0
14,1,10,2.0,1.0,1.0,1.3333333333333333
14,1,11,,4.0,4.0,4.0
14,1,12,1.0,1.0,1.0,1.0
14,1,13,4.0,3.0,4.0,3.6666666666666665
14,1,14,1.0,1.0,2.0,1.3333333333333333
14,1,15,2.0,1.0,1.0,1.3333333333333333
14,1,16,1.0,1.0,1.0,1.0
14,1,17,3.0,4.0,3.0,3.3333333333333335
14,1,18,1.0,1.0,2.0,1.3333333333333333
14,1,19,3.0,2.0,2.0,2.3333333333333335
14,1,20,1.0,1.0,2.0,1.3333333333333333
14,1,21,3.0,4.0,3.0,3.3333333333333335
14,1,22,1.0,1.0,2.0,1.3333333333333333
14,1,23,3.0,2.0,2.0,2.3333333333333335
14,1,24,2.0,1.0,1.0,1.3333333333333333
14,1,25,4.0,3.0,2.0,3.0
14,1,26,1.0,1.0,2.0,1.3333333333333333
14,1,27,3.0,3.0,3.0,3.0
14,1,28,2.0,1.0,1.0,1.3333333333333333
14,1,29,4.0,4.0,4.0,4.0
14,1,30,1.0,1.0,1.0,1.0
14,1,31,4.0,4.0,3.0,3.6666666666666665
14,1,32,1.0,1.0,3.0,1.6666666666666667
14,1,33,4.0,3.0,3.0,3.3333333333333335
14,1,34,1.0,1.0,1.0,1.0
14,1,35,,2.0,1.0,1.5
14,1,36,1.0,1.0,1.0,1.0
14,1,37,3.0,3.0,2.0,2.6666666666666665
14,1,38,1.0,1.0,1.0,1.0
14,1,39,3.0,3.0,3.0,3.0
40,2,0,1.0,1.0,1.0,1.0
40,2,1,1.0,1.0,2.0,1.3333333333333333
40,2,2,2.0,1.0,1.0,1.3333333333333333
40,2,3,4.0,4.0,4.0,4.0
40,2,4,4.0,4.0,4.0,4.0
40,2,5,3.0,4.0,2.0,3.0
40,2,6,1.0,1.0,1.0,1.0
40,2,7,3.0,4.0,4.0,3.6666666666666665
40,2,8,1.0,1.0,1.0,1.0
40,2,9,2.0,2.0,3.0,2.3333333333333335
40,2,10,1.0,1.0,1.0,1.0
40,2,11,4.0,4.0,4.0,4.0
40,2,12,2.0,2.0,1.0,1.6666666666666667
40,2,13,4.0,4.0,4.0,4.0
40,2,14,2.0,1.0,1.0,1.3333333333333333
40,2,15,3.0,3.0,4.0,3.3333333333333335
40,2,16,2.0,1.0,1.0,1.3333333333333333
40,2,17,3.0,4.0,4.0,3.6666666666666665
40,2,18,1.0,1.0,1.0,1.0
40,2,19,3.0,3.0,2.0,2.6666666666666665
40,2,20,1.0,1.0,1.0,1.0
40,2,21,4.0,4.0,4.0,4.0
40,2,22,1.0,1.0,1.0,1.0
40,2,23,4.0,3.0,4.0,3.6666666666666665
40,2,24,1.0,1.0,1.0,1.0
40,2,25,3.0,4.0,3.0,3.3333333333333335
40,2,26,1.0,1.0,1.0,1.0
40,2,27,3.0,3.0,4.0,3.3333333333333335
40,2,28,1.0,1.0,1.0,1.0
40,2,29,3.0,3.0,3.0,3.0
40,2,30,2.0,1.0,1.0,1.3333333333333333
40,2,31,4.0,4.0,3.0,3.6666666666666665
40,2,32,2.0,1.0,1.0,1.3333333333333333
40,2,33,4.0,4.0,4.0,4.0
40,2,34,1.0,1.0,1.0,1.0
40,2,35,4.0,4.0,4.0,4.0
40,2,36,1.0,1.0,1.0,1.0
40,2,37,4.0,4.0,4.0,4.0
40,2,38,1.0,1.0,1.0,1.0
40,2,39,3.0,3.0,2.0,2.6666666666666665
40,1,0,1.0,1.0,1.0,1.0
40,1,1,1.0,1.0,1.0,1.0
40,1,2,2.0,1.0,1.0,1.3333333333333333
40,1,3,4.0,2.0,3.0,3.0
40,1,4,3.0,2.0,2.0,2.3333333333333335
40,1,5,4.0,3.0,4.0,3.6666666666666665
40,1,6,1.0,1.0,1.0,1.0
40,1,7,3.0,3.0,4.0,3.3333333333333335
40,1,8,1.0,1.0,1.0,1.0
40,1,9,3.0,2.0,3.0,2.6666666666666665
40,1,10,1.0,1.0,1.0,1.0
40,1,11,3.0,2.0,4.0,3.0
40,1,12,2.0,1.0,1.0,1.3333333333333333
40,1,13,4.0,3.0,4.0,3.6666666666666665
40,1,14,1.0,1.0,1.0,1.0
40,1,15,4.0,4.0,4.0,4.0
40,1,16,2.0,1.0,1.0,1.3333333333333333
40,1,17,3.0,4.0,4.0,3.6666666666666665
40,1,18,1.0,1.0,1.0,1.0
40,1,19,4.0,4.0,4.0,4.0
40,1,20,,3.0,2.0,2.5
40,1,21,4.0,3.0,4.0,3.6666666666666665
40,1,22,1.0,1.0,1.0,1.0
40,1,23,4.0,4.0,4.0,4.0
40,1,24,1.0,1.0,1.0,1.0
40,1,25,4.0,4.0,4.0,4.0
40,1,26,1.0,1.0,1.0,1.0
40,1,27,3.0,3.0,4.0,3.3333333333333335
40,1,28,2.0,1.0,1.0,1.3333333333333333
40,1,29,3.0,3.0,3.0,3.0
40,1,30,1.0,1.0,1.0,1.0
40,1,31,3.0,3.0,4.0,3.3333333333333335
40,1,32,2.0,1.0,1.0,1.3333333333333333
40,1,33,4.0,4.0,4.0,4.0
40,1,34,1.0,1.0,1.0,1.0
40,1,35,4.0,4.0,4.0,4.0
40,1,36,1.0,1.0,1.0,1.0
40,1,37,3.0,3.0,4.0,3.3333333333333335
40,1,38,1.0,1.0,1.0,1.0
40,1,39,4.0,4.0,4.0,4.0
47,2,0,1.0,1.0,1.0,1.0
47,2,1,1.0,1.0,1.0,1.0
47,2,2,1.0,1.0,1.0,1.0
47,2,3,3.0,2.0,2.0,2.3333333333333335
47,2,4,3.0,3.0,3.0,3.0
47,2,5,3.0,3.0,3.0,3.0
47,2,6,1.0,1.0,1.0,1.0
47,2,7,3.0,3.0,2.0,2.6666666666666665
47,2,8,1.0,1.0,2.0,1.3333333333333333
47,2,9,3.0,2.0,2.0,2.3333333333333335
47,2,10,1.0,1.0,2.0,1.3333333333333333
47,2,11,3.0,2.0,3.0,2.6666666666666665
47,2,12,1.0,1.0,1.0,1.0
47,2,13,3.0,2.0,2.0,2.3333333333333335
47,2,14,1.0,1.0,1.0,1.0
47,2,15,3.0,2.0,3.0,2.6666666666666665
47,2,16,4.0,2.0,1.0,2.3333333333333335
47,2,17,3.0,2.0,2.0,2.3333333333333335
47,2,18,1.0,1.0,1.0,1.0
47,2,19,3.0,3.0,3.0,3.0
47,2,20,1.0,1.0,1.0,1.0
47,2,21,3.0,2.0,2.0,2.3333333333333335
47,2,22,4.0,3.0,1.0,2.6666666666666665
47,2,23,3.0,2.0,2.0,2.3333333333333335
47,2,24,1.0,1.0,1.0,1.0
47,2,25,3.0,3.0,3.0,3.0
47,2,26,1.0,1.0,1.0,1.0
47,2,27,3.0,3.0,2.0,2.6666666666666665
47,2,28,1.0,1.0,1.0,1.0
47,2,29,3.0,3.0,2.0,2.6666666666666665
47,2,30,1.0,1.0,1.0,1.0
47,2,31,3.0,2.0,3.0,2.6666666666666665
47,2,32,1.0,1.0,1.0,1.0
47,2,33,3.0,2.0,2.0,2.3333333333333335
47,2,34,1.0,1.0,1.0,1.0
47,2,35,3.0,3.0,3.0,3.0
47,2,36,1.0,1.0,1.0,1.0
47,2,37,3.0,2.0,2.0,2.3333333333333335
47,2,38,1.0,1.0,2.0,1.3333333333333333
47,2,39,3.0,3.0,3.0,3.0
47,1,0,1.0,1.0,1.0,1.0
47,1,1,1.0,1.0,2.0,1.3333333333333333
47,1,2,1.0,1.0,1.0,1.0
47,1,3,,3.0,3.0,3.0
47,1,4,3.0,2.0,3.0,2.6666666666666665
47,1,5,3.0,2.0,2.0,2.3333333333333335
47,1,6,1.0,1.0,1.0,1.0
47,1,7,3.0,2.0,2.0,2.3333333333333335
47,1,8,1.0,1.0,1.0,1.0
47,1,9,3.0,3.0,3.0,3.0
47,1,10,1.0,1.0,2.0,1.3333333333333333
47,1,11,3.0,3.0,3.0,3.0
47,1,12,1.0,1.0,1.0,1.0
47,1,13,3.0,2.0,3.0,2.6666666666666665
47,1,14,1.0,1.0,2.0,1.3333333333333333
47,1,15,3.0,,3.0,3.0
47,1,16,3.0,2.0,1.0,2.0
47,1,17,3.0,3.0,3.0,3.0
47,1,18,1.0,1.0,1.0,1.0
47,1,19,3.0,2.0,2.0,2.3333333333333335
47,1,20,1.0,1.0,1.0,1.0
47,1,21,3.0,2.0,2.0,2.3333333333333335
47,1,22,1.0,1.0,1.0,1.0
47,1,23,3.0,2.0,2.0,2.3333333333333335
47,1,24,1.0,1.0,2.0,1.3333333333333333
47,1,25,3.0,2.0,2.0,2.3333333333333335
47,1,26,1.0,1.0,1.0,1.0
47,1,27,3.0,2.0,2.0,2.3333333333333335
47,1,28,1.0,1.0,1.0,1.0
47,1,29,3.0,2.0,3.0,2.6666666666666665
47,1,30,1.0,1.0,1.0,1.0
47,1,31,3.0,3.0,3.0,3.0
47,1,32,1.0,1.0,1.0,1.0
47,1,33,3.0,3.0,3.0,3.0
47,1,34,1.0,1.0,1.0,1.0
47,1,35,3.0,2.0,2.0,2.3333333333333335
47,1,36,1.0,1.0,1.0,1.0
47,1,37,3.0,2.0,3.0,2.6666666666666665
47,1,38,1.0,1.0,1.0,1.0
47,1,39,3.0,2.0,2.0,2.3333333333333335
49,2,0,1.0,1.0,1.0,1.0
49,2,1,1.0,1.0,1.0,1.0
49,2,2,1.0,1.0,1.0,1.0
49,2,3,3.0,1.0,2.0,2.0
49,2,4,2.0,1.0,2.0,1.6666666666666667
49,2,5,3.0,2.0,2.0,2.3333333333333335
49,2,6,1.0,1.0,1.0,1.0
49,2,7,3.0,2.0,2.0,2.3333333333333335
49,2,8,1.0,1.0,1.0,1.0
49,2,9,3.0,2.0,2.0,2.3333333333333335
49,2,10,1.0,1.0,1.0,1.0
49,2,11,2.0,2.0,2.0,2.0
49,2,12,1.0,1.0,1.0,1.0
49,2,13,2.0,1.0,2.0,1.6666666666666667
49,2,14,1.0,1.0,1.0,1.0
49,2,15,3.0,3.0,2.0,2.6666666666666665
49,2,16,1.0,1.0,2.0,1.3333333333333333
49,2,17,4.0,3.0,3.0,3.3333333333333335
49,2,18,1.0,1.0,1.0,1.0
49,2,19,2.0,2.0,2.0,2.0
49,2,20,1.0,1.0,1.0,1.0
49,2,21,3.0,2.0,3.0,2.6666666666666665
49,2,22,1.0,1.0,1.0,1.0
49,2,23,2.0,2.0,2.0,2.0
49,2,24,1.0,1.0,2.0,1.3333333333333333
49,2,25,3.0,2.0,3.0,2.6666666666666665
49,2,26,1.0,1.0,1.0,1.0
49,2,27,2.0,2.0,2.0,2.0
49,2,28,1.0,1.0,2.0,1.3333333333333333
49,2,29,3.0,2.0,2.0,2.3333333333333335
49,2,30,1.0,1.0,1.0,1.0
49,2,31,2.0,2.0,2.0,2.0
49,2,32,1.0,1.0,1.0,1.0
49,2,33,3.0,2.0,2.0,2.3333333333333335
49,2,34,2.0,1.0,2.0,1.6666666666666667
49,2,35,3.0,3.0,2.0,2.6666666666666665
49,2,36,1.0,1.0,1.0,1.0
49,2,37,4.0,3.0,3.0,3.3333333333333335
49,2,38,1.0,1.0,1.0,1.0
49,2,39,3.0,2.0,2.0,2.3333333333333335
49,1,0,1.0,1.0,1.0,1.0
49,1,1,1.0,1.0,2.0,1.3333333333333333
49,1,2,1.0,1.0,3.0,1.6666666666666667
49,1,3,3.0,2.0,3.0,2.6666666666666665
49,1,4,,2.0,3.0,2.5
49,1,5,3.0,2.0,2.0,2.3333333333333335
49,1,6,1.0,1.0,2.0,1.3333333333333333
49,1,7,2.0,2.0,2.0,2.0
49,1,8,1.0,1.0,2.0,1.3333333333333333
49,1,9,1.0,1.0,2.0,1.3333333333333333
49,1,10,1.0,1.0,1.0,1.0
49,1,11,2.0,1.0,3.0,2.0
49,1,12,1.0,1.0,1.0,1.0
49,1,13,2.0,2.0,2.0,2.0
49,1,14,1.0,1.0,1.0,1.0
49,1,15,2.0,1.0,1.0,1.3333333333333333
49,1,16,1.0,1.0,2.0,1.3333333333333333
49,1,17,2.0,2.0,3.0,2.3333333333333335
49,1,18,1.0,1.0,2.0,1.3333333333333333
49,1,19,,2.0,2.0,2.0
49,1,20,1.0,1.0,1.0,1.0
49,1,21,1.0,2.0,2.0,1.6666666666666667
49,1,22,1.0,1.0,1.0,1.0
49,1,23,3.0,3.0,3.0,3.0
49,1,24,1.0,1.0,2.0,1.3333333333333333
49,1,25,2.0,2.0,2.0,2.0
49,1,26,1.0,1.0,1.0,1.0
49,1,27,1.0,2.0,1.0,1.3333333333333333
49,1,28,1.0,1.0,1.0,1.0
49,1,29,1.0,1.0,1.0,1.0
49,1,30,1.0,1.0,1.0,1.0
49,1,31,3.0,2.0,2.0,2.3333333333333335
49,1,32,2.0,1.0,2.0,1.6666666666666667
49,1,33,2.0,1.0,2.0,1.6666666666666667
49,1,34,2.0,1.0,1.0,1.3333333333333333
49,1,35,2.0,1.0,1.0,1.3333333333333333
49,1,36,1.0,1.0,,1.0
49,1,37,1.0,3.0,2.0,2.0
49,1,38,1.0,1.0,2.0,1.3333333333333333
49,1,39,2.0,1.0,2.0,1.6666666666666667
32,2,0,1.0,1.0,1.0,1.0
32,2,1,1.0,1.0,1.0,1.0
32,2,2,1.0,1.0,2.0,1.3333333333333333
32,2,3,4.0,4.0,4.0,4.0
32,2,4,4.0,4.0,4.0,4.0
32,2,5,3.0,4.0,4.0,3.6666666666666665
32,2,6,,,1.0,1.0
32,2,7,4.0,4.0,3.0,3.6666666666666665
32,2,8,1.0,1.0,1.0,1.0
32,2,9,4.0,4.0,4.0,4.0
32,2,10,1.0,1.0,1.0,1.0
32,2,11,3.0,3.0,3.0,3.0
32,2,12,1.0,1.0,1.0,1.0
32,2,13,,4.0,4.0,4.0
32,2,14,1.0,1.0,2.0,1.3333333333333333
32,2,15,3.0,3.0,3.0,3.0
32,2,16,1.0,1.0,2.0,1.3333333333333333
32,2,17,,3.0,4.0,3.5
32,2,18,3.0,1.0,1.0,1.6666666666666667
32,2,19,,4.0,4.0,4.0
32,2,20,1.0,1.0,1.0,1.0
32,2,21,,,4.0,4.0
32,2,22,1.0,1.0,1.0,1.0
32,2,23,4.0,4.0,4.0,4.0
32,2,24,1.0,1.0,1.0,1.0
32,2,25,,4.0,3.0,3.5
32,2,26,4.0,2.0,2.0,2.6666666666666665
32,2,27,1.0,3.0,3.0,2.3333333333333335
32,2,28,1.0,1.0,3.0,1.6666666666666667
32,2,29,4.0,4.0,4.0,4.0
32,2,30,,,1.0,1.0
32,2,31,3.0,3.0,3.0,3.0
32,2,32,1.0,2.0,1.0,1.3333333333333333
32,2,33,2.0,4.0,4.0,3.3333333333333335
32,2,34,1.0,1.0,1.0,1.0
32,2,35,3.0,3.0,3.0,3.0
32,2,36,2.0,2.0,2.0,2.0
32,2,37,3.0,3.0,2.0,2.6666666666666665
32,2,38,1.0,1.0,1.0,1.0
32,2,39,4.0,4.0,4.0,4.0
32,1,0,2.0,1.0,2.0,1.6666666666666667
32,1,1,1.0,1.0,1.0,1.0
32,1,2,1.0,1.0,1.0,1.0
32,1,3,3.0,3.0,3.0,3.0
32,1,4,3.0,4.0,4.0,3.6666666666666665
32,1,5,4.0,4.0,3.0,3.6666666666666665
32,1,6,1.0,1.0,1.0,1.0
32,1,7,3.0,3.0,3.0,3.0
32,1,8,1.0,1.0,2.0,1.3333333333333333
32,1,9,4.0,4.0,4.0,4.0
32,1,10,1.0,1.0,1.0,1.0
32,1,11,4.0,3.0,4.0,3.6666666666666665
32,1,12,1.0,1.0,1.0,1.0
32,1,13,4.0,4.0,3.0,3.6666666666666665
32,1,14,2.0,2.0,1.0,1.6666666666666667
32,1,15,4.0,4.0,3.0,3.6666666666666665
32,1,16,,1.0,1.0,1.0
32,1,17,3.0,3.0,3.0,3.0
32,1,18,1.0,1.0,2.0,1.3333333333333333
32,1,19,4.0,4.0,,4.0
32,1,20,3.0,1.0,1.0,1.6666666666666667
32,1,21,3.0,3.0,3.0,3.0
32,1,22,1.0,1.0,1.0,1.0
32,1,23,3.0,3.0,3.0,3.0
32,1,24,1.0,1.0,1.0,1.0
32,1,25,,3.0,4.0,3.5
32,1,26,1.0,1.0,1.0,1.0
32,1,27,4.0,4.0,4.0,4.0
32,1,28,1.0,1.0,1.0,1.0
32,1,29,4.0,4.0,4.0,4.0
32,1,30,,1.0,1.0,1.0
32,1,31,4.0,4.0,4.0,4.0
32,1,32,1.0,1.0,1.0,1.0
32,1,33,4.0,4.0,4.0,4.0
32,1,34,1.0,1.0,1.0,1.0
32,1,35,4.0,4.0,3.0,3.6666666666666665
32,1,36,1.0,1.0,1.0,1.0
32,1,37,,3.0,3.0,3.0
32,1,38,1.0,1.0,2.0,1.3333333333333333
32,1,39,4.0,4.0,4.0,4.0
50,2,0,1.0,1.0,2.0,1.3333333333333333
50,2,1,1.0,1.0,1.0,1.0
50,2,2,1.0,1.0,1.0,1.0
50,2,3,4.0,4.0,4.0,4.0
50,2,4,4.0,3.0,4.0,3.6666666666666665
50,2,5,4.0,4.0,4.0,4.0
50,2,6,1.0,1.0,1.0,1.0
50,2,7,3.0,2.0,3.0,2.6666666666666665
50,2,8,1.0,1.0,1.0,1.0
50,2,9,2.0,2.0,2.0,2.0
50,2,10,1.0,1.0,1.0,1.0
50,2,11,3.0,2.0,3.0,2.6666666666666665
50,2,12,1.0,1.0,2.0,1.3333333333333333
50,2,13,2.0,1.0,2.0,1.6666666666666667
50,2,14,1.0,1.0,1.0,1.0
50,2,15,3.0,2.0,3.0,2.6666666666666665
50,2,16,1.0,1.0,1.0,1.0
50,2,17,3.0,2.0,3.0,2.6666666666666665
50,2,18,1.0,1.0,1.0,1.0
50,2,19,3.0,2.0,3.0,2.6666666666666665
50,2,20,1.0,1.0,2.0,1.3333333333333333
50,2,21,4.0,4.0,4.0,4.0
50,2,22,1.0,1.0,1.0,1.0
50,2,23,4.0,3.0,4.0,3.6666666666666665
50,2,24,1.0,1.0,1.0,1.0
50,2,25,3.0,2.0,3.0,2.6666666666666665
50,2,26,1.0,1.0,1.0,1.0
50,2,27,3.0,2.0,3.0,2.6666666666666665
50,2,28,1.0,1.0,1.0,1.0
50,2,29,2.0,2.0,3.0,2.3333333333333335
50,2,30,1.0,1.0,2.0,1.3333333333333333
50,2,31,3.0,3.0,3.0,3.0
50,2,32,1.0,1.0,1.0,1.0
50,2,33,2.0,1.0,2.0,1.6666666666666667
50,2,34,2.0,1.0,1.0,1.3333333333333333
50,2,35,2.0,2.0,2.0,2.0
50,2,36,1.0,1.0,1.0,1.0
50,2,37,3.0,2.0,3.0,2.6666666666666665
50,2,38,1.0,1.0,1.0,1.0
50,2,39,3.0,2.0,3.0,2.6666666666666665
50,1,0,,1.0,1.0,1.0
50,1,1,1.0,1.0,2.0,1.3333333333333333
50,1,2,1.0,1.0,2.0,1.3333333333333333
50,1,3,2.0,1.0,2.0,1.6666666666666667
50,1,4,2.0,2.0,3.0,2.3333333333333335
50,1,5,2.0,2.0,2.0,2.0
50,1,6,1.0,1.0,1.0,1.0
50,1,7,2.0,2.0,3.0,2.3333333333333335
50,1,8,1.0,1.0,1.0,1.0
50,1,9,2.0,1.0,2.0,1.6666666666666667
50,1,10,1.0,1.0,2.0,1.3333333333333333
50,1,11,2.0,3.0,3.0,2.6666666666666665
50,1,12,1.0,1.0,1.0,1.0
50,1,13,2.0,2.0,2.0,2.0
50,1,14,1.0,1.0,1.0,1.0
50,1,15,2.0,3.0,3.0,2.6666666666666665
50,1,16,1.0,1.0,1.0,1.0
50,1,17,3.0,3.0,3.0,3.0
50,1,18,1.0,1.0,2.0,1.3333333333333333
50,1,19,3.0,2.0,3.0,2.6666666666666665
50,1,20,1.0,1.0,1.0,1.0
50,1,21,3.0,3.0,3.0,3.0
50,1,22,1.0,1.0,1.0,1.0
50,1,23,2.0,2.0,3.0,2.3333333333333335
50,1,24,1.0,1.0,1.0,1.0
50,1,25,2.0,2.0,3.0,2.3333333333333335
50,1,26,1.0,1.0,2.0,1.3333333333333333
50,1,27,3.0,2.0,2.0,2.3333333333333335
50,1,28,1.0,2.0,2.0,1.6666666666666667
50,1,29,2.0,2.0,2.0,2.0
50,1,30,1.0,1.0,1.0,1.0
50,1,31,3.0,2.0,3.0,2.6666666666666665
50,1,32,1.0,1.0,2.0,1.3333333333333333
50,1,33,2.0,2.0,2.0,2.0
50,1,34,1.0,1.0,2.0,1.3333333333333333
50,1,35,3.0,2.0,3.0,2.6666666666666665
50,1,36,1.0,1.0,1.0,1.0
50,1,37,3.0,3.0,3.0,3.0
50,1,38,1.0,1.0,1.0,1.0
50,1,39,3.0,2.0,3.0,2.6666666666666665
5,1,0,1.0,1.0,1.0,1.0
5,1,1,2.0,1.0,1.0,1.3333333333333333
5,1,2,2.0,1.0,1.0,1.3333333333333333
5,1,3,3.0,4.0,2.0,3.0
5,1,4,3.0,2.0,1.0,2.0
5,1,5,4.0,2.0,2.0,2.6666666666666665
5,1,6,1.0,1.0,2.0,1.3333333333333333
5,1,7,1.0,1.0,2.0,1.3333333333333333
5,1,8,1.0,1.0,1.0,1.0
5,1,9,3.0,4.0,3.0,3.3333333333333335
5,1,10,1.0,1.0,1.0,1.0
5,1,11,,2.0,3.0,2.5
5,1,12,1.0,1.0,1.0,1.0
5,1,13,4.0,4.0,3.0,3.6666666666666665
5,1,14,1.0,1.0,1.0,1.0
5,1,15,2.0,3.0,2.0,2.3333333333333335
5,1,16,1.0,1.0,1.0,1.0
5,1,17,3.0,3.0,3.0,3.0
5,1,18,1.0,2.0,1.0,1.3333333333333333
5,1,19,4.0,4.0,4.0,4.0
5,1,20,2.0,1.0,1.0,1.3333333333333333
5,1,21,4.0,4.0,3.0,3.6666666666666665
5,1,22,1.0,1.0,1.0,1.0
5,1,23,,4.0,3.0,3.5
5,1,24,1.0,1.0,1.0,1.0
5,1,25,3.0,2.0,3.0,2.6666666666666665
5,1,26,1.0,1.0,1.0,1.0
5,1,27,1.0,1.0,2.0,1.3333333333333333
5,1,28,1.0,1.0,1.0,1.0
5,1,29,3.0,3.0,2.0,2.6666666666666665
5,1,30,1.0,1.0,1.0,1.0
5,1,31,3.0,2.0,2.0,2.3333333333333335
5,1,32,1.0,1.0,1.0,1.0
5,1,33,4.0,3.0,3.0,3.3333333333333335
5,1,34,1.0,1.0,1.0,1.0
5,1,35,3.0,4.0,2.0,3.0
5,1,36,1.0,1.0,1.0,1.0
5,1,37,2.0,2.0,3.0,2.3333333333333335
5,1,38,1.0,1.0,1.0,1.0
5,1,39,4.0,4.0,4.0,4.0
2,2,0,1.0,1.0,1.0,1.0
2,2,1,1.0,1.0,1.0,1.0
2,2,2,1.0,2.0,1.0,1.3333333333333333
2,2,3,4.0,3.0,3.0,3.3333333333333335
2,2,4,3.0,3.0,3.0,3.0
2,2,5,3.0,2.0,2.0,2.3333333333333335
2,2,6,1.0,1.0,2.0,1.3333333333333333
2,2,7,2.0,2.0,2.0,2.0
2,2,8,1.0,1.0,1.0,1.0
2,2,9,4.0,3.0,3.0,3.3333333333333335
2,2,10,1.0,1.0,1.0,1.0
2,2,11,2.0,2.0,2.0,2.0
2,2,12,1.0,1.0,1.0,1.0
2,2,13,,3.0,2.0,2.5
2,2,14,1.0,1.0,1.0,1.0
2,2,15,2.0,2.0,2.0,2.0
2,2,16,1.0,1.0,1.0,1.0
2,2,17,2.0,2.0,2.0,2.0
2,2,18,1.0,1.0,1.0,1.0
2,2,19,2.0,2.0,2.0,2.0
2,2,20,1.0,1.0,1.0,1.0
2,2,21,2.0,2.0,2.0,2.0
2,2,22,1.0,1.0,1.0,1.0
2,2,23,4.0,3.0,3.0,3.3333333333333335
2,2,24,1.0,1.0,1.0,1.0
2,2,25,2.0,2.0,2.0,2.0
2,2,26,1.0,1.0,1.0,1.0
2,2,27,2.0,2.0,2.0,2.0
2,2,28,1.0,1.0,1.0,1.0
2,2,29,4.0,3.0,3.0,3.3333333333333335
2,2,30,1.0,1.0,1.0,1.0
2,2,31,2.0,2.0,2.0,2.0
2,2,32,2.0,2.0,1.0,1.6666666666666667
2,2,33,3.0,2.0,2.0,2.3333333333333335
2,2,34,1.0,1.0,1.0,1.0
2,2,35,2.0,2.0,2.0,2.0
2,2,36,1.0,1.0,1.0,1.0
2,2,37,2.0,2.0,2.0,2.0
2,2,38,1.0,1.0,1.0,1.0
2,2,39,2.0,2.0,2.0,2.0
2,1,0,1.0,1.0,1.0,1.0
2,1,1,1.0,1.0,1.0,1.0
2,1,2,1.0,1.0,1.0,1.0
2,1,3,3.0,3.0,4.0,3.3333333333333335
2,1,4,3.0,2.0,3.0,2.6666666666666665
2,1,5,3.0,2.0,3.0,2.6666666666666665
2,1,6,1.0,1.0,1.0,1.0
2,1,7,4.0,3.0,4.0,3.6666666666666665
2,1,8,1.0,1.0,1.0,1.0
2,1,9,3.0,3.0,3.0,3.0
2,1,10,1.0,1.0,2.0,1.3333333333333333
2,1,11,3.0,2.0,2.0,2.3333333333333335
2,1,12,1.0,1.0,1.0,1.0
2,1,13,3.0,2.0,2.0,2.3333333333333335
2,1,14,2.0,2.0,2.0,2.0
2,1,15,3.0,2.0,2.0,2.3333333333333335
2,1,16,1.0,1.0,1.0,1.0
2,1,17,3.0,2.0,2.0,2.3333333333333335
2,1,18,1.0,1.0,1.0,1.0
2,1,19,2.0,2.0,2.0,2.0
2,1,20,1.0,1.0,1.0,1.0
2,1,21,4.0,3.0,4.0,3.6666666666666665
2,1,22,1.0,1.0,1.0,1.0
2,1,23,3.0,2.0,2.0,2.3333333333333335
2,1,24,1.0,1.0,1.0,1.0
2,1,25,3.0,2.0,2.0,2.3333333333333335
2,1,26,1.0,1.0,1.0,1.0
2,1,27,3.0,3.0,3.0,3.0
2,1,28,1.0,1.0,2.0,1.3333333333333333
2,1,29,3.0,2.0,2.0,2.3333333333333335
2,1,30,1.0,1.0,1.0,1.0
2,1,31,3.0,2.0,2.0,2.3333333333333335
2,1,32,1.0,1.0,1.0,1.0
2,1,33,3.0,2.0,2.0,2.3333333333333335
2,1,34,1.0,1.0,1.0,1.0
2,1,35,,3.0,2.0,2.5
2,1,36,1.0,1.0,1.0,1.0
2,1,37,3.0,3.0,3.0,3.0
2,1,38,1.0,1.0,1.0,1.0
2,1,39,3.0,2.0,2.0,2.3333333333333335
33,2,0,1.0,1.0,1.0,1.0
33,2,1,1.0,1.0,2.0,1.3333333333333333
33,2,2,1.0,1.0,1.0,1.0
33,2,3,4.0,4.0,4.0,4.0
33,2,4,3.0,2.0,3.0,2.6666666666666665
33,2,5,4.0,3.0,4.0,3.6666666666666665
33,2,6,1.0,2.0,3.0,2.0
33,2,7,2.0,2.0,2.0,2.0
33,2,8,1.0,1.0,1.0,1.0
33,2,9,3.0,3.0,3.0,3.0
33,2,10,1.0,1.0,1.0,1.0
33,2,11,3.0,3.0,3.0,3.0
33,2,12,1.0,1.0,1.0,1.0
33,2,13,4.0,4.0,4.0,4.0
33,2,14,1.0,1.0,1.0,1.0
33,2,15,4.0,4.0,4.0,4.0
33,2,16,1.0,1.0,1.0,1.0
33,2,17,3.0,3.0,2.0,2.6666666666666665
33,2,18,1.0,1.0,1.0,1.0
33,2,19,3.0,3.0,4.0,3.3333333333333335
33,2,20,1.0,1.0,1.0,1.0
33,2,21,3.0,3.0,3.0,3.0
33,2,22,1.0,1.0,2.0,1.3333333333333333
33,2,23,2.0,3.0,4.0,3.0
33,2,24,1.0,2.0,1.0,1.3333333333333333
33,2,25,3.0,3.0,3.0,3.0
33,2,26,1.0,1.0,2.0,1.3333333333333333
33,2,27,1.0,3.0,3.0,2.3333333333333335
33,2,28,1.0,1.0,1.0,1.0
33,2,29,3.0,3.0,3.0,3.0
33,2,30,1.0,1.0,1.0,1.0
33,2,31,4.0,3.0,3.0,3.3333333333333335
33,2,32,1.0,1.0,1.0,1.0
33,2,33,4.0,4.0,4.0,4.0
33,2,34,1.0,1.0,1.0,1.0
33,2,35,4.0,4.0,4.0,4.0
33,2,36,3.0,2.0,2.0,2.3333333333333335
33,2,37,3.0,,,3.0
33,2,38,1.0,1.0,2.0,1.3333333333333333
33,2,39,3.0,3.0,4.0,3.3333333333333335
33,1,0,2.0,1.0,2.0,1.6666666666666667
33,1,1,1.0,1.0,1.0,1.0
33,1,2,1.0,2.0,2.0,1.6666666666666667
33,1,3,3.0,3.0,2.0,2.6666666666666665
33,1,4,3.0,3.0,4.0,3.3333333333333335
33,1,5,3.0,3.0,4.0,3.3333333333333335
33,1,6,1.0,1.0,1.0,1.0
33,1,7,4.0,3.0,4.0,3.6666666666666665
33,1,8,1.0,1.0,1.0,1.0
33,1,9,3.0,3.0,4.0,3.3333333333333335
33,1,10,1.0,1.0,1.0,1.0
33,1,11,3.0,3.0,3.0,3.0
33,1,12,1.0,1.0,1.0,1.0
33,1,13,3.0,3.0,4.0,3.3333333333333335
33,1,14,1.0,1.0,1.0,1.0
33,1,15,3.0,3.0,3.0,3.0
33,1,16,1.0,1.0,1.0,1.0
33,1,17,2.0,2.0,2.0,2.0
33,1,18,2.0,1.0,1.0,1.3333333333333333
33,1,19,3.0,2.0,3.0,2.6666666666666665
33,1,20,1.0,1.0,1.0,1.0
33,1,21,1.0,1.0,3.0,1.6666666666666667
33,1,22,1.0,1.0,2.0,1.3333333333333333
33,1,23,3.0,3.0,3.0,3.0
33,1,24,1.0,1.0,1.0,1.0
33,1,25,,4.0,3.0,3.5
33,1,26,1.0,2.0,1.0,1.3333333333333333
33,1,27,4.0,4.0,4.0,4.0
33,1,28,1.0,1.0,1.0,1.0
33,1,29,4.0,4.0,4.0,4.0
33,1,30,1.0,1.0,1.0,1.0
33,1,31,3.0,3.0,3.0,3.0
33,1,32,1.0,1.0,2.0,1.3333333333333333
33,1,33,4.0,3.0,4.0,3.6666666666666665
33,1,34,1.0,1.0,2.0,1.3333333333333333
33,1,35,3.0,3.0,3.0,3.0
33,1,36,1.0,1.0,1.0,1.0
33,1,37,2.0,2.0,2.0,2.0
33,1,38,1.0,1.0,1.0,1.0
33,1,39,2.0,2.0,2.0,2.0
31,2,0,1.0,2.0,2.0,1.6666666666666667
31,2,1,1.0,1.0,2.0,1.3333333333333333
31,2,2,2.0,2.0,2.0,2.0
31,2,3,1.0,3.0,3.0,2.3333333333333335
31,2,4,3.0,2.0,3.0,2.6666666666666665
31,2,5,4.0,4.0,4.0,4.0
31,2,6,2.0,2.0,2.0,2.0
31,2,7,3.0,2.0,2.0,2.3333333333333335
31,2,8,2.0,2.0,1.0,1.6666666666666667
31,2,9,2.0,2.0,2.0,2.0
31,2,10,1.0,1.0,1.0,1.0
31,2,11,2.0,1.0,2.0,1.6666666666666667
31,2,12,1.0,1.0,1.0,1.0
31,2,13,3.0,3.0,4.0,3.3333333333333335
31,2,14,1.0,1.0,1.0,1.0
31,2,15,1.0,2.0,2.0,1.6666666666666667
31,2,16,1.0,1.0,2.0,1.3333333333333333
31,2,17,3.0,4.0,3.0,3.3333333333333335
31,2,18,3.0,1.0,1.0,1.6666666666666667
31,2,19,3.0,2.0,2.0,2.3333333333333335
31,2,20,2.0,2.0,2.0,2.0
31,2,21,,3.0,3.0,3.0
31,2,22,3.0,1.0,2.0,2.0
31,2,23,3.0,3.0,4.0,3.3333333333333335
31,2,24,1.0,2.0,3.0,2.0
31,2,25,4.0,2.0,4.0,3.3333333333333335
31,2,26,1.0,1.0,1.0,1.0
31,2,27,1.0,1.0,3.0,1.6666666666666667
31,2,28,3.0,1.0,1.0,1.6666666666666667
31,2,29,,2.0,3.0,2.5
31,2,30,1.0,1.0,2.0,1.3333333333333333
31,2,31,2.0,2.0,2.0,2.0
31,2,32,1.0,2.0,2.0,1.6666666666666667
31,2,33,,4.0,4.0,4.0
31,2,34,1.0,1.0,2.0,1.3333333333333333
31,2,35,1.0,1.0,2.0,1.3333333333333333
31,2,36,2.0,3.0,3.0,2.6666666666666665
31,2,37,,4.0,4.0,4.0
31,2,38,3.0,3.0,2.0,2.6666666666666665
31,2,39,3.0,2.0,3.0,2.6666666666666665
31,1,0,2.0,3.0,3.0,2.6666666666666665
31,1,1,,2.0,3.0,2.5
31,1,2,1.0,2.0,2.0,1.6666666666666667
31,1,3,3.0,1.0,3.0,2.3333333333333335
31,1,4,4.0,2.0,4.0,3.3333333333333335
31,1,5,4.0,2.0,3.0,3.0
31,1,6,1.0,1.0,1.0,1.0
31,1,7,3.0,2.0,,2.5
31,1,8,4.0,1.0,1.0,2.0
31,1,9,3.0,2.0,3.0,2.6666666666666665
31,1,10,1.0,2.0,1.0,1.3333333333333333
31,1,11,3.0,2.0,4.0,3.0
31,1,12,1.0,1.0,2.0,1.3333333333333333
31,1,13,3.0,2.0,2.0,2.3333333333333335
31,1,14,1.0,1.0,1.0,1.0
31,1,15,3.0,3.0,4.0,3.3333333333333335
31,1,16,1.0,1.0,2.0,1.3333333333333333
31,1,17,3.0,,4.0,3.5
31,1,18,1.0,1.0,2.0,1.3333333333333333
31,1,19,1.0,3.0,2.0,2.0
31,1,20,1.0,1.0,2.0,1.3333333333333333
31,1,21,,2.0,3.0,2.5
31,1,22,1.0,2.0,2.0,1.6666666666666667
31,1,23,3.0,3.0,2.0,2.6666666666666665
31,1,24,1.0,1.0,2.0,1.3333333333333333
31,1,25,3.0,3.0,3.0,3.0
31,1,26,,3.0,2.0,2.5
31,1,27,4.0,2.0,3.0,3.0
31,1,28,1.0,2.0,2.0,1.6666666666666667
31,1,29,3.0,3.0,3.0,3.0
31,1,30,1.0,3.0,2.0,2.0
31,1,31,4.0,4.0,3.0,3.6666666666666665
31,1,32,2.0,2.0,2.0,2.0
31,1,33,3.0,2.0,3.0,2.6666666666666665
31,1,34,3.0,2.0,2.0,2.3333333333333335
31,1,35,,3.0,4.0,3.5
31,1,36,1.0,1.0,1.0,1.0
31,1,37,4.0,4.0,4.0,4.0
31,1,38,4.0,,1.0,2.5
31,1,39,3.0,1.0,2.0,2.0
42,2,0,2.0,2.0,1.0,1.6666666666666667
42,2,1,1.0,1.0,1.0,1.0
42,2,2,1.0,1.0,1.0,1.0
42,2,3,2.0,2.0,3.0,2.3333333333333335
42,2,4,3.0,3.0,3.0,3.0
42,2,5,3.0,3.0,2.0,2.6666666666666665
42,2,6,,1.0,1.0,1.0
42,2,7,2.0,3.0,2.0,2.3333333333333335
42,2,8,1.0,1.0,2.0,1.3333333333333333
42,2,9,2.0,2.0,2.0,2.0
42,2,10,1.0,1.0,1.0,1.0
42,2,11,4.0,4.0,4.0,4.0
42,2,12,1.0,1.0,1.0,1.0
42,2,13,,,2.0,2.0
42,2,14,1.0,1.0,1.0,1.0
42,2,15,2.0,3.0,3.0,2.6666666666666665
42,2,16,1.0,1.0,1.0,1.0
42,2,17,3.0,4.0,3.0,3.3333333333333335
42,2,18,1.0,1.0,1.0,1.0
42,2,19,,,3.0,3.0
42,2,20,1.0,1.0,1.0,1.0
42,2,21,4.0,4.0,4.0,4.0
42,2,22,2.0,2.0,3.0,2.3333333333333335
42,2,23,2.0,2.0,2.0,2.0
42,2,24,1.0,1.0,1.0,1.0
42,2,25,1.0,1.0,2.0,1.3333333333333333
42,2,26,1.0,1.0,1.0,1.0
42,2,27,2.0,2.0,2.0,2.0
42,2,28,1.0,1.0,1.0,1.0
42,2,29,2.0,2.0,2.0,2.0
42,2,30,2.0,2.0,2.0,2.0
42,2,31,4.0,4.0,4.0,4.0
42,2,32,1.0,1.0,1.0,1.0
42,2,33,4.0,4.0,4.0,4.0
42,2,34,1.0,1.0,1.0,1.0
42,2,35,2.0,3.0,3.0,2.6666666666666665
42,2,36,1.0,1.0,1.0,1.0
42,2,37,4.0,4.0,4.0,4.0
42,2,38,1.0,1.0,2.0,1.3333333333333333
42,2,39,3.0,3.0,3.0,3.0
42,1,0,3.0,3.0,1.0,2.3333333333333335
42,1,1,1.0,1.0,1.0,1.0
42,1,2,1.0,1.0,1.0,1.0
42,1,3,3.0,3.0,,3.0
42,1,4,3.0,4.0,4.0,3.6666666666666665
42,1,5,2.0,2.0,2.0,2.0
42,1,6,1.0,1.0,2.0,1.3333333333333333
42,1,7,2.0,1.0,2.0,1.6666666666666667
42,1,8,1.0,1.0,1.0,1.0
42,1,9,,4.0,3.0,3.5
42,1,10,1.0,1.0,1.0,1.0
42,1,11,4.0,4.0,3.0,3.6666666666666665
42,1,12,1.0,1.0,3.0,1.6666666666666667
42,1,13,2.0,2.0,3.0,2.3333333333333335
42,1,14,1.0,1.0,1.0,1.0
42,1,15,2.0,1.0,1.0,1.3333333333333333
42,1,16,2.0,2.0,1.0,1.6666666666666667
42,1,17,4.0,4.0,3.0,3.6666666666666665
42,1,18,1.0,1.0,2.0,1.3333333333333333
42,1,19,2.0,2.0,3.0,2.3333333333333335
42,1,20,1.0,1.0,1.0,1.0
42,1,21,3.0,3.0,2.0,2.6666666666666665
42,1,22,1.0,1.0,1.0,1.0
42,1,23,2.0,2.0,2.0,2.0
42,1,24,1.0,1.0,1.0,1.0
42,1,25,2.0,2.0,2.0,2.0
42,1,26,1.0,1.0,1.0,1.0
42,1,27,,2.0,2.0,2.0
42,1,28,1.0,1.0,2.0,1.3333333333333333
42,1,29,3.0,3.0,3.0,3.0
42,1,30,2.0,2.0,1.0,1.6666666666666667
42,1,31,4.0,4.0,4.0,4.0
42,1,32,1.0,1.0,1.0,1.0
42,1,33,,3.0,3.0,3.0
42,1,34,1.0,1.0,1.0,1.0
42,1,35,2.0,2.0,2.0,2.0
42,1,36,1.0,1.0,2.0,1.3333333333333333
42,1,37,4.0,4.0,4.0,4.0
42,1,38,1.0,1.0,1.0,1.0
42,1,39,3.0,3.0,2.0,2.6666666666666665
45,2,0,,3.0,1.0,2.0
45,2,1,1.0,1.0,1.0,1.0
45,2,2,4.0,1.0,2.0,2.3333333333333335
45,2,3,3.0,3.0,4.0,3.3333333333333335
45,2,4,3.0,4.0,4.0,3.6666666666666665
45,2,5,4.0,4.0,4.0,4.0
45,2,6,3.0,2.0,4.0,3.0
45,2,7,3.0,3.0,4.0,3.3333333333333335
45,2,8,1.0,2.0,3.0,2.0
45,2,9,4.0,4.0,4.0,4.0
45,2,10,1.0,1.0,2.0,1.3333333333333333
45,2,11,4.0,4.0,4.0,4.0
45,2,12,1.0,2.0,3.0,2.0
45,2,13,4.0,4.0,4.0,4.0
45,2,14,2.0,2.0,3.0,2.3333333333333335
45,2,15,3.0,4.0,4.0,3.6666666666666665
45,2,16,1.0,1.0,1.0,1.0
45,2,17,4.0,4.0,4.0,4.0
45,2,18,2.0,2.0,3.0,2.3333333333333335
45,2,19,4.0,4.0,4.0,4.0
45,2,20,2.0,2.0,3.0,2.3333333333333335
45,2,21,4.0,4.0,4.0,4.0
45,2,22,1.0,1.0,2.0,1.3333333333333333
45,2,23,3.0,3.0,4.0,3.3333333333333335
45,2,24,4.0,1.0,2.0,2.3333333333333335
45,2,25,4.0,4.0,4.0,4.0
45,2,26,1.0,1.0,2.0,1.3333333333333333
45,2,27,3.0,3.0,4.0,3.3333333333333335
45,2,28,1.0,1.0,3.0,1.6666666666666667
45,2,29,4.0,4.0,4.0,4.0
45,2,30,1.0,1.0,2.0,1.3333333333333333
45,2,31,4.0,4.0,4.0,4.0
45,2,32,2.0,2.0,2.0,2.0
45,2,33,3.0,4.0,4.0,3.6666666666666665
45,2,34,4.0,1.0,1.0,2.0
45,2,35,1.0,4.0,4.0,3.0
45,2,36,4.0,2.0,3.0,3.0
45,2,37,4.0,4.0,4.0,4.0
45,2,38,1.0,1.0,3.0,1.6666666666666667
45,2,39,4.0,4.0,4.0,4.0
45,1,0,1.0,1.0,1.0,1.0
45,1,1,1.0,1.0,1.0,1.0
45,1,2,1.0,1.0,1.0,1.0
45,1,3,3.0,2.0,3.0,2.6666666666666665
45,1,4,3.0,3.0,4.0,3.3333333333333335
45,1,5,4.0,4.0,4.0,4.0
45,1,6,1.0,1.0,1.0,1.0
45,1,7,4.0,4.0,4.0,4.0
45,1,8,3.0,4.0,4.0,3.6666666666666665
45,1,9,4.0,4.0,4.0,4.0
45,1,10,1.0,1.0,3.0,1.6666666666666667
45,1,11,4.0,4.0,4.0,4.0
45,1,12,1.0,1.0,1.0,1.0
45,1,13,4.0,4.0,4.0,4.0
45,1,14,4.0,4.0,4.0,4.0
45,1,15,4.0,4.0,4.0,4.0
45,1,16,1.0,1.0,1.0,1.0
45,1,17,4.0,4.0,4.0,4.0
45,1,18,1.0,1.0,1.0,1.0
45,1,19,4.0,4.0,4.0,4.0
45,1,20,1.0,1.0,1.0,1.0
45,1,21,4.0,3.0,4.0,3.6666666666666665
45,1,22,1.0,2.0,3.0,2.0
45,1,23,3.0,3.0,4.0,3.3333333333333335
45,1,24,2.0,1.0,2.0,1.6666666666666667
45,1,25,4.0,4.0,4.0,4.0
45,1,26,1.0,1.0,1.0,1.0
45,1,27,4.0,4.0,4.0,4.0
45,1,28,2.0,1.0,2.0,1.6666666666666667
45,1,29,4.0,4.0,4.0,4.0
45,1,30,1.0,1.0,1.0,1.0
45,1,31,4.0,4.0,4.0,4.0
45,1,32,1.0,1.0,2.0,1.3333333333333333
45,1,33,4.0,4.0,4.0,4.0
45,1,34,2.0,3.0,3.0,2.6666666666666665
45,1,35,4.0,4.0,4.0,4.0
45,1,36,1.0,1.0,3.0,1.6666666666666667
45,1,37,4.0,4.0,4.0,4.0
45,1,38,3.0,3.0,4.0,3.3333333333333335
45,1,39,3.0,3.0,4.0,3.3333333333333335
11,2,0,1.0,1.0,1.0,1.0
11,2,1,1.0,1.0,1.0,1.0
11,2,2,1.0,1.0,1.0,1.0
11,2,3,4.0,4.0,4.0,4.0
11,2,4,4.0,4.0,4.0,4.0
11,2,5,4.0,4.0,3.0,3.6666666666666665
11,2,6,1.0,1.0,1.0,1.0
11,2,7,4.0,4.0,3.0,3.6666666666666665
11,2,8,1.0,1.0,1.0,1.0
11,2,9,3.0,2.0,2.0,2.3333333333333335
11,2,10,3.0,3.0,1.0,2.3333333333333335
11,2,11,4.0,4.0,4.0,4.0
11,2,12,1.0,1.0,2.0,1.3333333333333333
11,2,13,4.0,2.0,3.0,3.0
11,2,14,1.0,1.0,1.0,1.0
11,2,15,4.0,3.0,4.0,3.6666666666666665
11,2,16,2.0,1.0,2.0,1.6666666666666667
11,2,17,4.0,4.0,4.0,4.0
11,2,18,1.0,1.0,2.0,1.3333333333333333
11,2,19,4.0,4.0,4.0,4.0
11,2,20,1.0,1.0,1.0,1.0
11,2,21,4.0,3.0,3.0,3.3333333333333335
11,2,22,1.0,1.0,1.0,1.0
11,2,23,4.0,4.0,3.0,3.6666666666666665
11,2,24,1.0,1.0,1.0,1.0
11,2,25,4.0,4.0,4.0,4.0
11,2,26,1.0,1.0,1.0,1.0
11,2,27,4.0,4.0,4.0,4.0
11,2,28,1.0,1.0,1.0,1.0
11,2,29,3.0,2.0,2.0,2.3333333333333335
11,2,30,1.0,1.0,1.0,1.0
11,2,31,4.0,3.0,3.0,3.3333333333333335
11,2,32,1.0,1.0,1.0,1.0
11,2,33,3.0,2.0,3.0,2.6666666666666665
11,2,34,1.0,1.0,1.0,1.0
11,2,35,4.0,3.0,4.0,3.6666666666666665
11,2,36,1.0,1.0,1.0,1.0
11,2,37,4.0,4.0,4.0,4.0
11,2,38,1.0,1.0,1.0,1.0
11,2,39,4.0,4.0,4.0,4.0
11,1,0,1.0,1.0,1.0,1.0
11,1,1,2.0,2.0,3.0,2.3333333333333335
11,1,2,1.0,1.0,2.0,1.3333333333333333
11,1,3,3.0,4.0,4.0,3.6666666666666665
11,1,4,4.0,2.0,4.0,3.3333333333333335
11,1,5,4.0,4.0,4.0,4.0
11,1,6,1.0,1.0,1.0,1.0
11,1,7,4.0,2.0,4.0,3.3333333333333335
11,1,8,1.0,1.0,1.0,1.0
11,1,9,4.0,2.0,3.0,3.0
11,1,10,1.0,1.0,1.0,1.0
11,1,11,4.0,3.0,4.0,3.6666666666666665
11,1,12,1.0,1.0,1.0,1.0
11,1,13,4.0,4.0,4.0,4.0
11,1,14,1.0,1.0,1.0,1.0
11,1,15,3.0,3.0,3.0,3.0
11,1,16,1.0,1.0,1.0,1.0
11,1,17,4.0,4.0,4.0,4.0
11,1,18,1.0,1.0,1.0,1.0
11,1,19,3.0,3.0,3.0,3.0
11,1,20,4.0,2.0,4.0,3.3333333333333335
11,1,21,3.0,2.0,2.0,2.3333333333333335
11,1,22,1.0,1.0,1.0,1.0
11,1,23,4.0,4.0,4.0,4.0
11,1,24,1.0,1.0,1.0,1.0
11,1,25,3.0,2.0,3.0,2.6666666666666665
11,1,26,1.0,1.0,2.0,1.3333333333333333
11,1,27,3.0,3.0,3.0,3.0
11,1,28,1.0,1.0,2.0,1.3333333333333333
11,1,29,4.0,3.0,4.0,3.6666666666666665
11,1,30,1.0,1.0,2.0,1.3333333333333333
11,1,31,3.0,2.0,3.0,2.6666666666666665
11,1,32,1.0,1.0,2.0,1.3333333333333333
11,1,33,4.0,4.0,4.0,4.0
11,1,34,4.0,4.0,4.0,4.0
11,1,35,3.0,2.0,3.0,2.6666666666666665
11,1,36,1.0,1.0,1.0,1.0
11,1,37,4.0,4.0,4.0,4.0
11,1,38,1.0,1.0,1.0,1.0
11,1,39,3.0,3.0,3.0,3.0
16,2,0,1.0,1.0,2.0,1.3333333333333333
16,2,1,1.0,1.0,4.0,2.0
16,2,2,1.0,1.0,1.0,1.0
16,2,3,2.0,1.0,1.0,1.3333333333333333
16,2,4,3.0,3.0,2.0,2.6666666666666665
16,2,5,3.0,2.0,2.0,2.3333333333333335
16,2,6,1.0,1.0,1.0,1.0
16,2,7,3.0,3.0,2.0,2.6666666666666665
16,2,8,1.0,1.0,1.0,1.0
16,2,9,2.0,2.0,1.0,1.6666666666666667
16,2,10,1.0,1.0,1.0,1.0
16,2,11,2.0,1.0,2.0,1.6666666666666667
16,2,12,1.0,1.0,3.0,1.6666666666666667
16,2,13,4.0,3.0,1.0,2.6666666666666665
16,2,14,1.0,1.0,1.0,1.0
16,2,15,3.0,3.0,1.0,2.3333333333333335
16,2,16,1.0,1.0,1.0,1.0
16,2,17,3.0,2.0,2.0,2.3333333333333335
16,2,18,1.0,1.0,1.0,1.0
16,2,19,4.0,3.0,2.0,3.0
16,2,20,1.0,1.0,1.0,1.0
16,2,21,4.0,3.0,2.0,3.0
16,2,22,1.0,1.0,1.0,1.0
16,2,23,2.0,1.0,1.0,1.3333333333333333
16,2,24,1.0,1.0,1.0,1.0
16,2,25,3.0,3.0,3.0,3.0
16,2,26,1.0,1.0,1.0,1.0
16,2,27,4.0,3.0,2.0,3.0
16,2,28,1.0,1.0,1.0,1.0
16,2,29,3.0,2.0,2.0,2.3333333333333335
16,2,30,1.0,1.0,2.0,1.3333333333333333
16,2,31,3.0,2.0,2.0,2.3333333333333335
16,2,32,1.0,1.0,1.0,1.0
16,2,33,4.0,3.0,1.0,2.6666666666666665
16,2,34,1.0,1.0,2.0,1.3333333333333333
16,2,35,3.0,3.0,2.0,2.6666666666666665
16,2,36,1.0,1.0,1.0,1.0
16,2,37,2.0,2.0,2.0,2.0
16,2,38,1.0,2.0,1.0,1.3333333333333333
16,2,39,3.0,3.0,2.0,2.6666666666666665
16,1,0,1.0,1.0,2.0,1.3333333333333333
16,1,1,1.0,1.0,4.0,2.0
16,1,2,1.0,1.0,3.0,1.6666666666666667
16,1,3,3.0,2.0,,2.5
16,1,4,2.0,4.0,2.0,2.6666666666666665
16,1,5,4.0,2.0,1.0,2.3333333333333335
16,1,6,1.0,1.0,1.0,1.0
16,1,7,4.0,4.0,2.0,3.3333333333333335
16,1,8,1.0,1.0,4.0,2.0
16,1,9,4.0,2.0,1.0,2.3333333333333335
16,1,10,1.0,1.0,1.0,1.0
16,1,11,4.0,2.0,1.0,2.3333333333333335
16,1,12,1.0,1.0,1.0,1.0
16,1,13,4.0,3.0,2.0,3.0
16,1,14,1.0,1.0,1.0,1.0
16,1,15,3.0,3.0,2.0,2.6666666666666665
16,1,16,1.0,1.0,2.0,1.3333333333333333
16,1,17,3.0,2.0,2.0,2.3333333333333335
16,1,18,1.0,1.0,4.0,2.0
16,1,19,2.0,2.0,1.0,1.6666666666666667
16,1,20,1.0,1.0,1.0,1.0
16,1,21,3.0,3.0,1.0,2.3333333333333335
16,1,22,2.0,1.0,1.0,1.3333333333333333
16,1,23,2.0,2.0,1.0,1.6666666666666667
16,1,24,1.0,1.0,1.0,1.0
16,1,25,3.0,3.0,2.0,2.6666666666666665
16,1,26,1.0,1.0,1.0,1.0
16,1,27,3.0,3.0,3.0,3.0
16,1,28,1.0,1.0,1.0,1.0
16,1,29,4.0,3.0,2.0,3.0
16,1,30,1.0,1.0,2.0,1.3333333333333333
16,1,31,3.0,2.0,2.0,2.3333333333333335
16,1,32,1.0,1.0,3.0,1.6666666666666667
16,1,33,4.0,3.0,3.0,3.3333333333333335
16,1,34,1.0,1.0,2.0,1.3333333333333333
16,1,35,4.0,3.0,2.0,3.0
16,1,36,1.0,1.0,1.0,1.0
16,1,37,3.0,2.0,2.0,2.3333333333333335
16,1,38,1.0,1.0,4.0,2.0
16,1,39,2.0,2.0,1.0,1.6666666666666667
29,2,0,1.0,1.0,1.0,1.0
29,2,1,1.0,1.0,1.0,1.0
29,2,2,1.0,1.0,1.0,1.0
29,2,3,3.0,3.0,3.0,3.0
29,2,4,2.0,2.0,3.0,2.3333333333333335
29,2,5,3.0,3.0,3.0,3.0
29,2,6,2.0,2.0,1.0,1.6666666666666667
29,2,7,3.0,4.0,4.0,3.6666666666666665
29,2,8,1.0,1.0,1.0,1.0
29,2,9,2.0,2.0,3.0,2.3333333333333335
29,2,10,1.0,1.0,1.0,1.0
29,2,11,3.0,2.0,2.0,2.3333333333333335
29,2,12,1.0,1.0,1.0,1.0
29,2,13,3.0,3.0,2.0,2.6666666666666665
29,2,14,1.0,1.0,1.0,1.0
29,2,15,2.0,2.0,2.0,2.0
29,2,16,1.0,1.0,1.0,1.0
29,2,17,2.0,3.0,3.0,2.6666666666666665
29,2,18,1.0,1.0,1.0,1.0
29,2,19,3.0,3.0,2.0,2.6666666666666665
29,2,20,1.0,1.0,1.0,1.0
29,2,21,2.0,3.0,3.0,2.6666666666666665
29,2,22,1.0,1.0,1.0,1.0
29,2,23,3.0,3.0,3.0,3.0
29,2,24,1.0,1.0,1.0,1.0
29,2,25,3.0,3.0,2.0,2.6666666666666665
29,2,26,1.0,1.0,1.0,1.0
29,2,27,3.0,3.0,3.0,3.0
29,2,28,1.0,1.0,1.0,1.0
29,2,29,3.0,3.0,2.0,2.6666666666666665
29,2,30,1.0,1.0,1.0,1.0
29,2,31,2.0,2.0,2.0,2.0
29,2,32,1.0,1.0,1.0,1.0
29,2,33,3.0,3.0,2.0,2.6666666666666665
29,2,34,1.0,1.0,1.0,1.0
29,2,35,3.0,3.0,3.0,3.0
29,2,36,1.0,1.0,1.0,1.0
29,2,37,3.0,2.0,2.0,2.3333333333333335
29,2,38,1.0,1.0,1.0,1.0
29,2,39,2.0,3.0,2.0,2.3333333333333335
29,1,0,1.0,1.0,2.0,1.3333333333333333
29,1,1,1.0,1.0,1.0,1.0
29,1,2,1.0,1.0,3.0,1.6666666666666667
29,1,3,1.0,3.0,3.0,2.3333333333333335
29,1,4,3.0,2.0,3.0,2.6666666666666665
29,1,5,3.0,3.0,4.0,3.3333333333333335
29,1,6,1.0,1.0,1.0,1.0
29,1,7,3.0,3.0,4.0,3.3333333333333335
29,1,8,1.0,1.0,1.0,1.0
29,1,9,3.0,3.0,4.0,3.3333333333333335
29,1,10,1.0,1.0,1.0,1.0
29,1,11,3.0,3.0,4.0,3.3333333333333335
29,1,12,1.0,1.0,1.0,1.0
29,1,13,2.0,3.0,2.0,2.3333333333333335
29,1,14,1.0,1.0,1.0,1.0
29,1,15,3.0,2.0,2.0,2.3333333333333335
29,1,16,1.0,1.0,2.0,1.3333333333333333
29,1,17,3.0,3.0,4.0,3.3333333333333335
29,1,18,1.0,2.0,2.0,1.6666666666666667
29,1,19,3.0,3.0,3.0,3.0
29,1,20,1.0,1.0,1.0,1.0
29,1,21,3.0,2.0,2.0,2.3333333333333335
29,1,22,1.0,1.0,1.0,1.0
29,1,23,3.0,3.0,3.0,3.0
29,1,24,1.0,1.0,1.0,1.0
29,1,25,3.0,3.0,3.0,3.0
29,1,26,1.0,1.0,1.0,1.0
29,1,27,3.0,3.0,4.0,3.3333333333333335
29,1,28,1.0,1.0,1.0,1.0
29,1,29,3.0,4.0,4.0,3.6666666666666665
29,1,30,1.0,1.0,1.0,1.0
29,1,31,3.0,3.0,3.0,3.0
29,1,32,1.0,1.0,1.0,1.0
29,1,33,2.0,2.0,3.0,2.3333333333333335
29,1,34,1.0,1.0,1.0,1.0
29,1,35,3.0,3.0,2.0,2.6666666666666665
29,1,36,1.0,1.0,1.0,1.0
29,1,37,3.0,3.0,2.0,2.6666666666666665
29,1,38,1.0,1.0,1.0,1.0
29,1,39,3.0,2.0,2.0,2.3333333333333335
20,2,0,1.0,1.0,1.0,1.0
20,2,1,1.0,1.0,1.0,1.0
20,2,2,1.0,1.0,1.0,1.0
20,2,3,3.0,3.0,4.0,3.3333333333333335
20,2,4,3.0,2.0,3.0,2.6666666666666665
20,2,5,3.0,3.0,4.0,3.3333333333333335
20,2,6,1.0,1.0,1.0,1.0
20,2,7,3.0,2.0,2.0,2.3333333333333335
20,2,8,2.0,2.0,4.0,2.6666666666666665
20,2,9,3.0,2.0,3.0,2.6666666666666665
20,2,10,2.0,2.0,3.0,2.3333333333333335
20,2,11,2.0,2.0,2.0,2.0
20,2,12,1.0,1.0,1.0,1.0
20,2,13,3.0,3.0,3.0,3.0
20,2,14,1.0,1.0,1.0,1.0
20,2,15,3.0,3.0,4.0,3.3333333333333335
20,2,16,1.0,1.0,1.0,1.0
20,2,17,2.0,2.0,2.0,2.0
20,2,18,1.0,1.0,2.0,1.3333333333333333
20,2,19,3.0,3.0,4.0,3.3333333333333335
20,2,20,2.0,1.0,2.0,1.6666666666666667
20,2,21,4.0,3.0,4.0,3.6666666666666665
20,2,22,1.0,1.0,1.0,1.0
20,2,23,3.0,3.0,3.0,3.0
20,2,24,1.0,1.0,1.0,1.0
20,2,25,3.0,4.0,4.0,3.6666666666666665
20,2,26,1.0,1.0,1.0,1.0
20,2,27,3.0,2.0,2.0,2.3333333333333335
20,2,28,1.0,1.0,2.0,1.3333333333333333
20,2,29,3.0,2.0,3.0,2.6666666666666665
20,2,30,1.0,1.0,1.0,1.0
20,2,31,2.0,2.0,2.0,2.0
20,2,32,1.0,1.0,1.0,1.0
20,2,33,4.0,3.0,4.0,3.6666666666666665
20,2,34,1.0,1.0,1.0,1.0
20,2,35,3.0,2.0,3.0,2.6666666666666665
20,2,36,1.0,1.0,1.0,1.0
20,2,37,2.0,2.0,2.0,2.0
20,2,38,2.0,3.0,4.0,3.0
20,2,39,4.0,3.0,4.0,3.6666666666666665
20,1,0,1.0,1.0,1.0,1.0
20,1,1,1.0,1.0,1.0,1.0
20,1,2,1.0,1.0,1.0,1.0
20,1,3,3.0,2.0,3.0,2.6666666666666665
20,1,4,2.0,2.0,3.0,2.3333333333333335
20,1,5,2.0,2.0,3.0,2.3333333333333335
20,1,6,1.0,1.0,2.0,1.3333333333333333
20,1,7,2.0,2.0,3.0,2.3333333333333335
20,1,8,2.0,1.0,1.0,1.3333333333333333
20,1,9,2.0,1.0,2.0,1.6666666666666667
20,1,10,2.0,2.0,2.0,2.0
20,1,11,3.0,3.0,4.0,3.3333333333333335
20,1,12,1.0,1.0,1.0,1.0
20,1,13,2.0,2.0,3.0,2.3333333333333335
20,1,14,1.0,1.0,1.0,1.0
20,1,15,3.0,2.0,4.0,3.0
20,1,16,1.0,1.0,1.0,1.0
20,1,17,3.0,2.0,3.0,2.6666666666666665
20,1,18,1.0,1.0,1.0,1.0
20,1,19,3.0,2.0,3.0,2.6666666666666665
20,1,20,1.0,1.0,1.0,1.0
20,1,21,3.0,2.0,3.0,2.6666666666666665
20,1,22,1.0,1.0,2.0,1.3333333333333333
20,1,23,3.0,3.0,3.0,3.0
20,1,24,1.0,1.0,1.0,1.0
20,1,25,2.0,2.0,3.0,2.3333333333333335
20,1,26,1.0,1.0,1.0,1.0
20,1,27,3.0,2.0,3.0,2.6666666666666665
20,1,28,2.0,1.0,2.0,1.6666666666666667
20,1,29,2.0,2.0,3.0,2.3333333333333335
20,1,30,1.0,1.0,1.0,1.0
20,1,31,3.0,4.0,4.0,3.6666666666666665
20,1,32,1.0,1.0,2.0,1.3333333333333333
20,1,33,2.0,2.0,3.0,2.3333333333333335
20,1,34,1.0,1.0,2.0,1.3333333333333333
20,1,35,3.0,3.0,4.0,3.3333333333333335
20,1,36,1.0,1.0,2.0,1.3333333333333333
20,1,37,3.0,2.0,3.0,2.6666666666666665
20,1,38,1.0,1.0,1.0,1.0
20,1,39,3.0,2.0,3.0,2.6666666666666665
27,2,0,1.0,1.0,1.0,1.0
27,2,1,1.0,1.0,1.0,1.0
27,2,2,1.0,1.0,1.0,1.0
27,2,3,3.0,3.0,2.0,2.6666666666666665
27,2,4,4.0,4.0,4.0,4.0
27,2,5,3.0,3.0,2.0,2.6666666666666665
27,2,6,2.0,1.0,1.0,1.3333333333333333
27,2,7,3.0,3.0,2.0,2.6666666666666665
27,2,8,1.0,1.0,1.0,1.0
27,2,9,3.0,3.0,2.0,2.6666666666666665
27,2,10,1.0,1.0,1.0,1.0
27,2,11,3.0,3.0,3.0,3.0
27,2,12,1.0,1.0,1.0,1.0
27,2,13,4.0,4.0,4.0,4.0
27,2,14,1.0,1.0,1.0,1.0
27,2,15,3.0,3.0,3.0,3.0
27,2,16,1.0,1.0,1.0,1.0
27,2,17,3.0,3.0,2.0,2.6666666666666665
27,2,18,1.0,1.0,1.0,1.0
27,2,19,3.0,3.0,2.0,2.6666666666666665
27,2,20,1.0,1.0,1.0,1.0
27,2,21,3.0,3.0,3.0,3.0
27,2,22,1.0,1.0,1.0,1.0
27,2,23,3.0,3.0,3.0,3.0
27,2,24,1.0,1.0,1.0,1.0
27,2,25,3.0,3.0,2.0,2.6666666666666665
27,2,26,1.0,1.0,1.0,1.0
27,2,27,1.0,3.0,3.0,2.3333333333333335
27,2,28,1.0,1.0,1.0,1.0
27,2,29,3.0,3.0,3.0,3.0
27,2,30,1.0,1.0,1.0,1.0
27,2,31,1.0,3.0,3.0,2.3333333333333335
27,2,32,2.0,1.0,1.0,1.3333333333333333
27,2,33,1.0,4.0,4.0,3.0
27,2,34,1.0,1.0,1.0,1.0
27,2,35,3.0,3.0,2.0,2.6666666666666665
27,2,36,1.0,1.0,1.0,1.0
27,2,37,3.0,3.0,3.0,3.0
27,2,38,1.0,1.0,1.0,1.0
27,2,39,3.0,3.0,3.0,3.0
27,1,0,1.0,1.0,1.0,1.0
27,1,1,1.0,1.0,1.0,1.0
27,1,2,1.0,1.0,1.0,1.0
27,1,3,3.0,3.0,3.0,3.0
27,1,4,4.0,2.0,2.0,2.6666666666666665
27,1,5,3.0,2.0,2.0,2.3333333333333335
27,1,6,1.0,1.0,1.0,1.0
27,1,7,3.0,2.0,2.0,2.3333333333333335
27,1,8,1.0,1.0,1.0,1.0
27,1,9,3.0,3.0,2.0,2.6666666666666665
27,1,10,1.0,1.0,1.0,1.0
27,1,11,,3.0,2.0,2.5
27,1,12,2.0,1.0,1.0,1.3333333333333333
27,1,13,1.0,4.0,4.0,3.0
27,1,14,1.0,1.0,1.0,1.0
27,1,15,4.0,3.0,2.0,3.0
27,1,16,1.0,1.0,1.0,1.0
27,1,17,3.0,2.0,2.0,2.3333333333333335
27,1,18,1.0,1.0,1.0,1.0
27,1,19,4.0,4.0,2.0,3.3333333333333335
27,1,20,1.0,1.0,1.0,1.0
27,1,21,3.0,3.0,3.0,3.0
27,1,22,1.0,1.0,1.0,1.0
27,1,23,3.0,3.0,1.0,2.3333333333333335
27,1,24,1.0,1.0,1.0,1.0
27,1,25,3.0,3.0,3.0,3.0
27,1,26,1.0,1.0,1.0,1.0
27,1,27,3.0,3.0,3.0,3.0
27,1,28,1.0,1.0,1.0,1.0
27,1,29,3.0,3.0,3.0,3.0
27,1,30,1.0,1.0,1.0,1.0
27,1,31,3.0,3.0,2.0,2.6666666666666665
27,1,32,1.0,1.0,1.0,1.0
27,1,33,4.0,4.0,4.0,4.0
27,1,34,1.0,1.0,1.0,1.0
27,1,35,4.0,4.0,2.0,3.3333333333333335
27,1,36,1.0,1.0,1.0,1.0
27,1,37,4.0,3.0,2.0,3.0
27,1,38,1.0,1.0,1.0,1.0
27,1,39,4.0,4.0,3.0,3.6666666666666665
18,2,0,1.0,1.0,1.0,1.0
18,2,1,1.0,1.0,1.0,1.0
18,2,2,1.0,1.0,1.0,1.0
18,2,3,2.0,2.0,2.0,2.0
18,2,4,3.0,2.0,2.0,2.3333333333333335
18,2,5,2.0,2.0,3.0,2.3333333333333335
18,2,6,1.0,1.0,2.0,1.3333333333333333
18,2,7,2.0,2.0,2.0,2.0
18,2,8,1.0,1.0,1.0,1.0
18,2,9,2.0,2.0,2.0,2.0
18,2,10,1.0,1.0,1.0,1.0
18,2,11,3.0,3.0,3.0,3.0
18,2,12,1.0,1.0,1.0,1.0
18,2,13,2.0,2.0,2.0,2.0
18,2,14,1.0,1.0,1.0,1.0
18,2,15,2.0,2.0,2.0,2.0
18,2,16,1.0,1.0,1.0,1.0
18,2,17,2.0,2.0,2.0,2.0
18,2,18,1.0,1.0,1.0,1.0
18,2,19,2.0,2.0,2.0,2.0
18,2,20,1.0,1.0,2.0,1.3333333333333333
18,2,21,3.0,2.0,3.0,2.6666666666666665
18,2,22,1.0,1.0,1.0,1.0
18,2,23,2.0,2.0,2.0,2.0
18,2,24,1.0,1.0,1.0,1.0
18,2,25,2.0,2.0,3.0,2.3333333333333335
18,2,26,1.0,1.0,1.0,1.0
18,2,27,3.0,2.0,2.0,2.3333333333333335
18,2,28,1.0,1.0,1.0,1.0
18,2,29,2.0,2.0,2.0,2.0
18,2,30,1.0,1.0,1.0,1.0
18,2,31,3.0,2.0,3.0,2.6666666666666665
18,2,32,1.0,1.0,1.0,1.0
18,2,33,2.0,2.0,2.0,2.0
18,2,34,1.0,1.0,1.0,1.0
18,2,35,2.0,2.0,2.0,2.0
18,2,36,1.0,1.0,2.0,1.3333333333333333
18,2,37,2.0,2.0,2.0,2.0
18,2,38,1.0,1.0,1.0,1.0
18,2,39,2.0,2.0,2.0,2.0
18,1,0,1.0,1.0,1.0,1.0
18,1,1,1.0,1.0,2.0,1.3333333333333333
18,1,2,1.0,1.0,1.0,1.0
18,1,3,2.0,2.0,2.0,2.0
18,1,4,3.0,2.0,4.0,3.0
18,1,5,3.0,3.0,3.0,3.0
18,1,6,1.0,1.0,1.0,1.0
18,1,7,2.0,2.0,3.0,2.3333333333333335
18,1,8,1.0,1.0,1.0,1.0
18,1,9,3.0,2.0,3.0,2.6666666666666665
18,1,10,1.0,1.0,1.0,1.0
18,1,11,3.0,2.0,3.0,2.6666666666666665
18,1,12,1.0,1.0,1.0,1.0
18,1,13,1.0,2.0,2.0,1.6666666666666667
18,1,14,1.0,1.0,1.0,1.0
18,1,15,3.0,3.0,3.0,3.0
18,1,16,1.0,1.0,1.0,1.0
18,1,17,3.0,2.0,3.0,2.6666666666666665
18,1,18,1.0,1.0,1.0,1.0
18,1,19,,2.0,1.0,1.5
18,1,20,1.0,1.0,1.0,1.0
18,1,21,2.0,2.0,2.0,2.0
18,1,22,1.0,1.0,1.0,1.0
18,1,23,2.0,2.0,2.0,2.0
18,1,24,1.0,1.0,1.0,1.0
18,1,25,2.0,2.0,2.0,2.0
18,1,26,1.0,1.0,2.0,1.3333333333333333
18,1,27,3.0,2.0,2.0,2.3333333333333335
18,1,28,1.0,1.0,2.0,1.3333333333333333
18,1,29,3.0,2.0,2.0,2.3333333333333335
18,1,30,1.0,1.0,1.0,1.0
18,1,31,3.0,2.0,2.0,2.3333333333333335
18,1,32,1.0,1.0,1.0,1.0
18,1,33,2.0,2.0,2.0,2.0
18,1,34,1.0,1.0,1.0,1.0
18,1,35,3.0,2.0,3.0,2.6666666666666665
18,1,36,1.0,1.0,1.0,1.0
18,1,37,3.0,3.0,3.0,3.0
18,1,38,1.0,1.0,1.0,1.0
18,1,39,2.0,2.0,3.0,2.3333333333333335
43,2,0,1.0,1.0,2.0,1.3333333333333333
43,2,1,1.0,1.0,3.0,1.6666666666666667
43,2,2,,1.0,1.0,1.0
43,2,3,,3.0,3.0,3.0
43,2,4,3.0,4.0,3.0,3.3333333333333335
43,2,5,2.0,2.0,4.0,2.6666666666666665
43,2,6,,1.0,3.0,2.0
43,2,7,3.0,4.0,3.0,3.3333333333333335
43,2,8,,2.0,3.0,2.5
43,2,9,,3.0,4.0,3.5
43,2,10,,,,
43,2,11,,3.0,3.0,3.0
43,2,12,1.0,1.0,,1.0
43,2,13,3.0,3.0,3.0,3.0
43,2,14,,2.0,2.0,2.0
43,2,15,,,,
43,2,16,2.0,1.0,3.0,2.0
43,2,17,,,,
43,2,18,,,,
43,2,19,,,,
43,2,20,,,,
43,2,21,3.0,3.0,4.0,3.3333333333333335
43,2,22,,3.0,2.0,2.5
43,2,23,,,,
43,2,24,1.0,1.0,1.0,1.0
43,2,25,3.0,3.0,3.0,3.0
43,2,26,,,3.0,3.0
43,2,27,,3.0,4.0,3.5
43,2,28,,,,
43,2,29,,1.0,4.0,2.5
43,2,30,,1.0,3.0,2.0
43,2,31,,,,
43,2,32,1.0,2.0,1.0,1.3333333333333333
43,2,33,,,,
43,2,34,,,,
43,2,35,,,,
43,2,36,,,,
43,2,37,,,,
43,2,38,,,,
43,2,39,,1.0,3.0,2.0
43,1,0,1.0,1.0,3.0,1.6666666666666667
43,1,1,1.0,1.0,3.0,1.6666666666666667
43,1,2,1.0,1.0,3.0,1.6666666666666667
43,1,3,3.0,3.0,4.0,3.3333333333333335
43,1,4,2.0,3.0,4.0,3.0
43,1,5,2.0,3.0,4.0,3.0
43,1,6,2.0,2.0,2.0,2.0
43,1,7,2.0,3.0,4.0,3.0
43,1,8,1.0,1.0,3.0,1.6666666666666667
43,1,9,3.0,4.0,4.0,3.6666666666666665
43,1,10,1.0,1.0,2.0,1.3333333333333333
43,1,11,2.0,2.0,4.0,2.6666666666666665
43,1,12,1.0,3.0,3.0,2.3333333333333335
43,1,13,3.0,3.0,4.0,3.3333333333333335
43,1,14,2.0,1.0,2.0,1.6666666666666667
43,1,15,2.0,2.0,2.0,2.0
43,1,16,1.0,1.0,2.0,1.3333333333333333
43,1,17,3.0,3.0,4.0,3.3333333333333335
43,1,18,2.0,1.0,2.0,1.6666666666666667
43,1,19,3.0,4.0,4.0,3.6666666666666665
43,1,20,2.0,1.0,2.0,1.6666666666666667
43,1,21,3.0,4.0,4.0,3.6666666666666665
43,1,22,1.0,1.0,3.0,1.6666666666666667
43,1,23,3.0,4.0,4.0,3.6666666666666665
43,1,24,2.0,1.0,2.0,1.6666666666666667
43,1,25,3.0,4.0,3.0,3.3333333333333335
43,1,26,1.0,1.0,2.0,1.3333333333333333
43,1,27,3.0,3.0,4.0,3.3333333333333335
43,1,28,1.0,1.0,1.0,1.0
43,1,29,3.0,3.0,4.0,3.3333333333333335
43,1,30,1.0,1.0,3.0,1.6666666666666667
43,1,31,3.0,3.0,4.0,3.3333333333333335
43,1,32,2.0,1.0,2.0,1.6666666666666667
43,1,33,,3.0,4.0,3.5
43,1,34,,3.0,3.0,3.0
43,1,35,3.0,4.0,3.0,3.3333333333333335
43,1,36,,2.0,2.0,2.0
43,1,37,3.0,4.0,3.0,3.3333333333333335
43,1,38,1.0,1.0,,1.0
43,1,39,3.0,4.0,3.0,3.3333333333333335
26,2,0,1.0,1.0,1.0,1.0
26,2,1,1.0,1.0,1.0,1.0
26,2,2,1.0,1.0,1.0,1.0
26,2,3,3.0,3.0,2.0,2.6666666666666665
26,2,4,3.0,2.0,2.0,2.3333333333333335
26,2,5,2.0,2.0,2.0,2.0
26,2,6,3.0,3.0,4.0,3.3333333333333335
26,2,7,2.0,2.0,1.0,1.6666666666666667
26,2,8,1.0,1.0,1.0,1.0
26,2,9,3.0,3.0,2.0,2.6666666666666665
26,2,10,1.0,1.0,1.0,1.0
26,2,11,3.0,3.0,2.0,2.6666666666666665
26,2,12,1.0,1.0,1.0,1.0
26,2,13,3.0,3.0,2.0,2.6666666666666665
26,2,14,1.0,3.0,2.0,2.0
26,2,15,3.0,3.0,2.0,2.6666666666666665
26,2,16,1.0,1.0,1.0,1.0
26,2,17,2.0,2.0,2.0,2.0
26,2,18,1.0,1.0,1.0,1.0
26,2,19,3.0,3.0,2.0,2.6666666666666665
26,2,20,1.0,1.0,1.0,1.0
26,2,21,2.0,2.0,2.0,2.0
26,2,22,,1.0,2.0,1.5
26,2,23,3.0,3.0,2.0,2.6666666666666665
26,2,24,1.0,1.0,1.0,1.0
26,2,25,3.0,3.0,2.0,2.6666666666666665
26,2,26,1.0,1.0,1.0,1.0
26,2,27,3.0,3.0,2.0,2.6666666666666665
26,2,28,1.0,1.0,1.0,1.0
26,2,29,3.0,3.0,2.0,2.6666666666666665
26,2,30,1.0,1.0,1.0,1.0
26,2,31,3.0,3.0,2.0,2.6666666666666665
26,2,32,1.0,1.0,1.0,1.0
26,2,33,3.0,3.0,2.0,2.6666666666666665
26,2,34,1.0,1.0,1.0,1.0
26,2,35,3.0,3.0,2.0,2.6666666666666665
26,2,36,3.0,3.0,4.0,3.3333333333333335
26,2,37,,2.0,3.0,2.5
26,2,38,1.0,1.0,1.0,1.0
26,2,39,3.0,3.0,3.0,3.0
26,1,0,1.0,1.0,2.0,1.3333333333333333
26,1,1,1.0,1.0,3.0,1.6666666666666667
26,1,2,1.0,2.0,3.0,2.0
26,1,3,2.0,3.0,1.0,2.0
26,1,4,3.0,3.0,2.0,2.6666666666666665
26,1,5,3.0,3.0,2.0,2.6666666666666665
26,1,6,1.0,1.0,1.0,1.0
26,1,7,2.0,2.0,2.0,2.0
26,1,8,1.0,1.0,2.0,1.3333333333333333
26,1,9,2.0,2.0,2.0,2.0
26,1,10,1.0,1.0,1.0,1.0
26,1,11,2.0,3.0,2.0,2.3333333333333335
26,1,12,2.0,1.0,1.0,1.3333333333333333
26,1,13,3.0,2.0,2.0,2.3333333333333335
26,1,14,3.0,3.0,4.0,3.3333333333333335
26,1,15,3.0,3.0,2.0,2.6666666666666665
26,1,16,1.0,1.0,1.0,1.0
26,1,17,2.0,2.0,2.0,2.0
26,1,18,1.0,1.0,1.0,1.0
26,1,19,2.0,2.0,2.0,2.0
26,1,20,1.0,2.0,1.0,1.3333333333333333
26,1,21,3.0,2.0,2.0,2.3333333333333335
26,1,22,1.0,1.0,1.0,1.0
26,1,23,3.0,4.0,2.0,3.0
26,1,24,1.0,1.0,1.0,1.0
26,1,25,3.0,2.0,2.0,2.3333333333333335
26,1,26,1.0,1.0,1.0,1.0
26,1,27,2.0,2.0,2.0,2.0
26,1,28,1.0,1.0,1.0,1.0
26,1,29,2.0,2.0,2.0,2.0
26,1,30,1.0,1.0,1.0,1.0
26,1,31,3.0,3.0,2.0,2.6666666666666665
26,1,32,2.0,3.0,3.0,2.6666666666666665
26,1,33,,2.0,2.0,2.0
26,1,34,1.0,1.0,2.0,1.3333333333333333
26,1,35,3.0,3.0,2.0,2.6666666666666665
26,1,36,1.0,1.0,1.0,1.0
26,1,37,,2.0,2.0,2.0
26,1,38,1.0,1.0,1.0,1.0
26,1,39,3.0,3.0,2.0,2.6666666666666665
19,2,0,1.0,1.0,1.0,1.0
19,2,1,1.0,1.0,1.0,1.0
19,2,2,1.0,1.0,1.0,1.0
19,2,3,3.0,2.0,2.0,2.3333333333333335
19,2,4,3.0,3.0,2.0,2.6666666666666665
19,2,5,2.0,2.0,2.0,2.0
19,2,6,1.0,1.0,1.0,1.0
19,2,7,3.0,3.0,3.0,3.0
19,2,8,1.0,1.0,1.0,1.0
19,2,9,2.0,2.0,2.0,2.0
19,2,10,1.0,1.0,1.0,1.0
19,2,11,2.0,3.0,2.0,2.3333333333333335
19,2,12,1.0,1.0,1.0,1.0
19,2,13,2.0,2.0,2.0,2.0
19,2,14,1.0,1.0,1.0,1.0
19,2,15,2.0,2.0,2.0,2.0
19,2,16,1.0,1.0,1.0,1.0
19,2,17,2.0,1.0,1.0,1.3333333333333333
19,2,18,1.0,1.0,1.0,1.0
19,2,19,3.0,3.0,2.0,2.6666666666666665
19,2,20,1.0,1.0,1.0,1.0
19,2,21,2.0,2.0,2.0,2.0
19,2,22,1.0,1.0,1.0,1.0
19,2,23,3.0,2.0,2.0,2.3333333333333335
19,2,24,1.0,1.0,1.0,1.0
19,2,25,2.0,2.0,2.0,2.0
19,2,26,1.0,1.0,1.0,1.0
19,2,27,3.0,3.0,3.0,3.0
19,2,28,1.0,1.0,1.0,1.0
19,2,29,2.0,2.0,2.0,2.0
19,2,30,1.0,1.0,1.0,1.0
19,2,31,2.0,3.0,2.0,2.3333333333333335
19,2,32,1.0,1.0,1.0,1.0
19,2,33,2.0,2.0,2.0,2.0
19,2,34,1.0,1.0,1.0,1.0
19,2,35,2.0,2.0,2.0,2.0
19,2,36,1.0,1.0,1.0,1.0
19,2,37,2.0,1.0,1.0,1.3333333333333333
19,2,38,1.0,1.0,1.0,1.0
19,2,39,3.0,2.0,2.0,2.3333333333333335
19,1,0,1.0,1.0,1.0,1.0
19,1,1,1.0,1.0,1.0,1.0
19,1,2,1.0,1.0,1.0,1.0
19,1,3,,3.0,2.0,2.5
19,1,4,3.0,3.0,1.0,2.3333333333333335
19,1,5,3.0,3.0,2.0,2.6666666666666665
19,1,6,1.0,1.0,1.0,1.0
19,1,7,3.0,3.0,2.0,2.6666666666666665
19,1,8,1.0,1.0,1.0,1.0
19,1,9,3.0,2.0,2.0,2.3333333333333335
19,1,10,1.0,1.0,1.0,1.0
19,1,11,2.0,2.0,1.0,1.6666666666666667
19,1,12,1.0,1.0,1.0,1.0
19,1,13,2.0,1.0,1.0,1.3333333333333333
19,1,14,1.0,1.0,1.0,1.0
19,1,15,3.0,3.0,3.0,3.0
19,1,16,1.0,1.0,1.0,1.0
19,1,17,2.0,2.0,2.0,2.0
19,1,18,1.0,1.0,1.0,1.0
19,1,19,1.0,1.0,1.0,1.0
19,1,20,1.0,1.0,1.0,1.0
19,1,21,2.0,2.0,2.0,2.0
19,1,22,1.0,1.0,1.0,1.0
19,1,23,2.0,2.0,2.0,2.0
19,1,24,1.0,1.0,1.0,1.0
19,1,25,3.0,2.0,2.0,2.3333333333333335
19,1,26,1.0,1.0,1.0,1.0
19,1,27,2.0,2.0,2.0,2.0
19,1,28,1.0,1.0,1.0,1.0
19,1,29,2.0,3.0,2.0,2.3333333333333335
19,1,30,1.0,1.0,1.0,1.0
19,1,31,2.0,2.0,2.0,2.0
19,1,32,1.0,1.0,1.0,1.0
19,1,33,2.0,1.0,1.0,1.3333333333333333
19,1,34,1.0,1.0,1.0,1.0
19,1,35,3.0,2.0,3.0,2.6666666666666665
19,1,36,1.0,1.0,1.0,1.0
19,1,37,3.0,3.0,2.0,2.6666666666666665
19,1,38,1.0,1.0,1.0,1.0
19,1,39,1.0,1.0,1.0,1.0
17,2,0,1.0,1.0,1.0,1.0
17,2,1,1.0,1.0,1.0,1.0
17,2,2,1.0,1.0,1.0,1.0
17,2,3,3.0,2.0,3.0,2.6666666666666665
17,2,4,3.0,2.0,2.0,2.3333333333333335
17,2,5,3.0,2.0,2.0,2.3333333333333335
17,2,6,1.0,1.0,1.0,1.0
17,2,7,4.0,3.0,4.0,3.6666666666666665
17,2,8,1.0,1.0,2.0,1.3333333333333333
17,2,9,2.0,2.0,3.0,2.3333333333333335
17,2,10,1.0,1.0,1.0,1.0
17,2,11,3.0,2.0,3.0,2.6666666666666665
17,2,12,1.0,1.0,1.0,1.0
17,2,13,3.0,2.0,3.0,2.6666666666666665
17,2,14,1.0,1.0,,1.0
17,2,15,2.0,2.0,2.0,2.0
17,2,16,1.0,1.0,1.0,1.0
17,2,17,3.0,2.0,3.0,2.6666666666666665
17,2,18,1.0,1.0,2.0,1.3333333333333333
17,2,19,3.0,2.0,4.0,3.0
17,2,20,1.0,1.0,1.0,1.0
17,2,21,4.0,2.0,3.0,3.0
17,2,22,1.0,1.0,1.0,1.0
17,2,23,3.0,2.0,3.0,2.6666666666666665
17,2,24,1.0,1.0,1.0,1.0
17,2,25,3.0,2.0,2.0,2.3333333333333335
17,2,26,1.0,1.0,1.0,1.0
17,2,27,4.0,2.0,3.0,3.0
17,2,28,1.0,1.0,2.0,1.3333333333333333
17,2,29,4.0,2.0,3.0,3.0
17,2,30,1.0,1.0,1.0,1.0
17,2,31,3.0,2.0,2.0,2.3333333333333335
17,2,32,1.0,1.0,1.0,1.0
17,2,33,3.0,2.0,2.0,2.3333333333333335
17,2,34,1.0,1.0,1.0,1.0
17,2,35,2.0,2.0,2.0,2.0
17,2,36,1.0,1.0,1.0,1.0
17,2,37,3.0,2.0,2.0,2.3333333333333335
17,2,38,1.0,1.0,2.0,1.3333333333333333
17,2,39,4.0,2.0,3.0,3.0
17,1,0,1.0,1.0,1.0,1.0
17,1,1,1.0,1.0,2.0,1.3333333333333333
17,1,2,1.0,1.0,2.0,1.3333333333333333
17,1,3,2.0,2.0,2.0,2.0
17,1,4,3.0,2.0,3.0,2.6666666666666665
17,1,5,3.0,3.0,3.0,3.0
17,1,6,1.0,1.0,2.0,1.3333333333333333
17,1,7,3.0,3.0,3.0,3.0
17,1,8,1.0,1.0,1.0,1.0
17,1,9,2.0,2.0,2.0,2.0
17,1,10,2.0,1.0,1.0,1.3333333333333333
17,1,11,3.0,2.0,3.0,2.6666666666666665
17,1,12,1.0,1.0,1.0,1.0
17,1,13,2.0,2.0,3.0,2.3333333333333335
17,1,14,1.0,1.0,2.0,1.3333333333333333
17,1,15,2.0,2.0,2.0,2.0
17,1,16,1.0,1.0,1.0,1.0
17,1,17,3.0,2.0,3.0,2.6666666666666665
17,1,18,1.0,1.0,1.0,1.0
17,1,19,3.0,2.0,3.0,2.6666666666666665
17,1,20,1.0,1.0,1.0,1.0
17,1,21,3.0,2.0,3.0,2.6666666666666665
17,1,22,2.0,1.0,1.0,1.3333333333333333
17,1,23,2.0,2.0,2.0,2.0
17,1,24,2.0,1.0,2.0,1.6666666666666667
17,1,25,3.0,2.0,3.0,2.6666666666666665
17,1,26,1.0,1.0,1.0,1.0
17,1,27,2.0,2.0,3.0,2.3333333333333335
17,1,28,1.0,2.0,2.0,1.6666666666666667
17,1,29,3.0,2.0,3.0,2.6666666666666665
17,1,30,1.0,1.0,1.0,1.0
17,1,31,3.0,2.0,3.0,2.6666666666666665
17,1,32,1.0,1.0,2.0,1.3333333333333333
17,1,33,3.0,2.0,3.0,2.6666666666666665
17,1,34,1.0,1.0,2.0,1.3333333333333333
17,1,35,3.0,2.0,3.0,2.6666666666666665
17,1,36,1.0,1.0,1.0,1.0
17,1,37,3.0,2.0,3.0,2.6666666666666665
17,1,38,1.0,1.0,1.0,1.0
17,1,39,3.0,2.0,3.0,2.6666666666666665
10,2,0,1.0,1.0,1.0,1.0
10,2,1,2.0,2.0,1.0,1.6666666666666667
10,2,2,1.0,1.0,1.0,1.0
10,2,3,4.0,4.0,4.0,4.0
10,2,4,3.0,3.0,3.0,3.0
10,2,5,3.0,3.0,3.0,3.0
10,2,6,1.0,1.0,1.0,1.0
10,2,7,4.0,4.0,4.0,4.0
10,2,8,2.0,2.0,1.0,1.6666666666666667
10,2,9,2.0,2.0,3.0,2.3333333333333335
10,2,10,1.0,1.0,1.0,1.0
10,2,11,3.0,3.0,3.0,3.0
10,2,12,1.0,1.0,1.0,1.0
10,2,13,4.0,4.0,4.0,4.0
10,2,14,1.0,1.0,1.0,1.0
10,2,15,4.0,4.0,4.0,4.0
10,2,16,2.0,1.0,1.0,1.3333333333333333
10,2,17,4.0,4.0,4.0,4.0
10,2,18,1.0,1.0,1.0,1.0
10,2,19,4.0,4.0,4.0,4.0
10,2,20,1.0,1.0,1.0,1.0
10,2,21,3.0,3.0,3.0,3.0
10,2,22,1.0,1.0,1.0,1.0
10,2,23,4.0,4.0,4.0,4.0
10,2,24,1.0,1.0,1.0,1.0
10,2,25,3.0,3.0,3.0,3.0
10,2,26,1.0,1.0,1.0,1.0
10,2,27,3.0,3.0,3.0,3.0
10,2,28,1.0,1.0,1.0,1.0
10,2,29,2.0,2.0,3.0,2.3333333333333335
10,2,30,1.0,1.0,1.0,1.0
10,2,31,3.0,3.0,3.0,3.0
10,2,32,1.0,1.0,1.0,1.0
10,2,33,4.0,4.0,4.0,4.0
10,2,34,1.0,1.0,1.0,1.0
10,2,35,4.0,4.0,4.0,4.0
10,2,36,1.0,1.0,1.0,1.0
10,2,37,4.0,4.0,4.0,4.0
10,2,38,2.0,1.0,1.0,1.3333333333333333
10,2,39,4.0,4.0,4.0,4.0
10,1,0,3.0,2.0,3.0,2.6666666666666665
10,1,1,1.0,1.0,2.0,1.3333333333333333
10,1,2,1.0,1.0,2.0,1.3333333333333333
10,1,3,3.0,3.0,3.0,3.0
10,1,4,4.0,4.0,4.0,4.0
10,1,5,4.0,4.0,4.0,4.0
10,1,6,1.0,1.0,2.0,1.3333333333333333
10,1,7,3.0,3.0,3.0,3.0
10,1,8,1.0,1.0,1.0,1.0
10,1,9,3.0,3.0,3.0,3.0
10,1,10,1.0,1.0,1.0,1.0
10,1,11,3.0,3.0,3.0,3.0
10,1,12,1.0,1.0,2.0,1.3333333333333333
10,1,13,3.0,3.0,4.0,3.3333333333333335
10,1,14,,2.0,1.0,1.5
10,1,15,4.0,4.0,4.0,4.0
10,1,16,2.0,2.0,1.0,1.6666666666666667
10,1,17,3.0,3.0,4.0,3.3333333333333335
10,1,18,2.0,1.0,2.0,1.6666666666666667
10,1,19,2.0,2.0,3.0,2.3333333333333335
10,1,20,1.0,1.0,1.0,1.0
10,1,21,3.0,3.0,3.0,3.0
10,1,22,1.0,1.0,1.0,1.0
10,1,23,3.0,3.0,3.0,3.0
10,1,24,1.0,1.0,1.0,1.0
10,1,25,4.0,4.0,4.0,4.0
10,1,26,1.0,1.0,2.0,1.3333333333333333
10,1,27,3.0,3.0,3.0,3.0
10,1,28,1.0,1.0,1.0,1.0
10,1,29,3.0,3.0,3.0,3.0
10,1,30,2.0,1.0,1.0,1.3333333333333333
10,1,31,3.0,3.0,3.0,3.0
10,1,32,1.0,1.0,1.0,1.0
10,1,33,3.0,4.0,3.0,3.3333333333333335
10,1,34,1.0,1.0,1.0,1.0
10,1,35,4.0,4.0,4.0,4.0
10,1,36,1.0,1.0,1.0,1.0
10,1,37,4.0,4.0,4.0,4.0
10,1,38,1.0,1.0,1.0,1.0
10,1,39,2.0,2.0,3.0,2.3333333333333335
0,1,0,1.0,1.0,2.0,1.3333333333333333
0,1,1,1.0,1.0,1.0,1.0
0,1,2,1.0,1.0,2.0,1.3333333333333333
0,1,3,2.0,3.0,3.0,2.6666666666666665
0,1,4,3.0,4.0,3.0,3.3333333333333335
0,1,5,3.0,4.0,4.0,3.6666666666666665
0,1,6,1.0,1.0,1.0,1.0
0,1,7,3.0,3.0,4.0,3.3333333333333335
0,1,8,1.0,1.0,2.0,1.3333333333333333
0,1,9,4.0,3.0,4.0,3.6666666666666665
0,1,10,2.0,1.0,2.0,1.6666666666666667
0,1,11,3.0,3.0,2.0,2.6666666666666665
0,1,12,2.0,1.0,2.0,1.6666666666666667
0,1,13,4.0,4.0,4.0,4.0
0,1,14,1.0,1.0,,1.0
0,1,15,2.0,3.0,4.0,3.0
0,1,16,2.0,1.0,1.0,1.3333333333333333
0,1,17,4.0,4.0,3.0,3.6666666666666665
0,1,18,1.0,1.0,1.0,1.0
0,1,19,4.0,3.0,3.0,3.3333333333333335
0,1,20,1.0,1.0,2.0,1.3333333333333333
0,1,21,4.0,3.0,3.0,3.3333333333333335
0,1,22,1.0,1.0,1.0,1.0
0,1,23,3.0,3.0,,3.0
0,1,24,3.0,1.0,1.0,1.6666666666666667
0,1,25,4.0,4.0,4.0,4.0
0,1,26,1.0,1.0,1.0,1.0
0,1,27,4.0,4.0,,4.0
0,1,28,1.0,1.0,2.0,1.3333333333333333
0,1,29,1.0,3.0,3.0,2.3333333333333335
0,1,30,1.0,1.0,1.0,1.0
0,1,31,3.0,3.0,2.0,2.6666666666666665
0,1,32,1.0,1.0,2.0,1.3333333333333333
0,1,33,4.0,4.0,4.0,4.0
0,1,34,1.0,1.0,2.0,1.3333333333333333
0,1,35,3.0,3.0,4.0,3.3333333333333335
0,1,36,1.0,1.0,1.0,1.0
0,1,37,3.0,4.0,4.0,3.6666666666666665
0,1,38,1.0,1.0,1.0,1.0
0,1,39,4.0,4.0,4.0,4.0
