subject,session,trial_type,block_onset,block_mean_fd
1,S1,neutral,0.0140524999997069,0.1638197249999999
1,S1,neutral,18.036224499999665,0.21543647
1,S1,neutral,36.06750289999991,0.1817486279999999
1,S1,infection,54.09923959999969,0.143762476
1,S1,infection,72.20405039999969,0.1678042179999999
1,S1,infection,90.16069079999988,0.1201030919999999
1,S1,neutral,108.19259250000005,0.1126953999999999
1,S1,infection,126.2233624999999,0.0953596899999999
1,S1,neutral,144.25757829999975,0.1490358199999999
1,S1,infection,162.28653050000003,0.0911043499999999
1,S1,neutral,180.3189855999999,0.1556403499999999
1,S1,infection,198.3474013,0.1031038599999999
1,S1,neutral,216.38068380000004,0.1386924399999999
1,S1,infection,234.4118503,0.1861784799999999
1,S1,neutral,252.4451326999997,0.1082189399999999
1,S1,infection,270.47521789999973,0.1274300799999999
1,S1,neutral,288.50681459999987,0.0799101999999999
1,S1,infection,306.5387089999999,0.1833212999999999
1,S1,neutral,324.57019139999966,0.1580633999999999
1,S1,infection,342.602899,0.1353179999999999
1,S1,neutral,360.6332322999997,0.1183102999999999
1,S1,infection,378.66461409999965,0.1202144
1,S1,neutral,396.69671549999975,0.21861434
1,S1,infection,414.7269183999997,0.22504288
1,S1,neutral,432.7576068999997,0.1946097799999999
1,S1,infection,450.7889563999997,0.0982171339999999
1,S1,neutral,468.821578,0.1167625899999999
1,S1,infection,486.85148260000005,0.20614629
1,S1,neutral,504.8825735999999,0.1493721999999999
1,S1,infection,522.9126839999999,0.0863313999999999
1,S1,neutral,540.9452683999998,0.1191171999999999
1,S1,infection,558.9742461000001,0.1888168999999999
1,S1,neutral,577.0063147000001,0.0898399166666666
1,S1,infection,595.0370705,0.1184484999999999
1,S1,neutral,613.0693799000001,0.1383034833333332
1,S1,infection,631.1005491000001,0.1290165166666666
1,S1,neutral,649.1295187000001,0.1278990833333332
1,S1,infection,667.1618579000001,0.0989836333333332
1,S1,neutral,685.1939434000001,0.1886782749999999
1,S1,infection,703.2235734999999,0.1734804166666666
1,S2,neutral,0.0301753000003373,0.1638197249999999
1,S2,neutral,18.036579500000244,0.21543647
1,S2,neutral,36.06823720000011,0.1817486279999999
1,S2,infection,54.0984083000003,0.143762476
1,S2,infection,72.12964200000033,0.1678042179999999
1,S2,infection,90.1610501,0.1201030919999999
1,S2,neutral,108.19391489999998,0.1126953999999999
1,S2,infection,126.22305800000004,0.0953596899999999
1,S2,neutral,144.25457310000002,0.1490358199999999
1,S2,infection,162.28622339999993,0.0911043499999999
1,S2,neutral,180.3170460000001,0.1556403499999999
1,S2,infection,198.3489371999999,0.1031038599999999
1,S2,neutral,216.38060750000025,0.1386924399999999
1,S2,infection,234.4106922999999,0.1861784799999999
1,S2,neutral,252.4417493999999,0.1082189399999999
1,S2,infection,270.4722088000003,0.1274300799999999
1,S2,neutral,288.50452940000014,0.0799101999999999
1,S2,infection,306.5366773999999,0.1833212999999999
1,S2,neutral,324.5656547000003,0.1580633999999999
1,S2,infection,342.59783530000004,0.1353179999999999
1,S2,neutral,360.62816010000006,0.1183102999999999
1,S2,infection,378.6617607000003,0.1202144
1,S2,neutral,396.69133880000027,0.21861434
1,S2,infection,414.7226206,0.22504288
1,S2,neutral,432.755001,0.1946097799999999
1,S2,infection,450.7853579000002,0.0982171339999999
1,S2,neutral,468.8166126000001,0.1167625899999999
1,S2,infection,486.8475566000002,0.20614629
1,S2,neutral,504.87822380000034,0.1493721999999999
1,S2,infection,522.9098936,0.0863313999999999
1,S2,neutral,540.9408353000003,0.1191171999999999
1,S2,infection,558.9717802,0.1888168999999999
1,S2,neutral,577.0039964000002,0.0898399166666666
1,S2,infection,595.033484,0.1184484999999999
1,S2,neutral,613.065764,0.1383034833333332
1,S2,infection,631.0962090000003,0.1290165166666666
1,S2,neutral,649.1277493000002,0.1278990833333332
1,S2,infection,667.1595310000002,0.0989836333333332
1,S2,neutral,685.1906915,0.1886782749999999
1,S2,infection,703.2221187,0.1734804166666666
2,S1,neutral,0.0048408000002382,0.1281264960249999
2,S1,neutral,18.042448899999727,0.1476641883599999
2,S1,neutral,36.07274679999682,0.2566281128
2,S1,infection,54.10542239999632,0.1147591982999999
2,S1,infection,72.20980499999132,0.13994689
2,S1,infection,90.16642110000248,0.2263788809999999
2,S1,neutral,108.1994854999939,0.14634982
2,S1,infection,126.23029049999604,0.1770058859999999
2,S1,neutral,144.26334619999398,0.2808132278339999
2,S1,infection,162.29511049999564,0.1535527499999999
2,S1,neutral,180.32524879999983,0.2009131679999999
2,S1,infection,198.35826589999488,0.5803215820000001
2,S1,neutral,216.3893604999903,0.1457378299999999
2,S1,infection,234.42065050000383,0.0947480619999999
2,S1,neutral,252.45082489999183,0.1725977502
2,S1,infection,270.4834594999993,0.1544437691999999
2,S1,neutral,288.514597100002,0.1357469719999999
2,S1,infection,306.5463127999974,0.1993640699999999
2,S1,neutral,324.5787508999929,0.1357167999999999
2,S1,infection,342.61076440000033,0.1863926
2,S1,neutral,360.6411507000011,0.1940913799999999
2,S1,infection,378.67188460000034,0.1511830599999999
2,S1,neutral,396.7038704000006,0.48673534
2,S1,infection,414.73266290000174,0.1310816
2,S1,neutral,432.76653480000095,0.2368413999999999
2,S1,infection,450.7946531999914,0.4184443
2,S1,neutral,468.826292800004,0.1662490999999999
2,S1,infection,486.8592305999919,0.1762558999999999
2,S1,neutral,504.8885289000027,0.2644353
2,S1,infection,522.9196472999902,0.1318516
2,S1,neutral,540.9508138999954,0.2755506
2,S1,infection,558.9827708999946,0.282703
2,S1,neutral,577.0139039999922,0.18341
2,S1,infection,595.0426474999986,0.4239129999999999
2,S1,neutral,613.0749941999966,0.1465099466666667
2,S1,infection,631.1052684000024,0.183636119
2,S1,neutral,649.1370353999955,0.3835338166666664
2,S1,infection,667.1685824000015,0.2287565833333334
2,S1,neutral,685.1985896999977,0.3383099166666666
2,S1,infection,703.2307043000037,0.3252482499999998
2,S2,neutral,0.0048408000002382,0.0992896494499999
2,S2,neutral,18.042448899999727,0.27102587
2,S2,neutral,36.07274679999682,0.335552272
2,S2,infection,54.10542239999632,0.1397304679999999
2,S2,infection,72.20980499999132,0.2005976259999999
2,S2,infection,90.16642110000248,0.2180350299999999
2,S2,neutral,108.1994854999939,0.2264965419999999
2,S2,infection,126.23029049999604,0.2976569099999999
2,S2,neutral,144.26334619999398,0.26152306
2,S2,infection,162.29511049999564,0.1046300399999999
2,S2,neutral,180.32524879999983,0.3645885399999999
2,S2,infection,198.35826589999488,0.1851090999999999
2,S2,neutral,216.3893604999903,0.0970461179999999
2,S2,infection,234.42065050000383,0.10730694
2,S2,neutral,252.45082489999183,0.1633485499999999
2,S2,infection,270.4834594999993,0.1443984048
2,S2,neutral,288.514597100002,0.2796372539999999
2,S2,infection,306.5463127999974,0.16510754
2,S2,neutral,324.5787508999929,0.27558273
2,S2,infection,342.61076440000033,0.2302057799999999
2,S2,neutral,360.6411507000011,0.4109955099999999
2,S2,infection,378.67188460000034,0.2151686199999999
2,S2,neutral,396.7038704000006,0.1746757109999999
2,S2,infection,414.73266290000174,0.245618714
2,S2,neutral,432.76653480000095,0.2296234099999999
2,S2,infection,450.7946531999914,0.1577916399999999
2,S2,neutral,468.826292800004,0.1752463399999999
2,S2,infection,486.8592305999919,0.23244084
2,S2,neutral,504.8885289000027,0.28516306
2,S2,infection,522.9196472999902,0.34833371
2,S2,neutral,540.9508138999954,0.2328759999999999
2,S2,infection,558.9827708999946,0.448254618
2,S2,neutral,577.0139039999922,0.2293318166666666
2,S2,infection,595.0426474999986,0.2429876899999999
2,S2,neutral,613.0749941999966,0.4516991949999999
2,S2,infection,631.1052684000024,0.1787381066666666
2,S2,neutral,649.1370353999955,0.2170403416666666
2,S2,infection,667.1685824000015,0.2705980333333333
2,S2,neutral,685.1985896999977,0.2980857833333333
2,S2,infection,703.2307043000037,0.5321662916666666
5,S1,neutral,0.0075077999990753,0.0923543224999999
5,S1,neutral,18.04705610000019,0.1082609572
5,S1,neutral,36.08030719999988,0.128931708
5,S1,infection,54.11069209999914,0.0855906459999999
5,S1,infection,72.21426040000006,0.1066722579999999
5,S1,infection,90.17246890000024,0.0929024319999999
5,S1,neutral,108.20512359999884,0.0953105559999999
5,S1,infection,126.23682299999928,0.1082442789999999
5,S1,neutral,144.26724280000053,0.1256521919999999
5,S1,infection,162.29937529999916,0.0902438459999999
5,S1,neutral,180.33064299999933,0.1393349715999999
5,S1,infection,198.36239889999888,0.0826106699999999
5,S1,neutral,216.39424039999903,0.0819810099999999
5,S1,infection,234.426125,0.13976573
5,S1,neutral,252.45753779999905,0.1154188399999999
5,S1,infection,270.4883570999991,0.1064473629999999
5,S1,neutral,288.5205193999991,0.2096889099999999
5,S1,infection,306.55170609999914,0.1614448099999999
5,S1,neutral,324.58200360000046,0.0982301699999999
5,S1,infection,342.61349580000024,0.10274055
5,S1,neutral,360.6462021999996,0.1889221539999999
5,S1,infection,378.6785216999997,0.1068605659999999
5,S1,neutral,396.7095484999991,0.15286164
5,S1,infection,414.7388069999997,0.128249
5,S1,neutral,432.7704675999994,0.1616804299999999
5,S1,infection,450.8017708999996,0.1162868599999999
5,S1,neutral,468.8329938000006,0.1010000167999999
5,S1,infection,486.8632383000004,0.1783116799999999
5,S1,neutral,504.89393149999887,0.2161045399999999
5,S1,infection,522.9253377000005,0.1097295999999999
5,S1,neutral,540.9567850000003,0.1561021699999999
5,S1,infection,558.9862715999989,0.1343012099999999
5,S1,neutral,577.018632199999,0.5838719916666666
5,S1,infection,595.0485709999994,0.1564070666666666
5,S1,neutral,613.0799454999997,0.2139697
5,S1,infection,631.1103251999994,0.3264419333333332
5,S1,neutral,649.1425851000004,0.1905413999999999
5,S1,infection,667.1728901999995,0.2780970916666667
5,S1,neutral,685.2052949999998,0.199882845
5,S1,infection,703.2365897,0.1747638399999999
5,S2,neutral,0.0050764999996317,0.1336271999999999
5,S2,neutral,18.0442994999994,0.1156471873999999
5,S2,neutral,36.07693549999931,0.1251033802999999
5,S2,infection,54.10816639999939,0.114108718
5,S2,infection,72.21152970000003,0.1038141879999999
5,S2,infection,90.17021410000052,0.0762297609999999
5,S2,neutral,108.20093520000046,0.169461488
5,S2,infection,126.23187590000089,0.0874427743999999
5,S2,neutral,144.2619025999993,0.1189792704
5,S2,infection,162.2949150000004,0.1505544399999999
5,S2,neutral,180.32589580000052,0.0978648079999999
5,S2,infection,198.35748760000024,0.1116421159999999
5,S2,neutral,216.3879625999998,0.109328668
5,S2,infection,234.4184796999998,0.1566384656
5,S2,neutral,252.45095720000063,0.111200946
5,S2,infection,270.4817444,0.1131139799999999
5,S2,neutral,288.5127568000007,0.0836036319999999
5,S2,infection,306.5430436000006,0.1156045399999999
5,S2,neutral,324.5774041000004,0.1476155297999999
5,S2,infection,342.6060484000009,0.1298098999999999
5,S2,neutral,360.6383299000008,0.1125630139999999
5,S2,infection,378.6696793999999,0.1522951867999999
5,S2,neutral,396.6997427999995,0.0982337190999999
5,S2,infection,414.73074160000033,0.1270991503
5,S2,neutral,432.7617771000005,0.2756947099999999
5,S2,infection,450.7942898000001,0.2066014566199999
5,S2,neutral,468.8247546999992,0.1133226699999999
5,S2,infection,486.8549810000004,0.28943208
5,S2,neutral,504.8869438999991,0.1240287699999999
5,S2,infection,522.9166877999996,0.1023190539999999
5,S2,neutral,540.9486756000006,0.1190092899999999
5,S2,infection,558.9794999000005,0.1707052299999999
5,S2,neutral,577.0132632999994,0.1712204166666666
5,S2,infection,595.0428659000008,0.2513531516666666
5,S2,neutral,613.0743115999994,0.3064640816666666
5,S2,infection,631.1064385000009,0.1485683583333333
5,S2,neutral,649.1356565999995,0.1386637816666666
5,S2,infection,667.1687708999998,0.1889971791666666
5,S2,neutral,685.1984162000008,0.1814594733333332
5,S2,infection,703.2311320999997,0.1345293383333332
7,S1,neutral,0.004782799995155,0.1424686554999999
7,S1,neutral,18.043745399991167,0.1739863569999999
7,S1,neutral,36.0737131999922,0.1695580129999999
7,S1,infection,54.10670049999317,0.1475994856
7,S1,infection,72.21273709999514,0.190742938
7,S1,infection,90.16917419999665,0.196591659
7,S1,neutral,108.20020909998856,0.1617773979999999
7,S1,infection,126.2305495999899,0.2254241139999999
7,S1,neutral,144.26253639999777,0.196324684
7,S1,infection,162.293193599995,0.1910037679999999
7,S1,neutral,180.32522600000084,0.27376054
7,S1,infection,198.3561532999884,0.176469478
7,S1,neutral,216.3892773999978,0.1528727379999999
7,S1,infection,234.42017459998897,0.136849406
7,S1,neutral,252.45133440000063,0.1615947099999999
7,S1,infection,270.4822739999945,0.229718124
7,S1,neutral,288.5139893000014,0.1223274347999999
7,S1,infection,306.54704469999706,0.1682401099999999
7,S1,neutral,324.5771451999899,0.2684313596
7,S1,infection,342.60948459999054,0.1837799047999999
7,S1,neutral,360.6411223999894,0.18366595
7,S1,infection,378.671783999991,0.16648084
7,S1,neutral,396.7032177999936,0.1748695118399999
7,S1,infection,414.7362318999949,0.1340365199999999
7,S1,neutral,432.7662975999992,0.1539816399999999
7,S1,infection,450.798100999993,0.1489912319999999
7,S1,neutral,468.8295050000015,0.1368185719999999
7,S1,infection,486.8584690999997,0.1943012539999999
7,S1,neutral,504.8912746999995,0.1953225199999999
7,S1,infection,522.9200716999912,0.1725336919999999
7,S1,neutral,540.9529454000003,0.208310264
7,S1,infection,558.9829615999915,0.17564386
7,S1,neutral,577.0145364999917,0.1331037416666666
7,S1,infection,595.0453406999877,0.1772509833333333
7,S1,neutral,613.0783544000005,0.1834843249999999
7,S1,infection,631.1077005999978,0.1212833999999999
7,S1,neutral,649.1392664999876,0.2250398033333333
7,S1,infection,667.1705232999957,0.1612767499999999
7,S1,neutral,685.2002783999924,0.2031741883333333
7,S1,infection,703.2334113999968,0.2425672166666666
7,S2,neutral,0.022834999996121,0.0671278774999999
7,S2,neutral,18.046991600000183,0.15984152576
7,S2,neutral,36.077274700001,0.193373344
7,S2,infection,54.109582299992326,0.2461477119999999
7,S2,infection,72.14068179999595,0.139802298
7,S2,infection,90.17043909999484,0.1823687439999999
7,S2,neutral,108.20261599999505,0.2520103378
7,S2,infection,126.2329633999907,0.1889856379999999
7,S2,neutral,144.26527449999412,0.1747719129
7,S2,infection,162.29698620000272,0.1947371259999999
7,S2,neutral,180.3259079999989,0.22125528
7,S2,infection,198.3574891999888,0.134288902
7,S2,neutral,216.38883549999449,0.1433186399999999
7,S2,infection,234.4201777999988,0.2034159279999999
7,S2,neutral,252.45142549999585,0.180429452
7,S2,infection,270.4822349000024,0.1805360139999999
7,S2,neutral,288.5135898000008,0.1468244899999999
7,S2,infection,306.5440191999951,0.1999850839999999
7,S2,neutral,324.575914999994,0.188021356
7,S2,infection,342.6064358000003,0.181138622
7,S2,neutral,360.6385004999902,0.0806298679999999
7,S2,infection,378.6699279000022,0.171055518
7,S2,neutral,396.6998822000023,0.2231648
7,S2,infection,414.7325011999928,0.1287194439999999
7,S2,neutral,432.7626573000016,0.1198095019999999
7,S2,infection,450.79447609999625,0.1152752559999999
7,S2,neutral,468.8263527999952,0.1763826759999999
7,S2,infection,486.8568191999948,0.1405390799999999
7,S2,neutral,504.8875936999975,0.1445577029999999
7,S2,infection,522.9188659999927,0.1006247996
7,S2,neutral,540.9512123000022,0.1618801899999999
7,S2,infection,558.9813026999909,0.1865485971999999
7,S2,neutral,577.0120312999934,0.1285871716666665
7,S2,infection,595.0441429999919,0.1576751149999999
7,S2,neutral,613.0757881999889,0.2134802166666666
7,S2,infection,631.1066537000006,0.1828138233333333
7,S2,neutral,649.1364885999938,0.1976245166666666
7,S2,infection,667.1685585999949,0.1691834316666666
7,S2,neutral,685.2006278999906,0.22705013
7,S2,infection,703.2301672999893,0.1608603466666666
8,S1,neutral,0.0073381000111112,0.1080204462499999
8,S1,neutral,18.03467210000963,0.2096401989999999
8,S1,neutral,36.06598900000972,0.185182424
8,S1,infection,54.098465900009614,0.1401997306
8,S1,infection,72.20162820001133,0.0916087089999999
8,S1,infection,90.15966290001234,0.0628068399999999
8,S1,neutral,108.19307470000058,0.16343691
8,S1,infection,126.2249201000086,0.141895556
8,S1,neutral,144.25464900000952,0.079520282
8,S1,infection,162.2871712000051,0.181884402
8,S1,neutral,180.3180405000021,0.168588514
8,S1,infection,198.3512195000076,0.2474979219999999
8,S1,neutral,216.3819549000036,0.14204572
8,S1,infection,234.4119541000109,0.147068122
8,S1,neutral,252.44571750001344,0.188744953
8,S1,infection,270.4749551000132,0.1439577699999999
8,S1,neutral,288.5091587000061,0.1719987599999999
8,S1,infection,306.5406592000072,0.1424304299999999
8,S1,neutral,324.5712528000004,0.1256502399999999
8,S1,infection,342.60425050000777,0.1125028145999999
8,S1,neutral,360.63273680000566,0.1349695839999999
8,S1,infection,378.6648937000136,0.1643906
8,S1,neutral,396.6956302000035,0.1033281999999999
8,S1,infection,414.72738900000695,0.2055303899999999
8,S1,neutral,432.7581535000063,0.1728992512
8,S1,infection,450.7874928000092,0.0954756099999999
8,S1,neutral,468.8176403000107,0.1387508399999999
8,S1,infection,486.8494126000005,0.2018419699999999
8,S1,neutral,504.8820623000065,0.148675316
8,S1,infection,522.9112616000057,0.1493323299999999
8,S1,neutral,540.942956800005,0.3323908999999999
8,S1,infection,558.9751435000071,0.4793522599999999
8,S1,neutral,577.0040647000133,0.1853222333333333
8,S1,infection,595.0348206000053,0.1594108416666666
8,S1,neutral,613.0688760000048,0.1376702333333333
8,S1,infection,631.099103200002,0.2621981533333333
8,S1,neutral,649.129239300004,0.1714604333333333
8,S1,infection,667.1595453000045,0.168699
8,S1,neutral,685.1909490000107,0.2102770666666666
8,S1,infection,703.2241565000004,0.1380431666666666
8,S2,neutral,0.0236673999897902,0.32297049
8,S2,neutral,18.03174890000082,0.1704938859999999
8,S2,neutral,36.06349669999327,0.216004159
8,S2,infection,54.09463719998894,0.162517464
8,S2,infection,72.12629269999161,0.1725037551999999
8,S2,infection,90.1572482999909,0.2031736784
8,S2,neutral,108.18963349999105,0.102576544
8,S2,infection,126.21982469999055,0.2139120099999999
8,S2,neutral,144.2500360999984,0.2352047834
8,S2,infection,162.28109649999533,0.209525942
8,S2,neutral,180.3127714000002,0.1075489899999999
8,S2,infection,198.3423235999944,0.1994108499999999
8,S2,neutral,216.37454140000045,0.1152740099999999
8,S2,infection,234.40577439998745,0.2030412543999999
8,S2,neutral,252.4355685999908,0.2822631591999999
8,S2,infection,270.46893079999427,0.1238340027999999
8,S2,neutral,288.49907969999185,0.3508802749999999
8,S2,infection,306.5310055999871,0.1053675199999999
8,S2,neutral,324.5619450999948,0.1442914419999999
8,S2,infection,342.5926327999914,0.1577034950999999
8,S2,neutral,360.6229842999892,0.2395893779999999
8,S2,infection,378.6556151999976,0.280369934
8,S2,neutral,396.6870218999975,0.2004115832
8,S2,infection,414.7184539999871,0.1686017399999999
8,S2,neutral,432.75006479999865,0.0871824959999999
8,S2,infection,450.7803772999905,0.1746980679999999
8,S2,neutral,468.81159209999896,0.1484007579999999
8,S2,infection,486.8428627999965,0.1680489939999999
8,S2,neutral,504.8740042999998,0.1551842079999999
8,S2,infection,522.9057406999927,0.1717785639999999
8,S2,neutral,540.9354552999866,0.1920910049999999
8,S2,infection,558.9671620000008,0.134731472
8,S2,neutral,576.9997062999901,0.1757134439999999
8,S2,infection,595.0291183999943,0.1732298683333333
8,S2,neutral,613.0610289999895,0.1633512233333333
8,S2,infection,631.0931420999987,0.2563713983333333
8,S2,neutral,649.1247507999942,0.1680369466666666
8,S2,infection,667.1554767999914,0.1713770783333333
8,S2,neutral,685.1847771999892,0.1382461166666666
8,S2,infection,703.2172426999896,0.1877991633333333
9,S1,neutral,0.0051285999943502,0.1985608449999999
9,S1,neutral,18.04188760000397,0.177878285
9,S1,neutral,36.07322979999299,0.2654926049999999
9,S1,infection,54.10492660000455,0.1896414599999999
9,S1,infection,72.20994829999108,0.1309308654
9,S1,infection,90.16812980000395,0.079069204
9,S1,neutral,108.19835249999596,0.0970706729999999
9,S1,infection,126.22968229999242,0.11056459
9,S1,neutral,144.26378439999826,0.193405852
9,S1,infection,162.29438669999945,0.0906298729999999
9,S1,neutral,180.32455669999763,0.1305718899999999
9,S1,infection,198.35731680000023,0.0856953699999999
9,S1,neutral,216.389339500005,0.1112648099999999
9,S1,infection,234.4199948000023,0.1327061299999999
9,S1,neutral,252.45252740000436,0.10143594
9,S1,infection,270.4837035999953,0.1129513099999999
9,S1,neutral,288.51493779999146,0.12916206
9,S1,infection,306.54607039999973,0.1203506899999999
9,S1,neutral,324.5771023999987,0.1371522999999999
9,S1,infection,342.60956799999985,0.163321324
9,S1,neutral,360.6399720000045,0.1834742799999998
9,S1,infection,378.67157540000335,0.0947476999999999
9,S1,neutral,396.70294499999727,0.1164716999999999
9,S1,infection,414.7331277999911,0.1032845999999999
9,S1,neutral,432.7654578999936,0.1507048999999999
9,S1,infection,450.7962624999928,0.1468515199999999
9,S1,neutral,468.826730899993,0.5230319999999999
9,S1,infection,486.857915799992,0.19409952
9,S1,neutral,504.88963399999193,0.1682084999999999
9,S1,infection,522.9192986999988,0.1761123599999999
9,S1,neutral,540.9507056000002,0.2124751199999999
9,S1,infection,558.9811741000012,0.2384411599999999
9,S1,neutral,577.0128182000044,0.25384625
9,S1,infection,595.0430129000015,0.2713702333333333
9,S1,neutral,613.0733698999975,0.1920637499999999
9,S1,infection,631.1060288000008,0.1333713333333333
9,S1,neutral,649.1386130000028,0.3813271833333334
9,S1,infection,667.1673058000015,0.3533739316666666
9,S1,neutral,685.1994709999999,0.2107763533333333
9,S1,infection,703.2290433000016,0.354700835
9,S2,neutral,0.0332888999982969,0.1078677039999999
9,S2,neutral,18.04072200000519,0.2397639759999999
9,S2,neutral,36.07229240000015,0.1251194102
9,S2,infection,54.10294029999932,0.1678707044
9,S2,infection,72.1333711000043,0.2058057459999999
9,S2,infection,90.1652682999993,0.279690392
9,S2,neutral,108.19533610000508,0.2069412899999999
9,S2,infection,126.22814160000416,0.195541472
9,S2,neutral,144.2589852999954,0.2434274799999999
9,S2,infection,162.28935789999375,0.1709900599999999
9,S2,neutral,180.31998739999835,0.2621991219999999
9,S2,infection,198.35129950000555,0.2305946199999999
9,S2,neutral,216.3834188000037,0.1767386799999999
9,S2,infection,234.4128242000006,0.1738896099999999
9,S2,neutral,252.44488450000063,0.2102760399999999
9,S2,infection,270.4768691999925,0.1591737139999999
9,S2,neutral,288.5074828999932,0.2730626299999999
9,S2,infection,306.5383230000007,0.15607342
9,S2,neutral,324.5712157999951,0.1022602999999999
9,S2,infection,342.6512136999954,0.2605246879999999
9,S2,neutral,360.6807745999977,0.1611255899999999
9,S2,infection,378.7129330000025,0.219974914
9,S2,neutral,396.7450474999932,0.2043371599999999
9,S2,infection,414.7752301,0.30705864
9,S2,neutral,432.80773030000273,0.1125078719999999
9,S2,infection,450.838270799999,0.1268463299999999
9,S2,neutral,468.8686563999945,0.1639968359999999
9,S2,infection,486.90185850000125,0.3109365999999999
9,S2,neutral,504.9317844000034,0.4091250919999999
9,S2,infection,522.963113299993,0.302480865
9,S2,neutral,540.9949606000009,0.13805455
9,S2,infection,559.0250253999984,0.1874047666666666
9,S2,neutral,577.0579302999977,0.1348510249999999
9,S2,infection,595.0886473999999,0.327028025
9,S2,neutral,613.1193588000024,0.30655155
9,S2,infection,631.1507555999997,0.241887595
9,S2,neutral,649.1820904000051,0.1927428883333333
9,S2,infection,667.2124803000042,0.3061125233333333
9,S2,neutral,685.2431453000027,0.1567680664999999
9,S2,infection,703.2749821000034,0.301383225
10,S1,neutral,0.005981199996313,0.180558225
10,S1,neutral,18.03901659999974,0.180216024
10,S1,neutral,36.07104249999975,0.196269866
10,S1,infection,54.10134870000184,0.174365469
10,S1,infection,72.20670679998875,0.1666354832
10,S1,infection,90.16507339999951,0.1136418435599999
10,S1,neutral,108.19554580000111,0.149143618
10,S1,infection,126.22821119999573,0.209596456
10,S1,neutral,144.25993719999678,0.1488553799999999
10,S1,infection,162.29107520000252,0.1067031739999999
10,S1,neutral,180.32209799998964,0.10664473
10,S1,infection,198.3555314999976,0.0829249879999999
10,S1,neutral,216.38442919999943,0.1110347699999999
10,S1,infection,234.4180614999932,0.0961581279999999
10,S1,neutral,252.4482454999961,0.1571377479999999
10,S1,infection,270.4807579999906,0.0765437419999999
10,S1,neutral,288.51189670000167,0.1151058379999998
10,S1,infection,306.5435385000019,0.1079384399999999
10,S1,neutral,324.5755441999936,0.1282569299999999
10,S1,infection,342.60590519999096,0.0865269399999999
10,S1,neutral,360.63634129999264,0.1212136399999999
10,S1,infection,378.6682113999995,0.1844774079999999
10,S1,neutral,396.70029259999865,0.0858567999999999
10,S1,infection,414.7298421000014,0.1478622999999999
10,S1,neutral,432.7598507999937,0.1283516599999999
10,S1,infection,450.7913367000001,0.0777370999999999
10,S1,neutral,468.8239493000001,0.0964556399999999
10,S1,infection,486.85384689999046,0.1072516799999999
10,S1,neutral,504.8845384000015,0.1227138199999999
10,S1,infection,522.9158587999991,0.0786269999999999
10,S1,neutral,540.9470850999933,0.1240525399999999
10,S1,infection,558.9782296999911,0.1149215999999999
10,S1,neutral,577.0080514000001,0.1117825499999999
10,S1,infection,595.0401735999912,0.0964573499999999
10,S1,neutral,613.0709499999939,0.1436182666666666
10,S1,infection,631.1019284999929,0.12763815
10,S1,neutral,649.134894399991,0.1177579999999999
10,S1,infection,667.1635599000001,0.0962327499999999
10,S1,neutral,685.1941057999938,0.1157933766666666
10,S1,infection,703.2259780999884,0.1432599999999999
10,S2,neutral,0.0267536000028485,0.3019632799999999
10,S2,neutral,18.03539839999576,0.1684363489999999
10,S2,neutral,36.06560390000232,0.1134142159999999
10,S2,infection,54.09648690000176,0.1681040635999999
10,S2,infection,72.12947020000138,0.2230406819999999
10,S2,infection,90.1595393000025,0.1701278799999999
10,S2,neutral,108.189014100004,0.0826939999999999
10,S2,infection,126.22225890000118,0.1286961729999999
10,S2,neutral,144.25234759999148,0.1158258159999999
10,S2,infection,162.28402199999255,0.1161738309999999
10,S2,neutral,180.3155494999955,0.216726418
10,S2,infection,198.34643499999947,0.11750429
10,S2,neutral,216.37708289999864,0.1512495379999999
10,S2,infection,234.4069152000011,0.143479276
10,S2,neutral,252.43850069999465,0.1350147839999999
10,S2,infection,270.47117340000113,0.1010915309999999
10,S2,neutral,288.5011797999905,0.1171170369999999
10,S2,infection,306.5319264999998,0.1565981099999999
10,S2,neutral,324.5633700000035,0.1036138979999999
10,S2,infection,342.5946704999951,0.1396221399999999
10,S2,neutral,360.6261300000042,0.169353
10,S2,infection,378.6561915999918,0.1516695599999999
10,S2,neutral,396.6883869000012,0.186605948
10,S2,infection,414.7209328000026,0.0999259559999999
10,S2,neutral,432.7510410999967,0.1501983699999999
10,S2,infection,450.7819085999945,0.0705918999999999
10,S2,neutral,468.8131060000014,0.1047178899999999
10,S2,infection,486.8444332999934,0.1616190699999999
10,S2,neutral,504.8741798999981,0.1355156799999999
10,S2,infection,522.9069961999921,0.1885074799999999
10,S2,neutral,540.9383802999946,0.149072132
10,S2,infection,558.9688292999926,0.0746002319999999
10,S2,neutral,576.9998404999933,0.0799792609999999
10,S2,infection,595.0314881999948,0.1681561833333333
10,S2,neutral,613.0633005999989,0.1052539999999999
10,S2,infection,631.0956807000039,0.1000495583333333
10,S2,neutral,649.1255212999968,0.1361916499999999
10,S2,infection,667.1560567999986,0.1213146999999999
10,S2,neutral,685.1891788999928,0.1080825666666666
10,S2,infection,703.2187085999904,0.1131027499999999
11,S1,neutral,0.0048408000002382,0.1006960609999999
11,S1,neutral,18.042448899999727,0.0777468799999999
11,S1,neutral,36.07274679999682,0.1578401739999999
11,S1,infection,54.10542239999632,0.18274404
11,S1,infection,72.20980499999132,0.098108108
11,S1,infection,90.16642110000248,0.1291961619999999
11,S1,neutral,108.1994854999939,0.1639855895999999
11,S1,infection,126.23029049999604,0.1212645019999999
11,S1,neutral,144.26334619999398,0.1844682239999999
11,S1,infection,162.29511049999564,0.0901147819999999
11,S1,neutral,180.32524879999983,0.1646900128
11,S1,infection,198.35826589999488,0.1230391919999999
11,S1,neutral,216.3893604999903,0.25200458
11,S1,infection,234.42065050000383,0.2126858079999999
11,S1,neutral,252.45082489999183,0.0978031937999999
11,S1,infection,270.4834594999993,0.1329125599999999
11,S1,neutral,288.514597100002,0.3155209599999999
11,S1,infection,306.5463127999974,0.1550155588
11,S1,neutral,324.5787508999929,0.1907634899999999
11,S1,infection,342.61076440000033,0.1275005028
11,S1,neutral,360.6411507000011,0.1067078259999999
11,S1,infection,378.67188460000034,0.2066588999999999
11,S1,neutral,396.7038704000006,0.1237689869999999
11,S1,infection,414.73266290000174,0.0666935904
11,S1,neutral,432.76653480000095,0.1134510671999999
11,S1,infection,450.7946531999914,0.1513252
11,S1,neutral,468.826292800004,0.2197063721999999
11,S1,infection,486.8592305999919,0.1866360299999999
11,S1,neutral,504.8885289000027,0.1286805137999999
11,S1,infection,522.9196472999902,0.0904294809999999
11,S1,neutral,540.9508138999954,0.16419679
11,S1,infection,558.9827708999946,0.0953365099999999
11,S1,neutral,577.0139039999922,0.1112103508333332
11,S1,infection,595.0426474999986,0.1254872583333332
11,S1,neutral,613.0749941999966,0.1689912166666666
11,S1,infection,631.1052684000024,0.1313989325
11,S1,neutral,649.1370353999955,0.1124947016666665
11,S1,infection,667.1685824000015,0.1197469374999999
11,S1,neutral,685.1985896999977,0.2301279049999999
11,S1,infection,703.2307043000037,0.201505425
11,S2,neutral,0.0267883999913465,0.1764251916974999
11,S2,neutral,18.035865300000296,0.216952266
11,S2,neutral,36.065152399998624,0.1380032789999999
11,S2,infection,54.09691259999818,0.07658927
11,S2,infection,72.12774809999974,0.24027501948
11,S2,infection,90.1591161999968,0.1991019859999999
11,S2,neutral,108.19068210000114,0.245199862
11,S2,infection,126.22024870000314,0.21714801
11,S2,neutral,144.2524410999904,0.1311696919999999
11,S2,infection,162.2847244000004,0.2771953539999999
11,S2,neutral,180.31429290000236,0.112383003
11,S2,infection,198.3463661999995,0.1134718159999999
11,S2,neutral,216.37643849999583,0.194800927
11,S2,infection,234.4066315999953,0.160311912
11,S2,neutral,252.4399050999928,0.2013696479999999
11,S2,infection,270.4710323999898,0.2081721514
11,S2,neutral,288.5028011999966,0.172400846
11,S2,infection,306.5325409999932,0.1502259479999999
11,S2,neutral,324.5638101999939,0.1447026399999999
11,S2,infection,342.5956443000032,0.1151275799999999
11,S2,neutral,360.6266608000005,0.2525656095999999
11,S2,infection,378.6586852999899,0.14172279
11,S2,neutral,396.6879881999921,0.187971868
11,S2,infection,414.7202390000021,0.4091708259999999
11,S2,neutral,432.75201719999313,0.2433232239999999
11,S2,infection,450.7835438999901,0.1914540483999999
11,S2,neutral,468.815159699996,0.0975286899999999
11,S2,infection,486.84484299999895,0.1164362099999999
11,S2,neutral,504.8757451999991,0.1369000299999999
11,S2,infection,522.907165800003,0.184628508
11,S2,neutral,540.938012899991,0.1642937299999999
11,S2,infection,558.9697470999963,0.119794352
11,S2,neutral,576.9995194999938,0.2321894699999999
11,S2,infection,595.0328519999894,0.1298215024999999
11,S2,neutral,613.0649481,0.4263259203333334
11,S2,infection,631.0948229999922,0.4118583616666667
11,S2,neutral,649.1259968999948,0.1118667153333333
11,S2,infection,667.1558925999998,0.1068968993333333
11,S2,neutral,685.1890599000035,0.2715717149999999
11,S2,infection,703.2178809999896,0.1035564783333332
12,S1,neutral,0.0045467000018106,0.1670103440749999
12,S1,neutral,18.033825599995907,0.155603768
12,S1,neutral,36.06531069999619,0.2458915505399999
12,S1,infection,54.09727959999873,0.1522687999999999
12,S1,infection,72.20182249999198,0.222146511
12,S1,infection,90.16026629999396,0.215531164
12,S1,neutral,108.1906830999942,0.228354122
12,S1,infection,126.22211499999683,0.18299725508
12,S1,neutral,144.25446529999317,0.19103127
12,S1,infection,162.28592189999472,0.1094034939999999
12,S1,neutral,180.3173908000026,0.344974159
12,S1,infection,198.3494740000024,0.171022426
12,S1,neutral,216.38048849999905,0.2479024979999999
12,S1,infection,234.4107612999942,0.23304759
12,S1,neutral,252.44383239999297,0.42070894
12,S1,infection,270.4737770999928,0.1528724986
12,S1,neutral,288.50590649999504,0.183511189
12,S1,infection,306.5367647999956,0.1707918659999999
12,S1,neutral,324.5690307999903,0.1463302339999999
12,S1,infection,342.6006735999981,0.1620069869999999
12,S1,neutral,360.6322450000007,0.1596269199999999
12,S1,infection,378.6623414999922,0.206045021
12,S1,neutral,396.6929915999936,0.2644188859999999
12,S1,infection,414.72444689999975,0.1396545697999999
12,S1,neutral,432.754889799995,0.26267014
12,S1,infection,450.78707569999096,0.107890346
12,S1,neutral,468.81686769999214,0.210740893
12,S1,infection,486.847136700002,0.1694722951999999
12,S1,neutral,504.87905459999456,0.184675104
12,S1,infection,522.9106564999965,0.1345933199999999
12,S1,neutral,540.9412128999975,0.2054048089999999
12,S1,infection,558.9720849000005,0.1457633499999999
12,S1,neutral,577.0036858999956,0.1379630649999999
12,S1,infection,595.0341230999911,0.2454162333333333
12,S1,neutral,613.0660190999915,0.2820469374999999
12,S1,infection,631.0978575999907,0.2221135964166666
12,S1,neutral,649.1277807000006,0.1452582551666666
12,S1,infection,667.1586507000029,0.2793309508333333
12,S1,neutral,685.1900214999914,0.2070788983333332
12,S1,infection,703.2197004999907,0.1795819045
12,S2,neutral,0.0252920000057201,0.1922474115
12,S2,neutral,18.033178800003952,0.297854305
12,S2,neutral,36.064873000010266,0.31062596
12,S2,infection,54.09587940000347,0.4085764849999999
12,S2,infection,72.1270169000054,0.1158860669999999
12,S2,infection,90.1571144000045,0.2121735321999999
12,S2,neutral,108.18959340000583,0.230605395
12,S2,infection,126.2211670000106,0.2013371443999999
12,S2,neutral,144.25154230000044,0.2668305839999999
12,S2,infection,162.2823602999997,0.1435937459999999
12,S2,neutral,180.3137820999982,0.2644395217999999
12,S2,infection,198.34511420001212,0.334003806
12,S2,neutral,216.3767850000004,0.2889792171799999
12,S2,infection,234.40644060001068,0.1760781099999999
12,S2,neutral,252.43898810000977,0.310717462
12,S2,infection,270.469788900009,0.1124189811999999
12,S2,neutral,288.4998174000066,0.204181226
12,S2,infection,306.53132920000644,0.305396974
12,S2,neutral,324.56351940000604,0.1345192108
12,S2,infection,342.5928677000047,0.2288249819999999
12,S2,neutral,360.6256102000043,0.1650055499999999
12,S2,infection,378.6564376000024,0.1521067775999999
12,S2,neutral,396.6889469000016,0.219478444
12,S2,infection,414.7183323000063,0.1233087139999999
12,S2,neutral,432.7513841000036,0.146326956
12,S2,infection,450.7820291000098,0.213584198
12,S2,neutral,468.81298719999904,0.2388514239999999
12,S2,infection,486.8437834000069,0.1873043447999999
12,S2,neutral,504.8747997000028,0.1263455127999999
12,S2,infection,522.9074565000046,0.2256363499999999
12,S2,neutral,540.9380737000029,0.364064038
12,S2,infection,558.9682639000093,0.2226426399999999
12,S2,neutral,577.0008387000125,0.1727200583333333
12,S2,infection,595.0307879000029,0.2824906916666667
12,S2,neutral,613.0626201000123,0.2273426749999999
12,S2,infection,631.0930157000112,0.143449265
12,S2,neutral,649.1252184000041,0.1748906233333333
12,S2,infection,667.156083599999,0.2245936683333333
12,S2,neutral,685.1873706000042,0.314850225
12,S2,infection,703.2188644000125,0.2212827249999999
13,S1,neutral,0.0042973000090569,0.1482460175
13,S1,neutral,18.037694899947383,0.2209830448
13,S1,neutral,36.06711299996823,0.1648878289999999
13,S1,infection,54.10059709998313,0.199654866
13,S1,infection,72.20420519995969,0.1359201433999999
13,S1,infection,90.1621266999282,0.2198267575999999
13,S1,neutral,108.19361670000944,0.224300684
13,S1,infection,126.22452389996032,0.227560284
13,S1,neutral,144.25713709997945,0.193866538
13,S1,infection,162.2884872999275,0.253078462
13,S1,neutral,180.32090950000563,0.2192535259999999
13,S1,infection,198.3524749999633,0.221443364
13,S1,neutral,216.38139039999805,0.1844810619999999
13,S1,infection,234.4141049999744,0.1168379319999999
13,S1,neutral,252.44561739999332,0.1406485039999999
13,S1,infection,270.4776544999331,0.0860996079999999
13,S1,neutral,288.5081940999953,0.1127233199999999
13,S1,infection,306.53985800000373,0.18794352
13,S1,neutral,324.5703297000145,0.163475832
13,S1,infection,342.60297170002013,0.1011514719999999
13,S1,neutral,360.6346098999493,0.101990298
13,S1,infection,378.66630729998,0.1692377499999999
13,S1,neutral,396.6973959999159,0.1265425363999999
13,S1,infection,414.73042849998455,0.0942670399999999
13,S1,neutral,432.76236799999606,0.1908529899999999
13,S1,infection,450.7916043000296,0.09638049
13,S1,neutral,468.8254936999874,0.1600833139999999
13,S1,infection,486.8546237000264,0.464670814
13,S1,neutral,504.88573049998377,0.1449273752
13,S1,infection,522.9178613999393,0.144723098
13,S1,neutral,540.9465594999492,0.1758871379999999
13,S1,infection,558.9796385000227,0.151073336
13,S1,neutral,577.0098639000207,0.18884842
13,S1,infection,595.0403858999489,0.1365809499999999
13,S1,neutral,613.0717400999274,0.1356729166666666
13,S1,infection,631.1020713999169,0.1323980833333332
13,S1,neutral,649.1342568999389,0.0957448999999999
13,S1,infection,667.1648441000143,0.1534678833333333
13,S1,neutral,685.1971836999292,0.1266871999999999
13,S1,infection,703.2261284999549,0.1483223166666666
13,S2,neutral,0.0318503999151289,0.2393256274999999
13,S2,neutral,18.03885359992273,0.176742658
13,S2,neutral,36.06925079994835,0.202077243
13,S2,infection,54.10165869991761,0.1523586672
13,S2,infection,72.13248939998448,0.2213881047999999
13,S2,infection,90.16320109996012,0.157803266
13,S2,neutral,108.19435799994972,0.320249494
13,S2,infection,126.22536479996052,0.24369326
13,S2,neutral,144.25745899998583,0.2455666959999999
13,S2,infection,162.2884065998951,0.2018829999999999
13,S2,neutral,180.31848519993943,0.2407036252999999
13,S2,infection,198.34945829992648,0.206512289
13,S2,neutral,216.38092929997947,0.231385778
13,S2,infection,234.41223959997296,0.26113552
13,S2,neutral,252.44244749995417,0.15063986
13,S2,infection,270.47457899991423,0.162413123
13,S2,neutral,288.50606859999243,0.23367091
13,S2,infection,306.5371191999875,0.1161838799999999
13,S2,neutral,324.5686133999843,0.3205077259999999
13,S2,infection,342.5997824999504,0.226330114
13,S2,neutral,360.6294415999437,0.26977546
13,S2,infection,378.6632891999325,0.2506442519999999
13,S2,neutral,396.6927830999484,0.2060420599999999
13,S2,infection,414.724144399981,0.1287094399999999
13,S2,neutral,432.7541430999991,0.2393075599999999
13,S2,infection,450.7869646999752,0.1971338999999999
13,S2,neutral,468.817194800009,0.19365019
13,S2,infection,486.8483638999751,0.2370066599999999
13,S2,neutral,504.8797376999864,0.2409376199999999
13,S2,infection,522.9113407999976,0.1612833399999999
13,S2,neutral,540.9429789999267,0.1809978199999999
13,S2,infection,558.9731032999698,0.2549938699999999
13,S2,neutral,577.0041595000075,0.1759502833333333
13,S2,infection,595.0370609000092,0.2424917499999999
13,S2,neutral,613.0679579999996,0.3172881099999999
13,S2,infection,631.0988838999765,0.2479739166666666
13,S2,neutral,649.1291269999929,0.2209897716666666
13,S2,infection,667.1620287999976,0.1566247183333333
13,S2,neutral,685.19293749996,0.1473292466666666
13,S2,infection,703.2242619999452,0.1508105749999999
14,S1,neutral,0.0058160999324172,0.1482728409249999
14,S1,neutral,18.035301299998537,0.1588125024399999
14,S1,neutral,36.0675122999819,0.1606403779999999
14,S1,infection,54.09872010000981,0.22547976872
14,S1,infection,72.20536419993732,0.2471379729999999
14,S1,infection,90.16220909997357,0.2059783199999999
14,S1,neutral,108.19221769995056,0.1159052799999999
14,S1,infection,126.22322040004656,0.1623121999999999
14,S1,neutral,144.2552462000167,0.1498410999999999
14,S1,infection,162.28689730004407,0.17737208
14,S1,neutral,180.31703070004005,0.0995721999999999
14,S1,infection,198.3509616999654,0.1101280199999999
14,S1,neutral,216.3813379999483,0.1318496899999999
14,S1,infection,234.41198400000576,0.13546235
14,S1,neutral,252.44351260003168,0.1606468119999999
14,S1,infection,270.47513759997673,0.1614382699999999
14,S1,neutral,288.5081899999641,0.1165494699999999
14,S1,infection,306.5391107000178,0.1413335599999999
14,S1,neutral,324.5705398999853,0.1454929529999999
14,S1,infection,342.6017164000077,0.168996722
14,S1,neutral,360.6326004000148,0.521245942
14,S1,infection,378.6648482000455,0.0951858999999999
14,S1,neutral,396.6961433000397,0.1578576999999999
14,S1,infection,414.72830590000376,0.1715406
14,S1,neutral,432.76161509996746,0.1363692999999999
14,S1,infection,450.7893827999942,0.1853388
14,S1,neutral,468.8215130999451,0.1052677999999999
14,S1,infection,486.8514412000077,0.0987169999999999
14,S1,neutral,504.8842769999755,0.2133904999999999
14,S1,infection,522.9149458999746,0.1186558999999999
14,S1,neutral,540.945647799992,0.0953012
14,S1,infection,558.9770985000068,0.1070004999999999
14,S1,neutral,577.007000499987,0.1284686666666666
14,S1,infection,595.0391679999884,0.1245169999999999
14,S1,neutral,613.0689734999323,0.0801726666666666
14,S1,infection,631.1001115000108,0.1642663333333333
14,S1,neutral,649.1316872000461,0.2037314166666666
14,S1,infection,667.1608271000441,0.1466876666666666
14,S1,neutral,685.193598599988,0.2198549166666667
14,S1,infection,703.2237159999786,0.21904525
14,S2,neutral,0.02866160008125,0.2904398187499999
14,S2,neutral,18.03801740007475,0.1251265619999999
14,S2,neutral,36.06960940000136,0.1309337199999999
14,S2,infection,54.0991067000432,0.2198885259999999
14,S2,infection,72.12945460004266,0.0833148359999999
14,S2,infection,90.1614124000771,0.10540617
14,S2,neutral,108.19192430004478,0.229783789
14,S2,infection,126.2230273000896,0.1729889749999999
14,S2,neutral,144.25351420009974,0.0714071061999999
14,S2,infection,162.28633020003326,0.1787905639999999
14,S2,neutral,180.31636880000588,0.13354963
14,S2,infection,198.34758860000875,0.16981754
14,S2,neutral,216.37912739999592,0.1670385259999999
14,S2,infection,234.4092965000309,0.1148832179999999
14,S2,neutral,252.4422060000943,0.1256296248
14,S2,infection,270.4732584001031,0.1773558675999999
14,S2,neutral,288.50290930003393,0.2153344075999999
14,S2,infection,306.5348347000545,0.245550831
14,S2,neutral,324.5658050000202,0.1160105999999999
14,S2,infection,342.5964501000708,0.0860511499999999
14,S2,neutral,360.6272282000864,0.1067362917999999
14,S2,infection,378.6583870000904,0.1303161583999999
14,S2,neutral,396.68910840002354,0.12415734
14,S2,infection,414.72139690001495,0.1945080199999999
14,S2,neutral,432.7516135000624,0.14179968
14,S2,infection,450.7848816000624,0.1577235599999999
14,S2,neutral,468.815757000004,0.1298373
14,S2,infection,486.8478494000156,0.1809630999999999
14,S2,neutral,504.8797247000039,0.12947906
14,S2,infection,522.9095221000025,0.1038293599999999
14,S2,neutral,540.9405428000027,0.19325708
14,S2,infection,558.9709240000229,0.1667014799999999
14,S2,neutral,577.0024915999966,0.1218280333333333
14,S2,infection,595.0333385000704,0.2174713333333332
14,S2,neutral,613.0646324000554,0.1261931166666666
14,S2,infection,631.097251500003,0.1378932833333332
14,S2,neutral,649.1286738000344,0.1671446333333333
14,S2,infection,667.1584058000008,0.1074916333333332
14,S2,neutral,685.1909582000226,0.1516307833333333
14,S2,infection,703.2209354999941,0.1730436249999999
15,S1,neutral,0.0042327999835833,0.1202836799999999
15,S1,neutral,18.04448809998576,0.18243874276
15,S1,neutral,36.07488580001518,0.2326994123999999
15,S1,infection,54.10573820001446,0.1545726559999999
15,S1,infection,72.21056120004505,0.174612934
15,S1,infection,90.16928999999072,0.1497385429999999
15,S1,neutral,108.1998670999892,0.1573999656999999
15,S1,infection,126.23218559997622,0.1788551099999999
15,S1,neutral,144.26318360003643,0.28089042656
15,S1,infection,162.29545079998206,0.2008358743999999
15,S1,neutral,180.32713810005225,0.303751586
15,S1,infection,198.35802639997564,0.277782338
15,S1,neutral,216.39078660006635,0.2041342139999999
15,S1,infection,234.42144720000212,0.24591272932
15,S1,neutral,252.45395650004505,0.2963941855999999
15,S1,infection,270.4840597000439,0.3231190318
15,S1,neutral,288.51629960001446,0.291432218
15,S1,infection,306.5493233000161,0.1265252859999999
15,S1,neutral,324.5785510999849,0.3513740199999999
15,S1,infection,342.61114709998947,0.20225151
15,S1,neutral,360.64156839996576,0.29330763
15,S1,infection,378.6741546000121,0.1844977399999999
15,S1,neutral,396.7040440000128,0.13587288
15,S1,infection,414.7347487000516,0.327841507
15,S1,neutral,432.7674529000651,0.2374146135
15,S1,infection,450.7954579000361,0.3199283
15,S1,neutral,468.8286960000405,0.26154287
15,S1,infection,486.8579463000642,0.1763789499999999
15,S1,neutral,504.8900137000019,0.2330234099999999
15,S1,infection,522.9207878999878,0.2876232199999999
15,S1,neutral,540.952141799964,0.1646806999999999
15,S1,infection,558.9836045000702,0.168290182
15,S1,neutral,577.0139961000532,0.1467695249999999
15,S1,infection,595.0449255000567,0.2192593333333333
15,S1,neutral,613.076766800019,0.1735183133333332
15,S1,infection,631.1055120000383,0.1533153083333333
15,S1,neutral,649.1380447000265,0.2107081083333333
15,S1,infection,667.1703734999755,0.1928631583333333
15,S1,neutral,685.2004829000216,0.1876571441666666
15,S1,infection,703.2305295000551,0.2569349333333333
15,S2,neutral,0.0219308000523597,0.1072833119999999
15,S2,neutral,18.041145300026983,0.1797460293999999
15,S2,neutral,36.073850300046615,0.178337206
15,S2,infection,54.10456070001237,0.2351170655999999
15,S2,infection,72.13555410003755,0.2123335680799999
15,S2,infection,90.16824830009136,0.22556943
15,S2,neutral,108.19938750006258,0.201726393
15,S2,infection,126.22873289999552,0.220557784
15,S2,neutral,144.26009670004714,0.1819791139999999
15,S2,infection,162.29139949998353,0.14998931
15,S2,neutral,180.32323990005537,0.130479354
15,S2,infection,198.3547098999843,0.1815579746
15,S2,neutral,216.3849998000078,0.1011421741999999
15,S2,infection,234.4177424000809,0.2051696136
15,S2,neutral,252.4486829000525,0.143018429
15,S2,infection,270.4797534000827,0.2235295739999999
15,S2,neutral,288.50999580009375,0.1099180259999999
15,S2,infection,306.5400762000354,0.1062105639999999
15,S2,neutral,324.573135200073,0.170681951
15,S2,infection,342.60367720003705,0.1978312712
15,S2,neutral,360.6343441000208,0.2643021659999999
15,S2,infection,378.6655199000379,0.1699558843999999
15,S2,neutral,396.6970601000357,0.1614696139999999
15,S2,infection,414.7290670999792,0.2634957019999999
15,S2,neutral,432.76073029998224,0.237742744
15,S2,infection,450.7915970000904,0.25808829
15,S2,neutral,468.82094550004695,0.1981712219999999
15,S2,infection,486.85207360005006,0.1665570199999999
15,S2,neutral,504.8839967000531,0.1942893599999999
15,S2,infection,522.9170154000167,0.1846211978
15,S2,neutral,540.9468852999853,0.1644546759999999
15,S2,infection,558.9780680000549,0.207243252
15,S2,neutral,577.0090941999806,0.2047224633333333
15,S2,infection,595.0398036000552,0.2515944733333332
15,S2,neutral,613.0710979000432,0.1688324399999999
15,S2,infection,631.1033235000214,0.1647337403333332
15,S2,neutral,649.1341235000873,0.2675545266666666
15,S2,infection,667.166668400052,0.30308631
15,S2,neutral,685.1964534000726,0.1880955133333333
15,S2,infection,703.2286590000149,0.1451337583333333
16,S1,neutral,0.0046635000035166,0.1173178066724999
16,S1,neutral,18.04318129993044,0.19496994068
16,S1,neutral,36.07610609999392,0.12726483404
16,S1,infection,54.106308899936266,0.188694341
16,S1,infection,72.21480670000892,0.1815816531999999
16,S1,infection,90.16981220000888,0.1132346487999999
16,S1,neutral,108.2022752999328,0.1284218599999999
16,S1,infection,126.23371840000618,0.0894923607999999
16,S1,neutral,144.26268529996742,0.1003386194
16,S1,infection,162.29511690000072,0.1055999415999999
16,S1,neutral,180.32798559998628,0.141502414
16,S1,infection,198.3589650999056,0.1062240549999999
16,S1,neutral,216.3897422999144,0.1117257659999999
16,S1,infection,234.42167869990223,0.0971788959999999
16,S1,neutral,252.45470569992904,0.194969388
16,S1,infection,270.4861135999672,0.0918664699999999
16,S1,neutral,288.51728169992566,0.1134478989999999
16,S1,infection,306.5474547999911,0.1028218759999999
16,S1,neutral,324.58020059997216,0.0843724739999999
16,S1,infection,342.6124221999198,0.0835066669999999
16,S1,neutral,360.6428714999929,0.1345647699999999
16,S1,infection,378.6738812999101,0.120903549
16,S1,neutral,396.7040971999522,0.0982632609999999
16,S1,infection,414.7353321999544,0.1361109979999999
16,S1,neutral,432.7662435999373,0.0901721769999999
16,S1,infection,450.7966554999584,0.1327344894999999
16,S1,neutral,468.8291320999852,0.1578545029999999
16,S1,infection,486.857094499981,0.1599701402
16,S1,neutral,504.8897273999173,0.187837168
16,S1,infection,522.9212427999591,0.1366690359999999
16,S1,neutral,540.9525380999548,0.1384595249999999
16,S1,infection,558.9823180999374,0.1214874679999999
16,S1,neutral,577.0120729999617,0.1930030466666666
16,S1,infection,595.0446013999172,0.1753931166666666
16,S1,neutral,613.0761563999113,0.0960380819999999
16,S1,infection,631.1084216999589,0.1012220641666666
16,S1,neutral,649.1367939999327,0.0744094108333332
16,S1,infection,667.1693088999018,0.2168790191666666
16,S1,neutral,685.2006847999291,0.1973135133333333
16,S1,infection,703.2324080999242,0.1380941091666666
16,S2,neutral,0.031541800010018,0.2023045767284999
16,S2,neutral,18.03986550006084,0.1758662279999999
16,S2,neutral,36.0700838000048,0.1614637510999999
16,S2,infection,54.09984320006333,0.147620599
16,S2,infection,72.1330143000232,0.171108266
16,S2,infection,90.16381820000242,0.085700004
16,S2,neutral,108.19504200003576,0.3683374639999999
16,S2,infection,126.22540370002388,0.13158736
16,S2,neutral,144.25631540000904,0.1367014799999999
16,S2,infection,162.2879218000453,0.27682281
16,S2,neutral,180.31988079997245,0.0940526999999999
16,S2,infection,198.35035750002132,0.0944193399999999
16,S2,neutral,216.3805979000172,0.7258243600000001
16,S2,infection,234.4116385000525,0.0836282599999999
16,S2,neutral,252.4449101999635,0.1708999199999999
16,S2,infection,270.4750511000166,0.1085663599999999
16,S2,neutral,288.50481790001504,0.19461546
16,S2,infection,306.537896099966,0.0932946999999999
16,S2,neutral,324.5686391000636,0.20560877
16,S2,infection,342.5982461000094,0.1602474399999999
16,S2,neutral,360.6301374000031,0.1986861499999999
16,S2,infection,378.6604223999894,0.4578496239999999
16,S2,neutral,396.6941164999735,0.1569879199999999
16,S2,infection,414.7250351000112,0.1755422159999999
16,S2,neutral,432.7554594000103,0.0971666199999999
16,S2,infection,450.785661800066,0.0896682099999999
16,S2,neutral,468.81779710005503,0.1415125119999999
16,S2,infection,486.8486398999812,0.1198786599999999
16,S2,neutral,504.8799430000363,0.1269615579999999
16,S2,infection,522.9122346000513,0.1333793
16,S2,neutral,540.9424850000069,0.1386081709999999
16,S2,infection,558.9747942000395,0.21096776
16,S2,neutral,577.00620850001,0.0858401333333332
16,S2,infection,595.0360988000175,0.0998719333333333
16,S2,neutral,613.0689021999715,0.1582751666666666
16,S2,infection,631.0993035000283,0.1081992666666666
16,S2,neutral,649.1304185000481,0.1210476833333333
16,S2,infection,667.1610712000402,0.1055247433333332
16,S2,neutral,685.1913818999892,0.0956961916666666
16,S2,infection,703.2239346000133,0.1074229499999999
17,S1,neutral,0.0044664000160992,0.1266794567499999
17,S1,neutral,18.03194919996895,0.176598593
17,S1,neutral,36.06304579996504,0.1535414959999999
17,S1,infection,54.09408870001789,0.1118383039999999
17,S1,infection,72.19892820005771,0.2188462139999999
17,S1,infection,90.1573324999772,0.1106192779999999
17,S1,neutral,108.18912780005483,0.072803696
17,S1,infection,126.22070930001792,0.1467710813999999
17,S1,neutral,144.25178799999412,0.1809272019999999
17,S1,infection,162.282697299961,0.0944116199999999
17,S1,neutral,180.31591790006496,0.0867688659999999
17,S1,infection,198.3463415000588,0.08268482
17,S1,neutral,216.37736669997685,0.1378858849999999
17,S1,infection,234.40791449998505,0.1108271739999999
17,S1,neutral,252.4405790000456,0.0958337099999999
17,S1,infection,270.47246860002633,0.0905893899999999
17,S1,neutral,288.5043424000032,0.0764248599999999
17,S1,infection,306.5360526000149,0.0382403599999999
17,S1,neutral,324.5667150999652,0.0790691199999999
17,S1,infection,342.5980813000351,0.1211088999999999
17,S1,neutral,360.6303630999755,0.0777697599999999
17,S1,infection,378.6622962000547,0.0818101999999999
17,S1,neutral,396.6923919999972,0.12033656
17,S1,infection,414.7233200999908,0.1302677
17,S1,neutral,432.7552892999957,0.1301141999999999
17,S1,infection,450.7861398999812,0.1057798399999999
17,S1,neutral,468.8168575000018,0.1150824199999999
17,S1,infection,486.8476282999618,0.1202468399999999
17,S1,neutral,504.8795298000332,0.0990783999999999
17,S1,infection,522.9098697999725,0.0913478999999999
17,S1,neutral,540.9392591000069,0.1005916999999999
17,S1,infection,558.9711930999765,0.1287618399999999
17,S1,neutral,577.0013523000525,0.1532423333333332
17,S1,infection,595.0335405999795,0.0679345833333332
17,S1,neutral,613.0650636999635,0.1174849166666666
17,S1,infection,631.0958860999672,0.2248689999999999
17,S1,neutral,649.1265156000154,0.1838006666666666
17,S1,infection,667.155892400071,0.1248904333333333
17,S1,neutral,685.189066800056,0.1397973999999999
17,S1,infection,703.2199685999658,0.1155584666666665
17,S2,neutral,0.0326584000140428,0.1109476975
17,S2,neutral,18.04252570006065,0.194702567
17,S2,neutral,36.07342720008455,0.1665787001999999
17,S2,infection,54.10554570006207,0.202255682
17,S2,infection,72.13457550003659,0.2716779379999999
17,S2,infection,90.16563440009486,0.1921498999999999
17,S2,neutral,108.198847200023,0.11001745
17,S2,infection,126.22932949999812,0.1386946622239999
17,S2,neutral,144.25863880000543,0.1689825099999999
17,S2,infection,162.2915647000773,0.1584434559999999
17,S2,neutral,180.32317069999408,0.13166345
17,S2,infection,198.35342519998085,0.1192972799999999
17,S2,neutral,216.38297839998268,0.1431351299999999
17,S2,infection,234.41493640001863,0.1571870499999999
17,S2,neutral,252.4469968000194,0.12868089
17,S2,infection,270.4772727000527,0.0667701999999999
17,S2,neutral,288.50781420001294,0.1156354599999999
17,S2,infection,306.53955890005454,0.1244859999999999
17,S2,neutral,324.57030490005855,0.1043745719999999
17,S2,infection,342.6011835000245,0.21862118
17,S2,neutral,360.6332893000217,0.168934322
17,S2,infection,378.66350870009046,0.1152314599999999
17,S2,neutral,396.69467300002,0.23118666
17,S2,infection,414.7257606000639,0.1193724199999999
17,S2,neutral,432.75760050001554,0.1271730999999999
17,S2,infection,450.7899008999811,0.1192460529999999
17,S2,neutral,468.8203170000343,0.1763050599999999
17,S2,infection,486.8508610000136,0.1126581599999999
17,S2,neutral,504.8824024000205,0.132119586
17,S2,infection,522.9139919000445,0.112186948
17,S2,neutral,540.9453794000437,0.1876600851999999
17,S2,infection,558.9762485000538,0.0699145999999999
17,S2,neutral,577.0066458000802,0.1189156916666666
17,S2,infection,595.0387688000919,0.1298755158333333
17,S2,neutral,613.0711937000742,0.1598859674999999
17,S2,infection,631.1024451000849,0.1267188374999999
17,S2,neutral,649.1309449999826,0.1670921675
17,S2,infection,667.1642553000711,0.1720448383333333
17,S2,neutral,685.1955050000688,0.1864258049999999
17,S2,infection,703.2266058999812,0.0841859299999999
18,S1,neutral,0.0040709000313654,0.16668590875
18,S1,neutral,18.03162699996028,0.1987382042
18,S1,neutral,36.06417380005587,0.183850915
18,S1,infection,54.09571110003162,0.1932115952
18,S1,infection,72.2018495000666,0.182541011
18,S1,infection,90.1594736999832,0.27751834
18,S1,neutral,108.18911949999163,0.22523148
18,S1,infection,126.22243560000788,0.1330840599999999
18,S1,neutral,144.25205320003442,0.256620384
18,S1,infection,162.2838317999849,0.1624825389999999
18,S1,neutral,180.31558080005925,0.15684163
18,S1,infection,198.3465771999909,0.09002771
18,S1,neutral,216.379752799985,0.1647761039999999
18,S1,infection,234.41002109996043,0.1218138599999999
18,S1,neutral,252.4415769999614,0.159661274
18,S1,infection,270.4743736999808,0.09695951
18,S1,neutral,288.5050185000291,0.1661325099999999
18,S1,infection,306.5381800000323,0.0882836599999999
18,S1,neutral,324.56905649998225,0.090853045
18,S1,infection,342.5991118999664,0.1292600699999999
18,S1,neutral,360.630958499969,0.1635087499999999
18,S1,infection,378.6613441000227,0.111695932
18,S1,neutral,396.6955833999673,0.17384281
18,S1,infection,414.72607940004673,0.087749164
18,S1,neutral,432.756317500025,0.1908283499999999
18,S1,infection,450.7870969000505,0.1379270999999999
18,S1,neutral,468.8176648999797,0.1170046599999999
18,S1,infection,486.8482437999919,0.0682612799999999
18,S1,neutral,504.8808142000344,0.21825918
18,S1,infection,522.9107178000268,0.15425856
18,S1,neutral,540.9417814000044,0.0862860399999999
18,S1,infection,558.9724124000641,0.0990619399999999
18,S1,neutral,577.0025452000555,0.1397048666666666
18,S1,infection,595.0343555000145,0.0774400666666666
18,S1,neutral,613.065506999963,0.1067809999999999
18,S1,infection,631.0964922000421,0.2207808333333333
18,S1,neutral,649.1274053000379,0.1591005833333333
18,S1,infection,667.1581250999589,0.0960204166666666
18,S1,neutral,685.1911121000303,0.1245601616666666
18,S1,infection,703.2207200999837,0.0833934433333332
18,S2,neutral,0.0262211000081151,0.0706128644999999
18,S2,neutral,18.034105299972,0.215592368
18,S2,neutral,36.06462099996861,0.203737806
18,S2,infection,54.0970718000317,0.186528801
18,S2,infection,72.12730559997726,0.055917062
18,S2,infection,90.15840750001372,0.117080674
18,S2,neutral,108.1894640000537,0.16231569
18,S2,infection,126.21892370004208,0.1012982879999999
18,S2,neutral,144.25174600002356,0.1041145449999999
18,S2,infection,162.28268780000508,0.154427963
18,S2,neutral,180.3145286000799,0.0794335839999999
18,S2,infection,198.34429070004265,0.05484277
18,S2,neutral,216.37573249998968,0.165318498
18,S2,infection,234.40581799997017,0.1463348229999999
18,S2,neutral,252.43935600004625,0.1002689199999999
18,S2,infection,270.46945099998266,0.0715351069999999
18,S2,neutral,288.4996931999922,0.0944910739999999
18,S2,infection,306.5311567999888,0.15953282
18,S2,neutral,324.5628566000378,0.1602688589999999
18,S2,infection,342.59413720003795,0.0798158999999999
18,S2,neutral,360.6240306000691,0.1537726499999999
18,S2,infection,378.6571867000312,0.0923825899999999
18,S2,neutral,396.68786240008194,0.1561027089999999
18,S2,infection,414.718060299987,0.147340767
18,S2,neutral,432.7498188000173,0.1008953759999999
18,S2,infection,450.7819141000509,0.1523344899999999
18,S2,neutral,468.8123357000295,0.1577748279999999
18,S2,infection,486.8430639000144,0.1434501009999999
18,S2,neutral,504.8749133000383,0.1456399199999999
18,S2,infection,522.9061271999963,0.1190628479999999
18,S2,neutral,540.9367261000443,0.4635542409999999
18,S2,infection,558.9687019999838,0.294383978
18,S2,neutral,576.998198700021,0.1386927179999999
18,S2,infection,595.0308204999892,0.2243187801666666
18,S2,neutral,613.0616381000727,0.1682567483333332
18,S2,infection,631.0932094000746,0.0827138183333332
18,S2,neutral,649.1225566000212,0.1419731566666666
18,S2,infection,667.1546011000173,0.0446377899999999
18,S2,neutral,685.1866275999928,0.1678956016666666
18,S2,infection,703.2173171000322,0.1733929749999999
19,S1,neutral,0.0064262000378221,0.0965387949999999
19,S1,neutral,18.04455049999524,0.102321413
19,S1,neutral,36.073825699975714,0.1466752122
19,S1,infection,54.105188700021245,0.140090104
19,S1,infection,72.2128411999438,0.0944607419999999
19,S1,infection,90.17009170004168,0.0733231099999999
19,S1,neutral,108.19988750002813,0.1532026399999999
19,S1,infection,126.23235499998556,0.1146855999999999
19,S1,neutral,144.2627539000241,0.1201572499999999
19,S1,infection,162.29608859994914,0.0987474999999999
19,S1,neutral,180.3271034000209,0.1013561799999999
19,S1,infection,198.35724869999103,0.1396889399999999
19,S1,neutral,216.3885262999684,0.1043071999999999
19,S1,infection,234.4220304000191,0.0953427999999999
19,S1,neutral,252.4525836999528,0.0840832
19,S1,infection,270.4827046999708,0.0926640999999999
19,S1,neutral,288.5164266000502,0.105147
19,S1,infection,306.5478733000345,0.1290965999999999
19,S1,neutral,324.5786684999475,0.1400559999999999
19,S1,infection,342.61124829994515,0.1915431
19,S1,neutral,360.6416076000314,0.1422754999999998
19,S1,infection,378.6725580999628,0.143286
19,S1,neutral,396.7047230999451,0.1570196999999999
19,S1,infection,414.7358980999561,0.1426120999999999
19,S1,neutral,432.7671278000344,0.1063557999999998
19,S1,infection,450.7990035000257,0.1068979
19,S1,neutral,468.8304777999874,0.0827136999999998
19,S1,infection,486.86228060000576,0.1054381999999999
19,S1,neutral,504.8926714999834,0.0813080999999999
19,S1,infection,522.9239171999507,0.1027774000000001
19,S1,neutral,540.955890399986,0.1260188000000001
19,S1,infection,558.9862121000187,0.1682579
19,S1,neutral,577.0190048000077,0.1060450833333332
19,S1,infection,595.0479952000314,0.0897215
19,S1,neutral,613.0790432000067,0.14569675
19,S1,infection,631.1099553999957,0.0863091666666667
19,S1,neutral,649.1418901999714,0.1714132499999999
19,S1,infection,667.1716052000411,0.1237610833333332
19,S1,neutral,685.2025569999823,0.1378084166666668
19,S1,infection,703.2342882000376,0.1615945833333331
19,S2,neutral,0.0334828000050038,0.0630826699999999
19,S2,neutral,18.042421799968,0.0920188929999999
19,S2,neutral,36.07536879996769,0.0955787803999999
19,S2,infection,54.10504619998392,0.05847295
19,S2,infection,72.13497719995212,0.147123644
19,S2,infection,90.16666180000176,0.0813711999999999
19,S2,neutral,108.19743759999984,0.1073287159999999
19,S2,infection,126.22838849993424,0.1164426209999999
19,S2,neutral,144.2610422000289,0.0894574199999999
19,S2,infection,162.29060019995086,0.0839287503999999
19,S2,neutral,180.3233584000263,0.1386493099999999
19,S2,infection,198.35283789993264,0.0972192899999999
19,S2,neutral,216.3839084999636,0.10432799
19,S2,infection,234.415608100011,0.1772913599999999
19,S2,neutral,252.4474111999152,0.0852878199999999
19,S2,infection,270.4773257999914,0.1072930899999999
19,S2,neutral,288.50866099994164,0.0601169399999999
19,S2,infection,306.53996319998987,0.1566745399999999
19,S2,neutral,324.570587299997,0.14248966
19,S2,infection,342.6020173999714,0.1086003
19,S2,neutral,360.633914200007,0.1317813699999999
19,S2,infection,378.66587839997374,0.0822551499999999
19,S2,neutral,396.696325799916,0.1292270599999999
19,S2,infection,414.7260080999695,0.1163200199999999
19,S2,neutral,432.75906930002384,0.1732248699999999
19,S2,infection,450.7892465000041,0.1420819379999999
19,S2,neutral,468.8213173999684,0.162323954
19,S2,infection,486.85120089992415,0.1467713599999999
19,S2,neutral,504.8842437999556,0.1858419309999999
19,S2,infection,522.9147597999545,0.1526425639999999
19,S2,neutral,540.9444951999467,0.1909977
19,S2,infection,558.9772149999626,0.1184868199999999
19,S2,neutral,577.0072202000301,0.1756175574999999
19,S2,infection,595.0379100999562,0.1603920999999999
19,S2,neutral,613.0695596999722,0.1295541741666665
19,S2,infection,631.102316299919,0.1546215833333333
19,S2,neutral,649.1319683999754,0.1854435599999999
19,S2,infection,667.1642917999998,0.0841460333333333
19,S2,neutral,685.1954733999446,0.1712097999999999
19,S2,infection,703.2247338999296,0.1222695999999999
20,S1,neutral,0.0049964999780058,0.0864529311249999
20,S1,neutral,18.039524599909782,0.1113554849999999
20,S1,neutral,36.07005509990268,0.1949660939999999
20,S1,infection,54.10082299995702,0.261110776
20,S1,infection,72.20515679998789,0.1473229639999999
20,S1,infection,90.16305540001484,0.1071468239999999
20,S1,neutral,108.1951341999229,0.1449801339999999
20,S1,infection,126.22562419995666,0.0742990139999999
20,S1,neutral,144.25824499991722,0.1419577669999999
20,S1,infection,162.28952029999346,0.1081678099999999
20,S1,neutral,180.32121119997464,0.135472706
20,S1,infection,198.3527339999564,0.1329840999999999
20,S1,neutral,216.3835050999187,0.1296442999999999
20,S1,infection,234.4167748999316,0.08851031
20,S1,neutral,252.44667540001683,0.1047235399999999
20,S1,infection,270.4792417999124,0.08687124
20,S1,neutral,288.5090095999185,0.2115931999999999
20,S1,infection,306.5420056999428,0.08524654
20,S1,neutral,324.5737151999492,0.1627713999999999
20,S1,infection,342.6048674999038,0.0959267799999999
20,S1,neutral,360.63666189997457,0.1813939899999999
20,S1,infection,378.6699647000059,0.1322706699999999
20,S1,neutral,396.69998939998914,0.1375669899999999
20,S1,infection,414.73142329999246,0.17226197
20,S1,neutral,432.7607537999283,0.1537062399999999
20,S1,infection,450.7930768999504,0.12843158
20,S1,neutral,468.823744699941,0.1448245399999999
20,S1,infection,486.8531461999519,0.15441194
20,S1,neutral,504.883466499974,0.1175180899999999
20,S1,infection,522.9153629000066,0.1543431599999999
20,S1,neutral,540.9457265000092,0.1593856049999999
20,S1,infection,558.9783502999926,0.16809404
20,S1,neutral,577.0097926999442,0.0886930399999999
20,S1,infection,595.0396193999331,0.1761585333333333
20,S1,neutral,613.0715206000023,0.1236354333333332
20,S1,infection,631.1012757999124,0.1731360166666666
20,S1,neutral,649.1327019999735,0.1922399833333333
20,S1,infection,667.1640953000169,0.1294315799999999
20,S1,neutral,685.1948331999592,0.1346656833333332
20,S1,infection,703.2256792999106,0.1299975499999999
20,S2,neutral,0.0304887000238522,0.1562849109999999
20,S2,neutral,18.0375205000164,0.1527006299999999
20,S2,neutral,36.06998480006587,0.1810672659999999
20,S2,infection,54.1014073000988,0.1191762319999999
20,S2,infection,72.13079710002057,0.1461706589999999
20,S2,infection,90.16342310002074,0.131030216
20,S2,neutral,108.19292490009684,0.1439177477999999
20,S2,infection,126.22574050002731,0.1593583172
20,S2,neutral,144.25622580002528,0.1041392348
20,S2,infection,162.28654340002686,0.1262564559999999
20,S2,neutral,180.3194973000791,0.1487283639999999
20,S2,infection,198.34961290005592,0.143962424
20,S2,neutral,216.3791250000941,0.2065901131999999
20,S2,infection,234.4106574000325,0.1161420399999999
20,S2,neutral,252.4428130000597,0.1333768299999999
20,S2,infection,270.47437820001505,0.2194828239999999
20,S2,neutral,288.5054039000533,0.1220812599999999
20,S2,infection,306.5357073000632,0.1564657699999999
20,S2,neutral,324.5674743000418,0.166300752
20,S2,infection,342.598725900054,0.1607547899999999
20,S2,neutral,360.6307678000303,0.11213498
20,S2,infection,378.6612779001007,0.1247676959999999
20,S2,neutral,396.6918628000421,0.2170462759999999
20,S2,infection,414.7236255001044,0.1640190399999999
20,S2,neutral,432.7548402000684,0.1701917999999999
20,S2,infection,450.7865141000366,0.1437741799999999
20,S2,neutral,468.8178714000387,0.18031524
20,S2,infection,486.84919690003153,0.1391076599999999
20,S2,neutral,504.87903370009735,0.16831584
20,S2,infection,522.9116589000914,0.1612441939999999
20,S2,neutral,540.942377600004,0.2043240099999999
20,S2,infection,558.9737832000246,0.1399614499999999
20,S2,neutral,577.0036108000204,0.1401195916666665
20,S2,infection,595.035290400032,0.2214707799999999
20,S2,neutral,613.0676917000674,0.1902497336666666
20,S2,infection,631.0984297000105,0.1218433066666666
20,S2,neutral,649.1279815000016,0.1648111639999998
20,S2,infection,667.1621067000087,0.2626345033333332
20,S2,neutral,685.1910249000648,0.1854723824999999
20,S2,infection,703.2225547000999,0.1315140759999999
22,S1,neutral,0.0049798000836744,0.0937061349999999
22,S1,neutral,18.043227200047117,0.1616915719999999
22,S1,neutral,36.074195399996825,0.1723173424
22,S1,infection,54.10624640004244,0.2129497939999999
22,S1,infection,72.21043720003217,0.1513704659999999
22,S1,infection,90.1679217000492,0.303072466
22,S1,neutral,108.20056500006469,0.2755186639999999
22,S1,infection,126.23176049999891,0.242817156
22,S1,neutral,144.26412140007596,0.35626981
22,S1,infection,162.29424730001483,0.2030845099999999
22,S1,neutral,180.3255797000602,0.286656515
22,S1,infection,198.35772880003788,0.2530491527999999
22,S1,neutral,216.3877500999952,0.1683570399999999
22,S1,infection,234.4207095000893,0.1772727599999999
22,S1,neutral,252.4518696999876,0.237635047
22,S1,infection,270.4834185000509,0.2211880099999999
22,S1,neutral,288.51470639999025,0.2622346
22,S1,infection,306.54692560003605,0.1009801499999999
22,S1,neutral,324.5785348000936,0.33464148
22,S1,infection,342.608204600052,0.1871956799999999
22,S1,neutral,360.64254770008847,0.26159537
22,S1,infection,378.6721699000336,0.2840755899999999
22,S1,neutral,396.70432670006994,0.2314426399999999
22,S1,infection,414.7360347000649,0.2509490399999999
22,S1,neutral,432.76892719999887,0.2534333999999999
22,S1,infection,450.79983260005247,0.2970366999999999
22,S1,neutral,468.8302972000092,0.3187932
22,S1,infection,486.8588112000143,0.23421818
22,S1,neutral,504.8911860000808,0.2102175
22,S1,infection,522.9226432000287,0.2263328999999999
22,S1,neutral,540.9528499000007,0.3372130999999999
22,S1,infection,558.9833318000892,0.1625080999999999
22,S1,neutral,577.0139690000797,0.3877118333333335
22,S1,infection,595.0450520000886,0.2338434166666666
22,S1,neutral,613.0779503000667,0.31310675
22,S1,infection,631.1071129000047,0.3316348333333334
22,S1,neutral,649.1385202000383,0.31918325
22,S1,infection,667.1697864000453,0.387099
22,S1,neutral,685.2006391000468,0.2455204999999999
22,S1,infection,703.2332390000811,0.3390881666666666
22,S2,neutral,0.0238123000599443,0.213738035
22,S2,neutral,18.044426699983887,0.286935314
22,S2,neutral,36.07535729999654,0.256781111
22,S2,infection,54.10491230001208,0.253752792
22,S2,infection,72.13696559995878,0.2243514439999999
22,S2,infection,90.16858830000274,0.2585622319999999
22,S2,neutral,108.19859449996147,0.39911384
22,S2,infection,126.22921440005302,0.418242042
22,S2,neutral,144.26155589998234,0.4230730419999999
22,S2,infection,162.29145729995798,0.39845788
22,S2,neutral,180.3223945000209,0.554055685
22,S2,infection,198.3547919000266,0.2665452799999999
22,S2,neutral,216.3861119999783,0.301640202
22,S2,infection,234.41725479997697,0.5012057261
22,S2,neutral,252.49841110000847,0.1753877079999999
22,S2,infection,270.5279709000606,0.2780688919999999
22,S2,neutral,288.5616836999543,0.2497991719999999
22,S2,infection,306.5908975000493,0.4707559879999999
22,S2,neutral,324.62298670003656,0.2637610254999999
22,S2,infection,342.65424059994984,0.2813628763999999
22,S2,neutral,360.6847475999966,0.2994294039999999
22,S2,infection,378.7146570000332,0.2908842628
22,S2,neutral,396.74771170003805,0.282889052
22,S2,infection,414.7783932000166,0.3221632131999999
22,S2,neutral,432.8095839000307,0.394793296
22,S2,infection,450.841446800041,0.36071759
22,S2,neutral,468.8717735999962,0.2684983199999999
22,S2,infection,486.90223110001534,0.1912069799999999
22,S2,neutral,504.9347479999997,0.3321896
22,S2,infection,522.9656379000517,0.3729747199999999
22,S2,neutral,540.995534799993,0.1905585399999999
22,S2,infection,559.0772069999948,0.5132479999999999
22,S2,neutral,577.1090152000543,0.2114254999999999
22,S2,infection,595.1404159000376,0.2005255333333332
22,S2,neutral,613.2213476999896,0.3018077499999999
22,S2,infection,631.2532869999995,0.2021626399999999
22,S2,neutral,649.2833609000081,0.4039363166666666
22,S2,infection,667.3155615000287,0.5240656833333333
22,S2,neutral,685.3467004999984,0.8703897833333333
22,S2,infection,703.3781986000249,0.3474407
23,S1,neutral,0.0056784000480547,0.0971090299999999
23,S1,neutral,18.04766479996033,0.1027896259999999
23,S1,neutral,36.07995380007196,0.1790026838
23,S1,infection,54.11116359999869,0.0822081489999999
23,S1,infection,72.21844740002416,0.1203883899999999
23,S1,infection,90.17427139997017,0.1638234067999999
23,S1,neutral,108.2066194000654,0.140683548
23,S1,infection,126.23705900006462,0.111861634
23,S1,neutral,144.26870120002422,0.129415186
23,S1,infection,162.29989480006043,0.1409383739999999
23,S1,neutral,180.33290999999736,0.1311357899999999
23,S1,infection,198.36301510001067,0.147326628
23,S1,neutral,216.39479659998324,0.179928082
23,S1,infection,234.42764210002497,0.092632843
23,S1,neutral,252.457293100073,0.1623057999999999
23,S1,infection,270.4900475000032,0.1203754273999999
23,S1,neutral,288.5217820999678,0.1733953999999999
23,S1,infection,306.55283279996365,0.12599601
23,S1,neutral,324.5841915999772,0.0996147539999999
23,S1,infection,342.6166677000001,0.217766
23,S1,neutral,360.6467617000453,0.0892774439999999
23,S1,infection,378.67932650004514,0.0710910399999999
23,S1,neutral,396.7105563000077,0.2551613179999999
23,S1,infection,414.7416329999687,0.118457502
23,S1,neutral,432.7717333000619,0.1923234699999999
23,S1,infection,450.80255110003054,0.1515681439999999
23,S1,neutral,468.8327463000314,0.1430909999999999
23,S1,infection,486.8655164999655,0.1447738539999999
23,S1,neutral,504.89500460005365,0.168695232
23,S1,infection,522.9265917000594,0.20938516
23,S1,neutral,540.956307800021,0.152210938
23,S1,infection,558.9893879999872,0.0961979679999999
23,S1,neutral,577.0187910000095,0.1978782841666666
23,S1,infection,595.0509754000232,0.1617884333333333
23,S1,neutral,613.081217900035,0.0866221083333332
23,S1,infection,631.1132276999997,0.1611036816666666
23,S1,neutral,649.1430287000258,0.2004944766666666
23,S1,infection,667.1745336999884,0.1426603416666666
23,S1,neutral,685.2061043999856,0.0805923758333333
23,S1,infection,703.2365610999987,0.1536406166666666
23,S2,neutral,0.0280562000116333,0.1024643075
23,S2,neutral,18.03515020001214,0.1186790975999999
23,S2,neutral,36.06733030010946,0.1964880749999999
23,S2,infection,54.097456000046805,0.294401219
23,S2,infection,72.13059020007495,0.144789658
23,S2,infection,90.16054060007446,0.1074405699999999
23,S2,neutral,108.1928541000234,0.1584823099999999
23,S2,infection,126.22166270005982,0.1360130999999999
23,S2,neutral,144.25374860002194,0.0986585209999999
23,S2,infection,162.2850158000365,0.6882721199999999
23,S2,neutral,180.31583230011165,0.44877716
23,S2,infection,198.3464749000268,0.356624992
23,S2,neutral,216.3785117000807,0.303583155
23,S2,infection,234.41031710000243,0.1307955019999999
23,S2,neutral,252.44181810005105,0.165749868
23,S2,infection,270.47213380003814,0.1305249639999999
23,S2,neutral,288.50333900004625,0.1042690759999999
23,S2,infection,306.5351672000252,0.1545140929999999
23,S2,neutral,324.56627270008903,0.2047535089999999
23,S2,infection,342.59641710005235,0.1105025299999999
23,S2,neutral,360.62832890008576,0.2088932159999999
23,S2,infection,378.6594778000144,0.337243472
23,S2,neutral,396.6922366000945,0.15682095
23,S2,infection,414.7216659000842,0.163133704
23,S2,neutral,432.75286500004586,0.16299437
23,S2,infection,450.78502080007456,0.1946833239999999
23,S2,neutral,468.81511170009617,0.139921
23,S2,infection,486.8465041000163,0.0908017329999999
23,S2,neutral,504.878090400016,0.30294075
23,S2,infection,522.9091611000476,0.14336385
23,S2,neutral,540.9399987000506,0.2042259739999999
23,S2,infection,558.9716828000965,0.368495696
23,S2,neutral,577.0033209000248,0.2773497333333334
23,S2,infection,595.0324408001034,0.13258685
23,S2,neutral,613.0649490000214,0.23146095
23,S2,infection,631.0953920000466,0.2996033093333333
23,S2,neutral,649.1266266000457,0.3555170416666666
23,S2,infection,667.1584975000005,0.2959799416666667
23,S2,neutral,685.1914758000057,0.36081321
23,S2,infection,703.2199881999986,0.5255808991666667
24,S1,neutral,0.004647699999623,0.0817476038499999
24,S1,neutral,18.039060799987052,0.08238278302
24,S1,neutral,36.07030229992233,0.145832973
24,S1,infection,54.10264919989277,0.2328645035999999
24,S1,infection,72.20535559998825,0.1723148109999999
24,S1,infection,90.16479269997215,0.0962638279999999
24,S1,neutral,108.19736289989667,0.13728494709
24,S1,infection,126.2279440999264,0.1085709659999999
24,S1,neutral,144.2610954999691,0.1036221679999999
24,S1,infection,162.290630399948,0.0853510083999999
24,S1,neutral,180.3233324999455,0.1776521099999999
24,S1,infection,198.35484359995465,0.1193399899999999
24,S1,neutral,216.38657559989952,0.1477041699999999
24,S1,infection,234.4175609999802,0.1199965699999999
24,S1,neutral,252.44761239993383,0.1329841299999999
24,S1,infection,270.48133199999575,0.1347101999999999
24,S1,neutral,288.51188799995,0.1378177399999999
24,S1,infection,306.5438602999784,0.1525422649999999
24,S1,neutral,324.57540459989104,0.1037119909999999
24,S1,infection,342.6075687999837,0.1467230139999999
24,S1,neutral,360.6376613999018,0.1193969599999999
24,S1,infection,378.6683747998904,0.1129993499999999
24,S1,neutral,396.70046199997887,0.1370837899999999
24,S1,infection,414.73101189988665,0.1176815999999999
24,S1,neutral,432.7609253999544,0.1285693119999999
24,S1,infection,450.79251509998,0.1647376799999999
24,S1,neutral,468.8227037999313,0.1302085099999999
24,S1,infection,486.8538989999797,0.1182834
24,S1,neutral,504.8855538999196,0.1370317999999998
24,S1,infection,522.9154521999881,0.1528835599999999
24,S1,neutral,540.9468800999457,0.1246930799999999
24,S1,infection,558.9778802999062,0.1440473999999998
24,S1,neutral,577.0080104999943,0.1372920833333333
24,S1,infection,595.0401594999712,0.1578804416666665
24,S1,neutral,613.0714666999411,0.1250653333333333
24,S1,infection,631.1027481999481,0.13201525
24,S1,neutral,649.1335885999724,0.1469474999999998
24,S1,infection,667.1647980998969,0.1148605833333333
24,S1,neutral,685.1972214999842,0.1006258333333333
24,S1,infection,703.2261537999148,0.1443724999999999
24,S2,neutral,0.0337579000042751,0.0811430649575
24,S2,neutral,18.033844899968244,0.1169391165999999
24,S2,neutral,36.06421829992905,0.1806942356
24,S2,infection,54.09547139995266,0.1989936673999999
24,S2,infection,72.12549139990006,0.1469216899999999
24,S2,infection,90.15641129994764,0.2457112299999999
24,S2,neutral,108.18688639998436,0.138667421
24,S2,infection,126.21764759998769,0.094467637
24,S2,neutral,144.24976619996596,0.1734936521999999
24,S2,infection,162.2817342999624,0.1064245287999999
24,S2,neutral,180.31128209992312,0.0772514359999999
24,S2,infection,198.3423860999756,0.1323109599999999
24,S2,neutral,216.37507680000272,0.0994567399999999
24,S2,infection,234.40412319998725,0.1337449539999999
24,S2,neutral,252.43664549989623,0.0754617119999999
24,S2,infection,270.46734139998443,0.1209710999999999
24,S2,neutral,288.49776729999576,0.2227281499999999
24,S2,infection,306.532347099972,0.0994279379999999
24,S2,neutral,324.5612380999373,0.1630583379999999
24,S2,infection,342.5919026999036,0.1304926799999999
24,S2,neutral,360.622589699924,0.1395426279999999
24,S2,infection,378.6546656999272,0.1047606499999999
24,S2,neutral,396.68522379989736,0.1155742799999999
24,S2,infection,414.7183580999263,0.1106114409999999
24,S2,neutral,432.7482706999872,0.1120824879999999
24,S2,infection,450.7785239999648,0.1498705939999999
24,S2,neutral,468.8110588999698,0.13573533
24,S2,infection,486.8413000999717,0.239875712
24,S2,neutral,504.8737873999635,0.1161787619999999
24,S2,infection,522.9054328999482,0.1132070699999999
24,S2,neutral,540.9354070998961,0.1726774567999999
24,S2,infection,558.9671706999652,0.10742563
24,S2,neutral,576.9982335999375,0.11767245
24,S2,infection,595.0300172999268,0.1721452583333332
24,S2,neutral,613.0602821999928,0.1356237883333333
24,S2,infection,631.092113199993,0.14940803
24,S2,neutral,649.1221247999929,0.1020172249999999
24,S2,infection,667.1531394999474,0.1327885999999999
24,S2,neutral,685.1861180999549,0.1878299416666666
24,S2,infection,703.2174870999297,0.3049864133333332
25,S1,neutral,0.0049439000431448,0.1191984749999999
25,S1,neutral,18.04781780007761,0.0702510289999999
25,S1,neutral,36.07799300004263,0.0974274337999999
25,S1,infection,54.110828800010495,0.106531893
25,S1,infection,72.2152435000753,0.1087847929999999
25,S1,infection,90.17371190001722,0.0687882629999999
25,S1,neutral,108.2051845000824,0.0973676509999999
25,S1,infection,126.2355745000532,0.08631725
25,S1,neutral,144.26685620006174,0.0672000529999999
25,S1,infection,162.29917210002895,0.0684193779999999
25,S1,neutral,180.3307766000507,0.22647268
25,S1,infection,198.3632792000426,0.0623376799999999
25,S1,neutral,216.39375290006865,0.1014875899999999
25,S1,infection,234.42376210005023,0.0857181599999999
25,S1,neutral,252.456959299976,0.0618956319999999
25,S1,infection,270.48773240006994,0.0593386099999999
25,S1,neutral,288.52103299996816,0.071666284
25,S1,infection,306.550472300034,0.0592913139999999
25,S1,neutral,324.58179099997506,0.1185608676
25,S1,infection,342.6142293000594,0.0893004899999999
25,S1,neutral,360.6441371999681,0.0999663349999999
25,S1,infection,378.6769934999757,0.0767883616999999
25,S1,neutral,396.7086740999948,0.0863224719999999
25,S1,infection,414.739534500055,0.140440865
25,S1,neutral,432.77097459998913,0.0738129679999999
25,S1,infection,450.8034538000357,0.0922112479999999
25,S1,neutral,468.8362909000134,0.0779233459999999
25,S1,infection,486.8655084000202,0.1206131699999999
25,S1,neutral,504.8967089999933,0.1006061499999999
25,S1,infection,522.928023800021,0.0483429087999999
25,S1,neutral,540.959148599999,0.0957532199999999
25,S1,infection,558.9907657000003,0.1103945199999999
25,S1,neutral,577.0214940999867,0.0728410333333332
25,S1,infection,595.0513322000625,0.1023553166666666
25,S1,neutral,613.0829051000765,0.1069926999999999
25,S1,infection,631.1132165000308,0.1361488
25,S1,neutral,649.1449121000478,0.1069722666666666
25,S1,infection,667.1755236000754,0.1104010333333333
25,S1,neutral,685.2066106999991,0.0804677666666666
25,S1,infection,703.2385253000539,0.0910290916666666
25,S2,neutral,0.0321889999322593,0.0738932162499999
25,S2,neutral,18.039903299999423,0.07765068
25,S2,neutral,36.06996280001477,0.0928724649999999
25,S2,infection,54.101773599977605,0.0867037282
25,S2,infection,72.13295629993081,0.1015036449999999
25,S2,infection,90.1629029000178,0.0858633679999999
25,S2,neutral,108.19591469992884,0.1216271879999999
25,S2,infection,126.22672449995298,0.1701366979999999
25,S2,neutral,144.25510730000678,0.0936310519999999
25,S2,infection,162.2871411999222,0.1051105532
25,S2,neutral,180.3198517999845,0.1259835997999999
25,S2,infection,198.34957279998343,0.0983160180499999
25,S2,neutral,216.38034469995185,0.1145185577
25,S2,infection,234.41235959995532,0.0978632761999999
25,S2,neutral,252.44282859994564,0.086725682
25,S2,infection,270.473158699926,0.0625668699999999
25,S2,neutral,288.50513399997726,0.0940352179999999
25,S2,infection,306.53710999991745,0.0792426379999999
25,S2,neutral,324.568564599962,0.0888861859999999
25,S2,infection,342.5988728000084,0.0987979439999999
25,S2,neutral,360.6297491999576,0.1444828511999999
25,S2,infection,378.6609993999591,0.0796084299999999
25,S2,neutral,396.6930398999248,0.1130517769999999
25,S2,infection,414.7238469999283,0.1140949499999999
25,S2,neutral,432.7557348000119,0.1194571259999999
25,S2,infection,450.7869558999082,0.0747107259999999
25,S2,neutral,468.8169847999234,0.1930202979999999
25,S2,infection,486.8479278999148,0.0723078999999999
25,S2,neutral,504.8795631999383,0.108764674
25,S2,infection,522.9103133999743,0.082148114
25,S2,neutral,540.9418853999814,0.0749214257599999
25,S2,infection,558.9728203999111,0.1413028099999999
25,S2,neutral,577.0030962999444,0.0864988366666665
25,S2,infection,595.0349813000066,0.0978600008333332
25,S2,neutral,613.0653055999428,0.1537393233333333
25,S2,infection,631.0977071999805,0.1223643341666666
25,S2,neutral,649.1284309999319,0.1510295316666666
25,S2,infection,667.1608765999554,0.0808302616666666
25,S2,neutral,685.1903397999704,0.1119786783333333
25,S2,infection,703.2226049000164,0.099369775
26,S1,neutral,0.0044152000918984,0.0934622475
26,S1,neutral,18.049732399987988,0.1432077808
26,S1,neutral,36.078146400046535,0.1071776529999999
26,S1,infection,54.11065410007723,0.126118968
26,S1,infection,72.21475160005502,0.1006519599999999
26,S1,infection,90.17346550000366,0.1470629359999999
26,S1,neutral,108.20433049998246,0.0910316539999999
26,S1,infection,126.23711159999948,0.0826132179999999
26,S1,neutral,144.26766370004043,0.1034488519999999
26,S1,infection,162.29785910004284,0.1531518659999999
26,S1,neutral,180.33111240004652,0.172517266
26,S1,infection,198.36287760001144,0.1071463419999999
26,S1,neutral,216.3928477000445,0.1956850699999999
26,S1,infection,234.42457670008292,0.1062401479999999
26,S1,neutral,252.45713820005767,0.1693339067999999
26,S1,infection,270.4882116999943,0.1273787499999999
26,S1,neutral,288.51998910005204,0.0904619199999999
26,S1,infection,306.55142620007973,0.1710294419999999
26,S1,neutral,324.5834180000238,0.1099667023999999
26,S1,infection,342.61365760001354,0.1046945959999999
26,S1,neutral,360.6452045000624,0.1061220599999999
26,S1,infection,378.6789248000132,0.1819003599999999
26,S1,neutral,396.70951640000567,0.13775972
26,S1,infection,414.73863660008647,0.0971797799999999
26,S1,neutral,432.7718548000557,0.1420236839999999
26,S1,infection,450.80190500000026,0.1825800579999999
26,S1,neutral,468.8330253000604,0.1797829999999999
26,S1,infection,486.8627434000373,0.15994566
26,S1,neutral,504.894536399981,0.1959434599999999
26,S1,infection,522.9257692000829,0.2259113479999999
26,S1,neutral,540.9574628000846,0.1391427119999999
26,S1,infection,558.9876539000543,0.1977045999999999
26,S1,neutral,577.0192238000454,0.15307919
26,S1,infection,595.0480373000028,0.1338847366666666
26,S1,neutral,613.0812942000339,0.1493307499999999
26,S1,infection,631.1114601000445,0.1061874466666666
26,S1,neutral,649.1424315000186,0.1369537566666666
26,S1,infection,667.1741754000541,0.1466401799999999
26,S1,neutral,685.2050114000449,0.1268589833333332
26,S1,infection,703.2344957999885,0.1369783333333332
26,S2,neutral,0.0328651999589055,0.130390929
26,S2,neutral,18.04115519998595,0.1185114819999999
26,S2,neutral,36.07086650002748,0.1756934987799999
26,S2,infection,54.1019717999734,0.2126587687199999
26,S2,infection,72.13490259996615,0.10990638
26,S2,infection,90.1658120000502,0.1477401659999999
26,S2,neutral,108.1959799999604,0.124510028
26,S2,infection,126.22740089998116,0.0781418399999999
26,S2,neutral,144.26004099997226,0.1178973919999999
26,S2,infection,162.2906092000194,0.1422595199999999
26,S2,neutral,180.3215541000245,0.0957850859999999
26,S2,infection,198.35212150006555,0.294231604
26,S2,neutral,216.38389960001223,0.1556924179999999
26,S2,infection,234.41496930003632,0.1336284665999999
26,S2,neutral,252.4454159999732,0.1449854
26,S2,infection,270.47616860002745,0.1230419779999999
26,S2,neutral,288.50776399997994,0.1596835455999999
26,S2,infection,306.5391803999664,0.0738774079999999
26,S2,neutral,324.5718524999684,0.2004341419999999
26,S2,infection,342.6020392000209,0.1633447139999999
26,S2,neutral,360.6327624999685,0.31771422
26,S2,infection,378.6638113000663,0.14998622
26,S2,neutral,396.6938420999795,0.1373356799999999
26,S2,infection,414.7252363000298,0.17784174
26,S2,neutral,432.7565283000003,0.1265597799999999
26,S2,infection,450.7888245000504,0.2425575799999999
26,S2,neutral,468.81998689996544,0.152222622
26,S2,infection,486.8507978999987,0.2430460800000001
26,S2,neutral,504.8814542000182,0.2261985
26,S2,infection,522.9139991999837,0.2657962240000001
26,S2,neutral,540.943947999971,0.2251523499999999
26,S2,infection,558.9754223000491,0.17852914
26,S2,neutral,577.0081500000088,0.1685613566666665
26,S2,infection,595.0387191000627,0.1546269166666666
26,S2,neutral,613.0698252000147,0.2082409899999999
26,S2,infection,631.0998589000665,0.2148822266666666
26,S2,neutral,649.1315085999668,0.2171443433333333
26,S2,infection,667.1619242000161,0.1818181666666665
26,S2,neutral,685.1946529999841,0.2172963366666665
26,S2,infection,703.2252844000468,0.2029944166666666
27,S1,neutral,0.0048408000002382,0.0634455783999999
27,S1,neutral,18.042448899999727,0.1836932059999999
27,S1,neutral,36.07274679999682,0.179977331
27,S1,infection,54.10542239999632,0.152701237
27,S1,infection,72.20980499999132,0.1201637464399999
27,S1,infection,90.16642110000248,0.1958327879999999
27,S1,neutral,108.1994854999939,0.7073487
27,S1,infection,126.23029049999604,0.2238212299999999
27,S1,neutral,144.26334619999398,0.0938761529999999
27,S1,infection,162.29511049999564,0.1337448459999999
27,S1,neutral,180.32524879999983,0.3495105759999999
27,S1,infection,198.35826589999488,0.2217806999999999
27,S1,neutral,216.3893604999903,0.1589871507999999
27,S1,infection,234.42065050000383,0.21514158036
27,S1,neutral,252.45082489999183,0.2824175359999999
27,S1,infection,270.4834594999993,0.1591188399999999
27,S1,neutral,288.514597100002,0.21055739
27,S1,infection,306.5463127999974,0.14679623
27,S1,neutral,324.5787508999929,0.159423342
27,S1,infection,342.61076440000033,0.133019412
27,S1,neutral,360.6411507000011,0.2257268339999999
27,S1,infection,378.67188460000034,0.46890453
27,S1,neutral,396.7038704000006,0.1516815399999999
27,S1,infection,414.73266290000174,0.4448787299999999
27,S1,neutral,432.76653480000095,0.26013378
27,S1,infection,450.7946531999914,0.185676428
27,S1,neutral,468.826292800004,0.39505887
27,S1,infection,486.8592305999919,0.21653086
27,S1,neutral,504.8885289000027,0.1919007599999999
27,S1,infection,522.9196472999902,0.20873116
27,S1,neutral,540.9508138999954,0.1850677999999999
27,S1,infection,558.9827708999946,0.1925003599999999
27,S1,neutral,577.0139039999922,0.1436318499999999
27,S1,infection,595.0426474999986,0.6099101466666667
27,S1,neutral,613.0749941999966,0.2642148166666667
27,S1,infection,631.1052684000024,0.2114124333333334
27,S1,neutral,649.1370353999955,0.1879136833333332
27,S1,infection,667.1685824000015,0.1509792016666666
27,S1,neutral,685.1985896999977,0.2069790833333332
27,S1,infection,703.2307043000037,0.2244586166666665
27,S2,neutral,0.0048408000002382,0.3093322075
27,S2,neutral,18.042448899999727,0.266714802
27,S2,neutral,36.07274679999682,0.7861170869999999
27,S2,infection,54.10542239999632,0.552550944
27,S2,infection,72.20980499999132,0.30251144
27,S2,infection,90.16642110000248,0.3596382199999999
27,S2,neutral,108.1994854999939,1.54780713
27,S2,infection,126.23029049999604,1.4911180799999997
27,S2,neutral,144.26334619999398,0.34104626
27,S2,infection,162.29511049999564,0.3015756799999999
27,S2,neutral,180.32524879999983,0.2073853599999998
27,S2,infection,198.35826589999488,0.2254028999999999
27,S2,neutral,216.3893604999903,0.4239858399999999
27,S2,infection,234.42065050000383,0.3110650799999999
27,S2,neutral,252.45082489999183,0.14301394
27,S2,infection,270.4834594999993,0.2839149799999999
27,S2,neutral,288.514597100002,0.3012656799999999
27,S2,infection,306.5463127999974,0.316799293
27,S2,neutral,324.5787508999929,0.2144227999999999
27,S2,infection,342.61076440000033,0.2992221879999999
27,S2,neutral,360.6411507000011,0.3074762199999999
27,S2,infection,378.67188460000034,0.5375975199999999
27,S2,neutral,396.7038704000006,0.2280817199999999
27,S2,infection,414.73266290000174,0.283166602
27,S2,neutral,432.76653480000095,0.98664534
27,S2,infection,450.7946531999914,0.2225362171999999
27,S2,neutral,468.826292800004,0.2270260899999999
27,S2,infection,486.8592305999919,0.321608764
27,S2,neutral,504.8885289000027,2.72014265
27,S2,infection,522.9196472999902,0.2456291799999999
27,S2,neutral,540.9508138999954,0.2623798389999999
27,S2,infection,558.9827708999946,0.3913692
27,S2,neutral,577.0139039999922,0.2754814025
27,S2,infection,595.0426474999986,0.2630722997499999
27,S2,neutral,613.0749941999966,0.5856853750000001
27,S2,infection,631.1052684000024,0.8187445533333332
27,S2,neutral,649.1370353999955,0.3571657334999999
27,S2,infection,667.1685824000015,0.3537646499999999
27,S2,neutral,685.1985896999977,0.3605318166666666
27,S2,infection,703.2307043000037,0.2325372083333332
29,S1,neutral,0.0048408000002382,0.1569514249999999
29,S1,neutral,18.042448899999727,0.563132977
29,S1,neutral,36.07274679999682,0.1396129376
29,S1,infection,54.10542239999632,0.1862797379999999
29,S1,infection,72.20980499999132,0.1726172399999999
29,S1,infection,90.16642110000248,0.1795534559999999
29,S1,neutral,108.1994854999939,0.2058697699999999
29,S1,infection,126.23029049999604,0.1333675599999999
29,S1,neutral,144.26334619999398,0.14937784
29,S1,infection,162.29511049999564,0.1784952299999999
29,S1,neutral,180.32524879999983,0.47775962
29,S1,infection,198.35826589999488,0.24013249
29,S1,neutral,216.3893604999903,0.18458532
29,S1,infection,234.42065050000383,0.3224194999999999
29,S1,neutral,252.45082489999183,0.2640819399999999
29,S1,infection,270.4834594999993,0.1407611799999999
29,S1,neutral,288.514597100002,0.1346463999999999
29,S1,infection,306.5463127999974,0.2325635399999999
29,S1,neutral,324.5787508999929,0.2251532499999999
29,S1,infection,342.61076440000033,0.2284563999999999
29,S1,neutral,360.6411507000011,0.223828
29,S1,infection,378.67188460000034,0.3211080999999999
29,S1,neutral,396.7038704000006,0.1726510999999999
29,S1,infection,414.73266290000174,0.1498941999999999
29,S1,neutral,432.76653480000095,0.3181848
29,S1,infection,450.7946531999914,0.5121199
29,S1,neutral,468.826292800004,0.2227652
29,S1,infection,486.8592305999919,0.2656271599999999
29,S1,neutral,504.8885289000027,0.2089913999999999
29,S1,infection,522.9196472999902,0.1972770199999999
29,S1,neutral,540.9508138999954,0.1679582999999999
29,S1,infection,558.9827708999946,0.1171297999999999
29,S1,neutral,577.0139039999922,0.2251519166666666
29,S1,infection,595.0426474999986,0.3327625833333333
29,S1,neutral,613.0749941999966,0.2098097499999999
29,S1,infection,631.1052684000024,0.1514292499999999
29,S1,neutral,649.1370353999955,0.1701756666666666
29,S1,infection,667.1685824000015,0.20171985
29,S1,neutral,685.1985896999977,0.34422325
29,S1,infection,703.2307043000037,0.1734115
29,S2,neutral,0.0048408000002382,0.1890310026375
29,S2,neutral,18.042448899999727,0.0842020039999999
29,S2,neutral,36.07274679999682,0.2421463723999999
29,S2,infection,54.10542239999632,0.1529357399999999
29,S2,infection,72.20980499999132,0.1079241137999999
29,S2,infection,90.16642110000248,0.1464238516
29,S2,neutral,108.1994854999939,0.45906905812
29,S2,infection,126.23029049999604,0.1279184549999999
29,S2,neutral,144.26334619999398,0.27168505
29,S2,infection,162.29511049999564,0.1251116783999999
29,S2,neutral,180.32524879999983,0.1793168099999999
29,S2,infection,198.35826589999488,0.23807984
29,S2,neutral,216.3893604999903,0.17074097
29,S2,infection,234.42065050000383,0.2625249329999999
29,S2,neutral,252.45082489999183,0.18431234
29,S2,infection,270.4834594999993,0.2138081039999999
29,S2,neutral,288.514597100002,0.161584985
29,S2,infection,306.5463127999974,0.2244389512679999
29,S2,neutral,324.5787508999929,0.3732999579999999
29,S2,infection,342.61076440000033,0.0731267219999999
29,S2,neutral,360.6411507000011,0.2115355359999999
29,S2,infection,378.67188460000034,0.162331638
29,S2,neutral,396.7038704000006,0.273512216
29,S2,infection,414.73266290000174,0.1428076399999999
29,S2,neutral,432.76653480000095,0.1672317119999999
29,S2,infection,450.7946531999914,0.17199216
29,S2,neutral,468.826292800004,0.20498824
29,S2,infection,486.8592305999919,0.1635668799999999
29,S2,neutral,504.8885289000027,0.1978674999999999
29,S2,infection,522.9196472999902,0.207194388
29,S2,neutral,540.9508138999954,0.407901072
29,S2,infection,558.9827708999946,0.1829981975999999
29,S2,neutral,577.0139039999922,0.1833235833333333
29,S2,infection,595.0426474999986,0.1778306651666666
29,S2,neutral,613.0749941999966,0.2576517749999999
29,S2,infection,631.1052684000024,0.0909896016666666
29,S2,neutral,649.1370353999955,0.1387853699999999
29,S2,infection,667.1685824000015,0.1371009499999999
29,S2,neutral,685.1985896999977,0.1419420666666666
29,S2,infection,703.2307043000037,0.3072577343333333
31,S1,neutral,0.0152659000004859,0.0998490625
31,S1,neutral,18.03809340000043,0.158842179
31,S1,neutral,36.07050739999977,0.1744015709999999
31,S1,infection,54.10029940000004,0.139794695
31,S1,infection,72.20371580000028,0.0885875599999999
31,S1,infection,90.16371789999994,0.15112078
31,S1,neutral,108.19450479999978,0.12512144
31,S1,infection,126.22582109999983,0.09950584
31,S1,neutral,144.2587394000002,0.2390392199999999
31,S1,infection,162.28988110000046,0.13923581
31,S1,neutral,180.32034529999964,0.0652982399999999
31,S1,infection,198.35344559999976,0.0984023899999999
31,S1,neutral,216.38279059999968,0.0762949799999999
31,S1,infection,234.4168665999996,0.1135772459999999
31,S1,neutral,252.44771260000016,0.1230166209999999
31,S1,infection,270.4779830999996,0.0743741179999999
31,S1,neutral,288.5106076000002,0.1489366109999999
31,S1,infection,306.5421282999996,0.1087897989999999
31,S1,neutral,324.5737587000003,0.2048982369999999
31,S1,infection,342.60494279999966,0.1141236899999999
31,S1,neutral,360.6371835,0.1065297639999999
31,S1,infection,378.66795470000034,0.0685063399999999
31,S1,neutral,396.7006570000003,0.1369109719999999
31,S1,infection,414.7311409000003,0.250211969
31,S1,neutral,432.7625487000005,0.1308207319999999
31,S1,infection,450.7923065000005,0.2191374179999999
31,S1,neutral,468.82470269999976,0.1544062379999999
31,S1,infection,486.8548424999999,0.0947135599999999
31,S1,neutral,504.8870893000003,0.0987814663999999
31,S1,infection,522.9176252999996,0.186119574
31,S1,neutral,540.9472162000002,0.1031318859999999
31,S1,infection,558.978693,0.1548205219999999
31,S1,neutral,577.0090472000002,0.1303145333333333
31,S1,infection,595.0411664000003,0.2032182183333333
31,S1,neutral,613.0710523999996,0.0955119416666666
31,S1,infection,631.1017505999998,0.1146288866666666
31,S1,neutral,649.1344167999996,0.2602293416666666
31,S1,infection,667.1650965999997,0.0832315083333332
31,S1,neutral,685.1958936999999,0.2105491416666667
31,S1,infection,703.2275262000003,0.4800660149999999
31,S2,neutral,0.0311572000000524,0.0851156126524999
31,S2,neutral,18.03912849999961,0.1180703839999999
31,S2,neutral,36.0715995999999,0.196983586
31,S2,infection,54.10172520000015,0.0669140099999999
31,S2,infection,72.13172140000006,0.1737499499999999
31,S2,infection,90.16448080000008,0.1176909299999999
31,S2,neutral,108.1963122999996,0.23827808
31,S2,infection,126.22765329999947,0.0711752599999999
31,S2,neutral,144.2572425999997,0.126003456
31,S2,infection,162.2899127999999,0.1652596599999999
31,S2,neutral,180.32066339999983,0.0941890499999999
31,S2,infection,198.34965289999943,0.1539796199999999
31,S2,neutral,216.38113949999936,0.1186574399999999
31,S2,infection,234.41369750000013,0.0731088799999999
31,S2,neutral,252.44556809999995,0.4986870599999999
31,S2,infection,270.47433079999973,0.1095551199999999
31,S2,neutral,288.5086416999993,0.1240682599999999
31,S2,infection,306.53726279999955,0.21249956
31,S2,neutral,324.56869819999974,0.2116638599999999
31,S2,infection,342.6014584999993,0.1747421199999999
31,S2,neutral,360.63203519999934,0.1486792999999999
31,S2,infection,378.66330169999947,0.25018057
31,S2,neutral,396.6945939999996,0.16041766
31,S2,infection,414.7244909000001,0.23717978
31,S2,neutral,432.75823599999967,0.2558188544
31,S2,infection,450.7871276999995,0.1723577439999999
31,S2,neutral,468.8190237999997,0.2163756849999999
31,S2,infection,486.8493047000002,0.2373276999999999
31,S2,neutral,504.8815103999996,0.152684003
31,S2,infection,522.9139392999996,0.2019723639999999
31,S2,neutral,540.9438493999996,0.168248854
31,S2,infection,558.9748663,0.2095770899999999
31,S2,neutral,577.0075207,0.3100613083333332
31,S2,infection,595.0380954000002,0.1673547333333333
31,S2,neutral,613.0690608999994,0.4675332266666667
31,S2,infection,631.1011484999999,0.2135844999999999
31,S2,neutral,649.1313389999996,0.1744423613333333
31,S2,infection,667.1633382,0.1957118633333333
31,S2,neutral,685.1944139999996,0.1902227324999999
31,S2,infection,703.2251001999994,0.5061226333333332
32,S1,neutral,0.0060091000004831,0.0875225325
32,S1,neutral,18.03747879999992,0.0790406239999999
32,S1,neutral,36.06973240000025,0.0941296629999999
32,S1,infection,54.09977729999992,0.0931104999999999
32,S1,infection,72.2034104000004,0.096069763
32,S1,infection,90.1638739,0.0752198849999999
32,S1,neutral,108.1950381000006,0.0749567095
32,S1,infection,126.22659120000026,0.0907196487999999
32,S1,neutral,144.2594482000004,0.0716191179999999
32,S1,infection,162.28908300000057,0.0951133359999999
32,S1,neutral,180.32195140000024,0.1021229381999999
32,S1,infection,198.35190950000012,0.0670574589999999
32,S1,neutral,216.3843655999999,0.2547722819999999
32,S1,infection,234.4156653,0.0749771199999999
32,S1,neutral,252.44621070000085,0.0670362419999999
32,S1,infection,270.47928820000106,0.0782102624
32,S1,neutral,288.5099634999997,0.0679969283999999
32,S1,infection,306.5414632000002,0.1032766859999999
32,S1,neutral,324.57184060000054,0.1533570779999999
32,S1,infection,342.6011810000009,0.0982929343199999
32,S1,neutral,360.6340588000012,0.1023406099999999
32,S1,infection,378.66348709999966,0.0632563371999999
32,S1,neutral,396.6950403000001,0.2264309219999999
32,S1,infection,414.7256239000008,0.0826180299999999
32,S1,neutral,432.75726230000055,0.1145142599999999
32,S1,infection,450.788269900001,0.09441139
32,S1,neutral,468.8206220000002,0.083990556
32,S1,infection,486.8503690999996,0.0785105419999999
32,S1,neutral,504.8827955000006,0.1055291879999999
32,S1,infection,522.9132930000005,0.1741873659999999
32,S1,neutral,540.9439212000007,0.1068170844
32,S1,infection,558.9765826000012,0.0674512949999999
32,S1,neutral,577.0068634000008,0.1001127699999999
32,S1,infection,595.0375673999997,0.0832684699999999
32,S1,neutral,613.0700368999996,0.0991861593333332
32,S1,infection,631.0997555000004,0.0833607851666666
32,S1,neutral,649.1309896000012,0.1119597641666666
32,S1,infection,667.1616070999999,0.0978209471666666
32,S1,neutral,685.1926479000003,0.3370603883333333
32,S1,infection,703.2232907999996,0.1101138499999999
32,S2,neutral,0.0222579000001132,0.07637987845
32,S2,neutral,18.0465021,0.391053153
32,S2,neutral,36.07700960000148,0.14407317662
32,S2,infection,54.10868860000119,0.1113037669999999
32,S2,infection,72.13992169999983,0.1219734069999999
32,S2,infection,90.17081120000148,0.1164556926
32,S2,neutral,108.20309290000114,0.0834571017
32,S2,infection,126.23369810000077,0.056404288
32,S2,neutral,144.26538160000018,0.0848906939999999
32,S2,infection,162.29468940000152,0.1455005519999999
32,S2,neutral,180.3268036000009,0.186695738
32,S2,infection,198.3585658000011,0.352855806
32,S2,neutral,216.39026250000097,0.171894284
32,S2,infection,234.42035600000057,0.1226277799999999
32,S2,neutral,252.4521703999999,0.1236880815999999
32,S2,infection,270.4829562000013,0.09076639
32,S2,neutral,288.5144926000012,0.08637597
32,S2,infection,306.5466413000013,0.2121598579999999
32,S2,neutral,324.5770977000011,0.1294540719999999
32,S2,infection,342.60958290000053,0.2380105646
32,S2,neutral,360.64169180000135,0.1134622449999999
32,S2,infection,378.67132889999993,0.0931262999999999
32,S2,neutral,396.70222680000006,0.2827334019999999
32,S2,infection,414.7328886000014,0.1043941519999999
32,S2,neutral,432.7632276000004,0.3342032519999999
32,S2,infection,450.7951585999999,0.31094339
32,S2,neutral,468.8255798999999,0.1596747999999999
32,S2,infection,486.8579451000005,0.1022965559999999
32,S2,neutral,504.8891893,0.0810786019999999
32,S2,infection,522.9198571000015,0.2157713939999999
32,S2,neutral,540.9524532000014,0.0907992479999999
32,S2,infection,558.9835147000013,0.3035981946
32,S2,neutral,577.0149443000009,0.42360255
32,S2,infection,595.0453367999999,0.1316112243333333
32,S2,neutral,613.0772267000011,0.1098678049999999
32,S2,infection,631.1086800000012,0.1531717859999999
32,S2,neutral,649.1391859000014,0.1242717866666666
32,S2,infection,667.1699526000011,0.104843325
32,S2,neutral,685.2027675000008,0.0889108566666666
32,S2,infection,703.2322781000003,0.1089469076666666
33,S1,neutral,0.0048408000002382,0.2817346824999999
33,S1,neutral,18.042448899999727,0.2589801659999999
33,S1,neutral,36.07274679999682,0.2143319878
33,S1,infection,54.10542239999632,0.2257626674
33,S1,infection,72.20980499999132,0.18865255
33,S1,infection,90.16642110000248,0.264557584
33,S1,neutral,108.1994854999939,0.2253701007999999
33,S1,infection,126.23029049999604,0.2030560779999999
33,S1,neutral,144.26334619999398,0.21953838
33,S1,infection,162.29511049999564,0.2501282049999999
33,S1,neutral,180.32524879999983,0.1516953599999999
33,S1,infection,198.35826589999488,0.14637456
33,S1,neutral,216.3893604999903,0.1534795659999999
33,S1,infection,234.42065050000383,0.256960816
33,S1,neutral,252.45082489999183,0.1444151
33,S1,infection,270.4834594999993,0.18630933
33,S1,neutral,288.514597100002,0.21531802
33,S1,infection,306.5463127999974,0.1087995499999999
33,S1,neutral,324.5787508999929,0.1767175399999999
33,S1,infection,342.61076440000033,0.17208856
33,S1,neutral,360.6411507000011,0.2080279099999999
33,S1,infection,378.67188460000034,0.1669011499999999
33,S1,neutral,396.7038704000006,0.1568043899999999
33,S1,infection,414.73266290000174,0.1584511699999999
33,S1,neutral,432.76653480000095,0.3091340409999999
33,S1,infection,450.7946531999914,0.21296124
33,S1,neutral,468.826292800004,0.1632674999999999
33,S1,infection,486.8592305999919,0.2212524299999999
33,S1,neutral,504.8885289000027,0.1646825999999999
33,S1,infection,522.9196472999902,0.27007147
33,S1,neutral,540.9508138999954,0.1919893599999999
33,S1,infection,558.9827708999946,0.1973184299999999
33,S1,neutral,577.0139039999922,0.5948492666666667
33,S1,infection,595.0426474999986,0.2565936666666665
33,S1,neutral,613.0749941999966,0.2463697499999999
33,S1,infection,631.1052684000024,0.2098568333333332
33,S1,neutral,649.1370353999955,0.2034682499999999
33,S1,infection,667.1685824000015,0.3696229166666667
33,S1,neutral,685.1985896999977,0.2088555833333333
33,S1,infection,703.2307043000037,0.4003529499999999
33,S2,neutral,0.0048408000002382,0.2980236836
33,S2,neutral,18.042448899999727,0.1983584606
33,S2,neutral,36.07274679999682,0.1881121248
33,S2,infection,54.10542239999632,0.197458455
33,S2,infection,72.20980499999132,0.245902537
33,S2,infection,90.16642110000248,0.2284029683999999
33,S2,neutral,108.1994854999939,0.1906526591
33,S2,infection,126.23029049999604,0.1843107605999999
33,S2,neutral,144.26334619999398,0.1550340049999999
33,S2,infection,162.29511049999564,0.349757022
33,S2,neutral,180.32524879999983,0.2285674066
33,S2,infection,198.35826589999488,0.199892302
33,S2,neutral,216.3893604999903,0.214211624
33,S2,infection,234.42065050000383,0.2437902079999999
33,S2,neutral,252.45082489999183,1.139797533
33,S2,infection,270.4834594999993,0.153713919
33,S2,neutral,288.514597100002,0.22378535
33,S2,infection,306.5463127999974,0.1606808699999999
33,S2,neutral,324.5787508999929,0.1447790139999999
33,S2,infection,342.61076440000033,0.40951383
33,S2,neutral,360.6411507000011,0.30417379
33,S2,infection,378.67188460000034,0.2304906399999999
33,S2,neutral,396.7038704000006,0.2218200299999999
33,S2,infection,414.73266290000174,0.3472107400000001
33,S2,neutral,432.76653480000095,1.4262653000000003
33,S2,infection,450.7946531999914,0.7120539799999998
33,S2,neutral,468.826292800004,0.2896397659999999
33,S2,infection,486.8592305999919,0.2262920449999998
33,S2,neutral,504.8885289000027,0.23751268
33,S2,infection,522.9196472999902,0.18297298
33,S2,neutral,540.9508138999954,0.95298186
33,S2,infection,558.9827708999946,0.3831117
33,S2,neutral,577.0139039999922,0.2182034999999999
33,S2,infection,595.0426474999986,0.3195956666666666
33,S2,neutral,613.0749941999966,0.2314442499999999
33,S2,infection,631.1052684000024,0.2613854166666667
33,S2,neutral,649.1370353999955,0.2089265833333333
33,S2,infection,667.1685824000015,0.2498494166666664
33,S2,neutral,685.1985896999977,0.3555099999999997
33,S2,infection,703.2307043000037,0.2935365833333334
36,S1,neutral,0.0044683999985863,0.1797935999999999
36,S1,neutral,18.04271339999832,0.1028734381999999
36,S1,neutral,36.07531639999979,0.350176492
36,S1,infection,54.10639489999994,0.1322534389999999
36,S1,infection,72.21119049999834,0.15786824
36,S1,infection,90.1696591,0.1438281559999999
36,S1,neutral,108.19941089999884,0.0744440799999999
36,S1,infection,126.23196619999908,0.1120134799999999
36,S1,neutral,144.26321599999935,0.0781085399999999
36,S1,infection,162.29463719999876,0.0889410799999999
36,S1,neutral,180.32723929999884,0.0877614799999999
36,S1,infection,198.35759229999897,0.15137398
36,S1,neutral,216.39087029999973,0.1168689599999999
36,S1,infection,234.42024199999832,0.0703094839999999
36,S1,neutral,252.4524967999987,0.16978734
36,S1,infection,270.4842401999995,0.1018012799999999
36,S1,neutral,288.5161054,0.1121409759999999
36,S1,infection,306.5467250999991,0.0915467199999999
36,S1,neutral,324.5799600999999,0.1099780399999999
36,S1,infection,342.6099319999994,0.1600483999999999
36,S1,neutral,360.643,0.1198131367999999
36,S1,infection,378.6735757999995,0.1103521599999999
36,S1,neutral,396.704566299999,0.0812892759999999
36,S1,infection,414.7353493999999,0.238594488
36,S1,neutral,432.76685649999854,0.0868320599999999
36,S1,infection,450.7983511999992,0.1509595759999999
36,S1,neutral,468.8293905999999,0.1313292799999999
36,S1,infection,486.85900539999966,0.1453794999999999
36,S1,neutral,504.8895973999988,0.1557963799999999
36,S1,infection,522.922798399999,0.1268635899999999
36,S1,neutral,540.9522291999983,0.1691629999999999
36,S1,infection,558.9837525999992,0.0711025799999999
36,S1,neutral,577.0143604999994,0.2968209233333332
36,S1,infection,595.047455599999,0.2202759133333333
36,S1,neutral,613.0767465999998,0.15716986
36,S1,infection,631.1089880999989,0.1609755166666666
36,S1,neutral,649.1382153999984,0.1445551566666666
36,S1,infection,667.1701663999993,0.1465534333333333
36,S1,neutral,685.2026327999993,0.1015651833333333
36,S1,infection,703.2322010999997,0.1639741104999999
36,S2,neutral,0.0259022000009281,0.1450053146
36,S2,neutral,18.03254990000096,0.2289704739999999
36,S2,neutral,36.064692200001446,0.264754228
36,S2,infection,54.09568639999998,0.1067282221999999
36,S2,infection,72.12619919999997,0.284954
36,S2,infection,90.15832480000064,0.1297064419999999
36,S2,neutral,108.18915970000126,0.260939516
36,S2,infection,126.22043370000029,0.1094951919999999
36,S2,neutral,144.25120059999972,0.132160864
36,S2,infection,162.2821668000015,0.223767192
36,S2,neutral,180.31516170000032,0.19702921
36,S2,infection,198.34600060000048,0.1940659719999999
36,S2,neutral,216.37484070000028,0.1025842379999999
36,S2,infection,234.4071724000005,0.1068645519999999
36,S2,neutral,252.43691930000023,0.1539551519999999
36,S2,infection,270.46873400000004,0.150531448
36,S2,neutral,288.50131800000054,0.1350695299999999
36,S2,infection,306.530991900001,0.13722116
36,S2,neutral,324.56226010000137,0.1632196159999999
36,S2,infection,342.59442320000016,0.101796584
36,S2,neutral,360.62511860000086,0.145229562
36,S2,infection,378.6552545000013,0.1750262119999999
36,S2,neutral,396.6867953000001,0.1688268699999999
36,S2,infection,414.7188305,0.232393032
36,S2,neutral,432.7506358999999,0.14373924
36,S2,infection,450.78200710000056,0.1101391119999999
36,S2,neutral,468.8128360999999,0.0934745627999999
36,S2,infection,486.84430489999977,0.1557173079999999
36,S2,neutral,504.8749370000005,0.15321012628
36,S2,infection,522.9075130000001,0.187764896
36,S2,neutral,540.9374090000001,0.1177646879999999
36,S2,infection,558.969079800001,0.089185196
36,S2,neutral,577.0011302000003,0.0986025033333332
36,S2,infection,595.0321739999999,0.193460555
36,S2,neutral,613.0645253000002,0.1252788383333333
36,S2,infection,631.0941486000011,0.1005360901666665
36,S2,neutral,649.1263142000007,0.1938454299999999
36,S2,infection,667.156498100001,0.114190755
36,S2,neutral,685.1880974000014,0.1319046516666666
36,S2,infection,703.2200964000003,0.1364519266666666
37,S1,neutral,0.0048804999969433,0.0884057278249999
37,S1,neutral,18.03768870000204,0.1656586146
37,S1,neutral,36.06997159999446,0.14582229812
37,S1,infection,54.10165860000416,0.0808638708899999
37,S1,infection,72.20425140000589,0.125867486
37,S1,infection,90.16491570000652,0.205469776
37,S1,neutral,108.19668049999746,0.1699788879999999
37,S1,infection,126.22594770000433,0.1149569639999999
37,S1,neutral,144.25814259999606,0.1088500479999999
37,S1,infection,162.29069690000324,0.1929234715999999
37,S1,neutral,180.32221610000124,0.1054362539999999
37,S1,infection,198.35223730000143,0.1341148039999999
37,S1,neutral,216.38299579999875,0.1427909859999999
37,S1,infection,234.4158882000047,0.0793056179999999
37,S1,neutral,252.44757380000377,0.0705964095999999
37,S1,infection,270.4785824999999,0.1150083899999999
37,S1,neutral,288.5112499999959,0.1507324319999999
37,S1,infection,306.5419316000043,0.1382507413999999
37,S1,neutral,324.57561529999657,0.0863194499999999
37,S1,infection,342.6054090999969,0.1093052759999999
37,S1,neutral,360.6366437999968,0.1077201689999999
37,S1,infection,378.6679090999969,0.1224188563999999
37,S1,neutral,396.69903489999706,0.1131739079999999
37,S1,infection,414.7313411000068,0.0785223899999999
37,S1,neutral,432.7607163000066,0.1215084519999999
37,S1,infection,450.79208369999833,0.325376784
37,S1,neutral,468.8235094999982,0.1130594899999999
37,S1,infection,486.8543358000025,0.1374273519999999
37,S1,neutral,504.8859271999973,0.0999256799999999
37,S1,infection,522.9151523000037,0.12853361
37,S1,neutral,540.9463077999972,0.1150540899999999
37,S1,infection,558.9787458000064,0.1359131675999999
37,S1,neutral,577.0099752999959,0.1135681983333333
37,S1,infection,595.0406197999982,0.1334284033333333
37,S1,neutral,613.0717134000006,0.1967175666666666
37,S1,infection,631.1033937000029,0.1485842166666666
37,S1,neutral,649.1352157999936,0.1311434516666666
37,S1,infection,667.1646418000018,0.1150748633333333
37,S1,neutral,685.1961797999975,0.1700423883333333
37,S1,infection,703.227845100002,0.1360679258333333
37,S2,neutral,0.0301732999942032,0.0847339117999999
37,S2,neutral,18.038099599987618,0.1158244898
37,S2,neutral,36.068629599991255,0.0947326793999999
37,S2,infection,54.10091599999578,0.1255555719999999
37,S2,infection,72.13157339999452,0.145474636
37,S2,infection,90.16258029999152,0.17671716
37,S2,neutral,108.19530329998815,0.1370134909999999
37,S2,infection,126.22586249999586,0.0741367211999999
37,S2,neutral,144.2559700999991,0.1142532084
37,S2,infection,162.28731159999734,0.1214701079999999
37,S2,neutral,180.318889599992,0.123305188
37,S2,infection,198.34929679999183,0.1695943619999999
37,S2,neutral,216.38069689999972,0.1278994071999999
37,S2,infection,234.41090469999472,0.1231437289999999
37,S2,neutral,252.44315829999687,0.1282549012
37,S2,infection,270.47659789999307,0.2025635962
37,S2,neutral,288.50679970000056,0.2084871425999999
37,S2,infection,306.53641029998835,0.0595374476999999
37,S2,neutral,324.5667151999951,0.0856247039999999
37,S2,infection,342.60073379999085,0.2076435981999999
37,S2,neutral,360.63119979998737,0.180894418
37,S2,infection,378.6632826999994,0.1278318479999999
37,S2,neutral,396.6937457999884,0.0672039389999999
37,S2,infection,414.7241106999864,0.2576955942
37,S2,neutral,432.7567228999978,0.0748455439999999
37,S2,infection,450.7884033999872,0.1727769299999999
37,S2,neutral,468.8193638999946,0.158325644
37,S2,infection,486.8497040999937,0.1249374511999999
37,S2,neutral,504.88106549999793,0.1124690499999999
37,S2,infection,522.9128282999882,0.098552346
37,S2,neutral,540.9439320999954,0.0892613219999999
37,S2,infection,558.9746998999908,0.4212101112
37,S2,neutral,577.0047940999939,0.1941993583333332
37,S2,infection,595.036308099996,0.2283900466666666
37,S2,neutral,613.0684417999873,0.1522317933333333
37,S2,infection,631.0994546999864,0.2605460566666666
37,S2,neutral,649.1321435999998,0.1262391
37,S2,infection,667.1629348999995,0.1887792158333333
37,S2,neutral,685.193628699999,0.1501773933333333
37,S2,infection,703.2250365999935,0.1533029183333333
38,S1,neutral,0.0042873000056715,0.103034174225
38,S1,neutral,18.048131000003195,0.13376647834
38,S1,neutral,36.07815339999797,0.184892830404
38,S1,infection,54.1094604999962,0.2379187772
38,S1,infection,72.21524990000762,0.1214420335999999
38,S1,infection,90.17259390000254,0.1956542525999999
38,S1,neutral,108.20424079999792,0.1001093169999999
38,S1,infection,126.23539410000376,0.1508620331999999
38,S1,neutral,144.26830979999795,0.119461904
38,S1,infection,162.29967380000744,0.1006123699999999
38,S1,neutral,180.3317742000072,0.131194168
38,S1,infection,198.3617768999975,0.123173672
38,S1,neutral,216.3943705999991,0.1017822099999999
38,S1,infection,234.4252031000069,0.157516575
38,S1,neutral,252.45551200000045,0.1174981979999999
38,S1,infection,270.4871897999983,0.1147828339999999
38,S1,neutral,288.52007779999985,0.1413021929999999
38,S1,infection,306.5496770000027,0.1306247099999999
38,S1,neutral,324.57974749999994,0.1024058099999999
38,S1,infection,342.61106320000545,0.1434011799999999
38,S1,neutral,360.64153789999546,0.1652144799999999
38,S1,infection,378.6744886000088,0.1133754297999999
38,S1,neutral,396.7037833000067,0.1090380599999999
38,S1,infection,414.7354956000054,0.1831065699999999
38,S1,neutral,432.7674531000084,0.1492638699999999
38,S1,infection,450.79724179999903,0.1806559899999999
38,S1,neutral,468.8284834000078,0.1401102799999999
38,S1,infection,486.85907200000656,0.1625147999999999
38,S1,neutral,504.8926344000065,0.2704235799999999
38,S1,infection,522.922914499999,0.1824585799999999
38,S1,neutral,540.9534287999995,0.19314578
38,S1,infection,558.9852249999967,0.1756658399999999
38,S1,neutral,577.0134026000014,0.2605908499999999
38,S1,infection,595.0483256000007,0.1304542833333332
38,S1,neutral,613.0769100000034,0.1791476333333332
38,S1,infection,631.1088683999988,0.0820575333333333
38,S1,neutral,649.138896000004,0.1285391833333332
38,S1,infection,667.1725134000008,0.1989009166666666
38,S1,neutral,685.2028328000015,0.2138337166666667
38,S1,infection,703.2343648999959,0.19539425
38,S2,neutral,0.0202816000091843,0.09359490125
38,S2,neutral,18.046882199996617,0.181718094
38,S2,neutral,36.07815810000466,0.263700168
38,S2,infection,54.108930900009,0.19959453
38,S2,infection,72.1391494999989,0.1156858519999999
38,S2,infection,90.17104909999762,0.17079745
38,S2,neutral,108.20303669999704,0.1108159419999999
38,S2,infection,126.2322439999989,0.0989891899999999
38,S2,neutral,144.26552889999584,0.1080144079999999
38,S2,infection,162.29579930000182,0.1209629219999999
38,S2,neutral,180.32740280000144,0.1194719439999999
38,S2,infection,198.3582434999989,0.1318419319999999
38,S2,neutral,216.38908059999807,0.1139036939999999
38,S2,infection,234.4217496000056,0.1172918759999999
38,S2,neutral,252.4510503000056,0.147812854
38,S2,infection,270.4832386000053,0.1348984199999999
38,S2,neutral,288.5129545000091,0.169607522
38,S2,infection,306.5460669000022,0.162675988
38,S2,neutral,324.57669090000854,0.1358115079999999
38,S2,infection,342.60917250000057,0.1353210799999999
38,S2,neutral,360.63998400000855,0.1339289799999999
38,S2,infection,378.6711136000085,0.2005607199999999
38,S2,neutral,396.7023543999967,0.1257933139999999
38,S2,infection,414.73334479999903,0.356175038
38,S2,neutral,432.764173500007,0.0915029999999999
38,S2,infection,450.7954383000033,0.23775698
38,S2,neutral,468.827275100004,0.1455212199999999
38,S2,infection,486.8579266000015,0.1233418599999999
38,S2,neutral,504.8899664000055,0.1257210799999999
38,S2,infection,522.9207106999966,0.1623487535999999
38,S2,neutral,540.9518226000073,0.1546250399999999
38,S2,infection,558.9835012999974,0.1325479019999999
38,S2,neutral,577.0159092999966,0.1708499199999999
38,S2,infection,595.0469499000028,0.1599637666666666
38,S2,neutral,613.0767653000075,0.1730217666666666
38,S2,infection,631.1096361999953,0.1391944233333333
38,S2,neutral,649.1385679000086,0.1699311999999999
38,S2,infection,667.1724969000061,0.1501644499999999
38,S2,neutral,685.201444300008,0.2359844733333333
38,S2,infection,703.2345709000074,0.2401441466666665
39,S1,neutral,0.0045681999908993,0.1873178016449999
39,S1,neutral,18.046051799989076,0.1903085495199999
39,S1,neutral,36.07729099999415,0.1522163638999999
39,S1,infection,54.11052419999032,0.3170107977799999
39,S1,infection,72.2147769999865,0.0890705462999999
39,S1,infection,90.17234049999388,0.0801760239999999
39,S1,neutral,108.20537829998648,0.0857129659999999
39,S1,infection,126.23500929999864,0.17351644
39,S1,neutral,144.2664528999885,0.1026054519999999
39,S1,infection,162.29835029999958,0.141430682
39,S1,neutral,180.3307754999987,0.1461412219999999
39,S1,infection,198.36125469999388,0.1278413199999999
39,S1,neutral,216.39365259998883,0.1393372699999999
39,S1,infection,234.42365419999987,0.1455829999999999
39,S1,neutral,252.45615039998663,0.25480775
39,S1,infection,270.4866941999935,0.2213085499999999
39,S1,neutral,288.52032269998745,0.10754608
39,S1,infection,306.550556599992,0.13707524
39,S1,neutral,324.58050979999825,0.1800452599999999
39,S1,infection,342.61067779999576,0.1051037399999999
39,S1,neutral,360.6416059999901,0.1189650799999999
39,S1,infection,378.6733247999946,0.1053495999999999
39,S1,neutral,396.704846099994,0.1546230399999999
39,S1,infection,414.7349471999914,0.1172293999999999
39,S1,neutral,432.76729749998776,0.1307202999999999
39,S1,infection,450.7958593999938,0.1679527599999999
39,S1,neutral,468.82873469998594,0.2220906799999999
39,S1,infection,486.85926039998594,0.1793391599999999
39,S1,neutral,504.8903659999923,0.2069944
39,S1,infection,522.9216413999966,0.1780805
39,S1,neutral,540.9527467999869,0.25092514
39,S1,infection,558.9850622999948,0.2802885
39,S1,neutral,577.0149973999942,0.1839569833333333
39,S1,infection,595.0452830999857,0.27899395
39,S1,neutral,613.0788473999855,0.1215244149999999
39,S1,infection,631.1080752999987,0.204776925
39,S1,neutral,649.1395677999972,0.1182037166666666
39,S1,infection,667.1699409999856,0.2869905071666667
39,S1,neutral,685.2026148999867,0.1772872583333333
39,S1,infection,703.2334800999961,0.1331048416666666
39,S2,neutral,0.0286655000090831,0.691669650705
39,S2,neutral,18.035684200003743,0.15026235376
39,S2,neutral,36.066557800004375,0.220202711
39,S2,infection,54.09843310000724,0.146486738
39,S2,infection,72.12943410000298,0.1157535627999999
39,S2,infection,90.16012110000884,0.1277068199999999
39,S2,neutral,108.19087150000269,0.1157060727999999
39,S2,infection,126.22315620000882,0.1759395799999999
39,S2,neutral,144.2543447000062,0.1601472171999999
39,S2,infection,162.2875342000043,0.163957706
39,S2,neutral,180.3158792000031,0.301891428
39,S2,infection,198.34950100000424,0.1237853919999999
39,S2,neutral,216.37923669999876,0.0995503999999999
39,S2,infection,234.41077180000136,0.1678041599999999
39,S2,neutral,252.44166219999897,0.1702965679999999
39,S2,infection,270.47369959999924,0.1157634399999999
39,S2,neutral,288.5050147000002,0.1014593249999999
39,S2,infection,306.5354210000078,0.0948472649999999
39,S2,neutral,324.5682675999997,0.142175575
39,S2,infection,342.5994685000041,0.113665177
39,S2,neutral,360.6301094000082,0.1478763639999999
39,S2,infection,378.6593026000046,0.225696758
39,S2,neutral,396.6917900999979,0.1719966586
39,S2,infection,414.72340780000377,0.2207649
39,S2,neutral,432.75498910000897,0.1905826279999999
39,S2,infection,450.7855056999979,0.1277165753999999
39,S2,neutral,468.8186538000009,0.1526122519999999
39,S2,infection,486.8487301999994,0.1406263423999999
39,S2,neutral,504.8802990000113,0.1557434599999999
39,S2,infection,522.9113500000094,0.1879561675999999
39,S2,neutral,540.9426579999999,0.129309458
39,S2,infection,558.9741215000104,0.1061933944999999
39,S2,neutral,577.004941200008,0.1457618849999999
39,S2,infection,595.036262300011,0.1624593435
39,S2,neutral,613.0670998999994,0.1420146075
39,S2,infection,631.0985784000077,0.1029170541666666
39,S2,neutral,649.1304292999994,0.1460316366666666
39,S2,infection,667.1615610000008,0.1757567649999999
39,S2,neutral,685.1922828000097,0.1350236916666666
39,S2,infection,703.2231096000032,0.2650146974666666
40,S1,neutral,0.0046824999881209,0.0842914570224999
40,S1,neutral,18.03714859999309,0.1053829330599999
40,S1,neutral,36.071278099989286,0.14312767954
40,S1,infection,54.101333099999465,0.10289030264
40,S1,infection,72.20519249999779,0.1182779479999999
40,S1,infection,90.16483199999492,0.1310026487999999
40,S1,neutral,108.19769919999815,0.1009726499999999
40,S1,infection,126.22758609999435,0.0847207119999999
40,S1,neutral,144.260254599998,0.072877218
40,S1,infection,162.2912720000022,0.1102941239999999
40,S1,neutral,180.32237979999627,0.0820208569999999
40,S1,infection,198.3556580000004,0.0932279099999999
40,S1,neutral,216.38647029999996,0.083400594
40,S1,infection,234.4170946999948,0.0915510359999999
40,S1,neutral,252.4466778999922,0.0860515081999999
40,S1,infection,270.4789096000022,0.0794026779999999
40,S1,neutral,288.5105423999921,0.0846329249999999
40,S1,infection,306.54105879999406,0.0614615819999999
40,S1,neutral,324.5710376999923,0.1135873459999999
40,S1,infection,342.60293969999475,0.0753289299999999
40,S1,neutral,360.6352486999968,0.13037021
40,S1,infection,378.66505250000046,0.1058141429999999
40,S1,neutral,396.69524469999305,0.1022184919999999
40,S1,infection,414.7274286999891,0.0865740099999999
40,S1,neutral,432.7570418999967,0.0948831799999999
40,S1,infection,450.78975509999145,0.0998961359999999
40,S1,neutral,468.8210837999941,0.0891459589999999
40,S1,infection,486.85148639998806,0.1041767999999999
40,S1,neutral,504.8817368000018,0.0884354626999999
40,S1,infection,522.913556399988,0.1229995009999999
40,S1,neutral,540.9436242999946,0.14150965
40,S1,infection,558.9768825999927,0.1337100299999999
40,S1,neutral,577.0066901999962,0.0944167083333333
40,S1,infection,595.0382316999894,0.1363762333333333
40,S1,neutral,613.0693840000022,0.1041380483333333
40,S1,infection,631.1008941999899,0.2723770499999999
40,S1,neutral,649.131389599992,0.1004901833333333
40,S1,infection,667.1632458999957,0.1401850833333332
40,S1,neutral,685.1934507999977,0.1223265583333333
40,S1,infection,703.225508699994,0.1022873416666666
40,S2,neutral,0.0241259000031277,0.0826832446249999
40,S2,neutral,18.03327139999601,0.109424316
40,S2,neutral,36.06230380000488,0.1096752038
40,S2,infection,54.09445439999399,0.17784073356
40,S2,infection,72.12410109999473,0.147722148
40,S2,infection,90.15753860000405,0.1441488679999999
40,S2,neutral,108.18754729999635,0.207735866
40,S2,infection,126.21961070000545,0.1311779559999999
40,S2,neutral,144.24926860000414,0.0909052345999999
40,S2,infection,162.2806331000029,0.14625415
40,S2,neutral,180.31183930000407,0.0979399983999999
40,S2,infection,198.34463019999384,0.0925849271999999
40,S2,neutral,216.3742670000065,0.125343324
40,S2,infection,234.40546429999813,0.0830918569999999
40,S2,neutral,252.43615700000373,0.1234191476
40,S2,infection,270.4672845000023,0.1113873719999999
40,S2,neutral,288.4979352999944,0.1009494069999999
40,S2,infection,306.5305479999952,0.115330011
40,S2,neutral,324.5617235999962,0.1487823539999999
40,S2,infection,342.5933991000056,0.1447558899999999
40,S2,neutral,360.6246608000074,0.1278567999999999
40,S2,infection,378.6556325999991,0.0988115499999999
40,S2,neutral,396.68537110000034,0.1862795699999999
40,S2,infection,414.71797369999695,0.1241351299999999
40,S2,neutral,432.7483400000056,0.0982801919999999
40,S2,infection,450.78117410000414,0.1504376519999999
40,S2,neutral,468.8124360000074,0.1130390651999999
40,S2,infection,486.84252219999325,0.1183481183999999
40,S2,neutral,504.8733447999985,0.1416540399999999
40,S2,infection,522.904497399999,0.1318945359999999
40,S2,neutral,540.9350565000059,0.1525245959999999
40,S2,infection,558.968343600005,0.147780326
40,S2,neutral,576.9989382000058,0.1676180799999999
40,S2,infection,595.0307527999976,0.1690294766666666
40,S2,neutral,613.0609543000028,0.1396238833333333
40,S2,infection,631.0921772000002,0.1447252483333333
40,S2,neutral,649.1241177000047,0.124894165
40,S2,infection,667.1538717999938,0.1908519183333333
40,S2,neutral,685.1857627999998,0.1412295849999999
40,S2,infection,703.2168636999995,0.1746861666666666
41,S1,neutral,0.0045453999919118,0.07632755585
41,S1,neutral,18.03812630000175,0.1055879764399999
41,S1,neutral,36.071039200003725,0.16089605424
41,S1,infection,54.10089919999882,0.0603820581999999
41,S1,infection,72.20666019999771,0.1141996668799999
41,S1,infection,90.1649114000029,0.595958938
41,S1,neutral,108.19565150000562,0.1266969339999999
41,S1,infection,126.22780809999676,0.1578746539999999
41,S1,neutral,144.25948710000375,0.1051396399999999
41,S1,infection,162.2916052999935,0.2118444499999999
41,S1,neutral,180.3233431999979,0.2207240199999999
41,S1,infection,198.3530205999996,0.23840002
41,S1,neutral,216.38648440000543,0.1122524484199999
41,S1,infection,234.4168039999931,0.0691646999999999
41,S1,neutral,252.4490861999948,0.1380044999999999
41,S1,infection,270.4796079999942,0.0694837999999999
41,S1,neutral,288.5087203000003,0.0803684599999999
41,S1,infection,306.5402518000046,0.0946935799999999
41,S1,neutral,324.57259739999427,0.1673637599999999
41,S1,infection,342.6034109000029,0.1193353851999999
41,S1,neutral,360.6334153999924,0.1221559399999999
41,S1,infection,378.665030499993,0.0783943599999999
41,S1,neutral,396.6951885000017,0.1068566199999999
41,S1,infection,414.7258941000037,0.0778630599999999
41,S1,neutral,432.7571680999972,0.0938654399999999
41,S1,infection,450.7881277999986,0.0695161199999999
41,S1,neutral,468.8204307999986,0.0744756399999999
41,S1,infection,486.85127929999726,0.0896815799999999
41,S1,neutral,504.8819002999953,0.1137813799999999
41,S1,infection,522.9129866000003,0.0999735199999999
41,S1,neutral,540.9428779000009,0.0972095799999999
41,S1,infection,558.9757797000057,0.0905084199999999
41,S1,neutral,577.0061049999931,0.1316261333333332
41,S1,infection,595.0368029999954,0.0844279999999999
41,S1,neutral,613.0703082999971,0.05129305
41,S1,infection,631.0998262999929,0.1004962666666666
41,S1,neutral,649.1321941999922,0.0699418166666666
41,S1,infection,667.1619913000031,0.1311015833333333
41,S1,neutral,685.1950596999959,0.2096207166666666
41,S1,infection,703.2262718999991,0.2553870833333333
41,S2,neutral,0.0216037999925902,0.10034266875
41,S2,neutral,18.0459431999916,0.1082049751999999
41,S2,neutral,36.07756920000247,0.10456464982
41,S2,infection,54.10908569999447,0.1687430959999999
41,S2,infection,72.14092539998819,0.076425074
41,S2,infection,90.17211359999784,0.4198618
41,S2,neutral,108.20346609999253,0.2434781799999999
41,S2,infection,126.23373779999385,0.168948672
41,S2,neutral,144.2658214999974,0.2010746609999999
41,S2,infection,162.29563609999605,0.1245858699999999
41,S2,neutral,180.32743059999484,0.0682901599999999
41,S2,infection,198.3580163000006,0.1188588399999999
41,S2,neutral,216.3914559999976,0.1004015532
41,S2,infection,234.42198759999883,0.34726096
41,S2,neutral,252.4530276000005,0.0859814599999999
41,S2,infection,270.4829874999996,0.0578739099999999
41,S2,neutral,288.5149030999892,0.1511524999999998
41,S2,infection,306.54688599999645,0.130153172
41,S2,neutral,324.5780115999951,0.0994187999999999
41,S2,infection,342.6089498999936,0.0876669739999999
41,S2,neutral,360.6407424999925,0.0987070199999998
41,S2,infection,378.6722707000008,0.1188845399999999
41,S2,neutral,396.7019463999896,0.0847611799999999
41,S2,infection,414.73539580000215,0.2371292239999999
41,S2,neutral,432.7648240999988,0.1536010839999999
41,S2,infection,450.7963063999923,0.1086780819999999
41,S2,neutral,468.8276679999981,0.3262077199999998
41,S2,infection,486.8596639999887,0.1019601999999999
41,S2,neutral,504.8911436999915,0.0980888399999999
41,S2,infection,522.9214529999881,0.11017848
41,S2,neutral,540.9525068999938,0.1360100679999998
41,S2,infection,558.9831438999972,0.17313156
41,S2,neutral,577.0146570999932,0.1116756166666666
41,S2,infection,595.0471500999993,0.3077582
41,S2,neutral,613.0775853999949,0.1121407793333332
41,S2,infection,631.1095529000013,0.2273094933333333
41,S2,neutral,649.1392267999909,0.2460387333333333
41,S2,infection,667.1700539000012,0.1019534833333332
41,S2,neutral,685.2025472999958,0.1465647333333333
41,S2,infection,703.2341659999947,0.2594892749999999
42,S1,neutral,0.0045603000035043,0.16922664775
42,S1,neutral,18.03371679999691,0.1811491139999999
42,S1,neutral,36.065658799998346,0.2640846449999999
42,S1,infection,54.09675630000129,0.16217462
42,S1,infection,72.19954770000186,0.1859163199999999
42,S1,infection,90.15964530000927,0.1525802999999999
42,S1,neutral,108.192873100008,0.190917902
42,S1,infection,126.22520030000304,0.1868640599999999
42,S1,neutral,144.253824600004,0.2215551199999999
42,S1,infection,162.2884595000069,0.1182186999999999
42,S1,neutral,180.319405000002,0.2212438
42,S1,infection,198.34983230000944,0.2347621199999999
42,S1,neutral,216.38092219999817,0.149866
42,S1,infection,234.414311200002,0.2813726
42,S1,neutral,252.44556239999656,0.2145747
42,S1,infection,270.4754527000041,0.1966084
42,S1,neutral,288.5058368000027,0.1657964999999999
42,S1,infection,306.5365982000076,0.1637282999999999
42,S1,neutral,324.56932570000936,0.1124684999999999
42,S1,infection,342.6002767000027,0.159157
42,S1,neutral,360.62933870000415,0.2376088
42,S1,infection,378.6611679000053,0.1278926999999999
42,S1,neutral,396.6933710000012,0.1651309999999999
42,S1,infection,414.7224734000047,0.1293790799999999
42,S1,neutral,432.7542608000076,0.1592951999999999
42,S1,infection,450.7848911000037,0.18768412
42,S1,neutral,468.8157707000064,0.32342466
42,S1,infection,486.8481414999988,0.316305104
42,S1,neutral,504.87860740000906,0.138449006
42,S1,infection,522.9081915999996,0.24507099
42,S1,neutral,540.9418020000012,0.239698598
42,S1,infection,558.9729016000056,0.1664796499999999
42,S1,neutral,577.0032884999964,0.2306359233333333
42,S1,infection,595.0339483999996,0.22772555
42,S1,neutral,613.0652899999986,0.1827450058333333
42,S1,infection,631.0953354000085,0.3853677516666666
42,S1,neutral,649.1290444000042,0.20745967
42,S1,infection,667.1608057999983,0.2287966946666666
42,S1,neutral,685.1907066999993,0.2436635416666666
42,S1,infection,703.2211947000033,0.1983719548333333
42,S2,neutral,0.0332823999924585,0.2418141862
42,S2,neutral,18.043831899994984,0.16010913
42,S2,neutral,36.07502799999202,0.1857197232
42,S2,infection,54.107093999991775,0.214523058
42,S2,infection,72.13678589998744,0.1858353768
42,S2,infection,90.16841709999426,0.2138251978
42,S2,neutral,108.19864449999297,0.194698415
42,S2,infection,126.22949689999224,0.2280793682
42,S2,neutral,144.26264380000066,0.2220906979999999
42,S2,infection,162.29259879999154,0.4017282299999999
42,S2,neutral,180.3248118999909,0.2523869499999999
42,S2,infection,198.3557191,0.319788494
42,S2,neutral,216.38621059998692,0.33829098
42,S2,infection,234.4171416999889,0.3695910239999999
42,S2,neutral,252.44901339999345,0.2258165199999999
42,S2,infection,270.4798422999884,0.2212421799999999
42,S2,neutral,288.5122401999979,0.2483818139999999
42,S2,infection,306.5430462999939,0.1681348012
42,S2,neutral,324.57379789999686,0.2396118549999999
42,S2,infection,342.6055345999921,0.2407049339999999
42,S2,neutral,360.6381055999954,0.28392279
42,S2,infection,378.6676153000008,0.1991479359999999
42,S2,neutral,396.69935499998974,0.2189881919999999
42,S2,infection,414.7298917999869,0.3651242359999999
42,S2,neutral,432.7621751999977,0.16319191
42,S2,infection,450.792168999993,0.3547304500000001
42,S2,neutral,468.8240851999872,0.25984965
42,S2,infection,486.8545577999903,0.1541264799999999
42,S2,neutral,504.8868777999887,0.23000949
42,S2,infection,522.916412999999,0.2952912
42,S2,neutral,540.9501733999932,0.1983023599999999
42,S2,infection,558.9816073999973,0.1519862599999999
42,S2,neutral,577.0122668999975,0.3683247983333333
42,S2,infection,595.0423785999883,0.1647658434166666
42,S2,neutral,613.0758712999959,0.5167203843333334
42,S2,infection,631.1066461999872,0.4296478666666667
42,S2,neutral,649.1357742999971,0.2818069973166667
42,S2,infection,667.1682815999957,0.2476677938333332
42,S2,neutral,685.2002371999988,0.2781188716666665
42,S2,infection,703.2315422999964,0.295593875
43,S1,neutral,0.0046121000050334,0.1513728812499999
43,S1,neutral,18.03238400000555,0.164987154
43,S1,neutral,36.065297099994496,0.27358371
43,S1,infection,54.09523639999679,0.180146853
43,S1,infection,72.20110130000103,0.10342612
43,S1,infection,90.1599145999935,0.1798142599999999
43,S1,neutral,108.19059749999724,0.1598884199999999
43,S1,infection,126.22380859999976,0.3389234639999999
43,S1,neutral,144.25320120000106,0.2129493419999999
43,S1,infection,162.2857398999913,0.1881611799999999
43,S1,neutral,180.31826810000348,0.1712840799999999
43,S1,infection,198.34981859999243,0.1015706999999999
43,S1,neutral,216.38081869999587,0.2061478999999998
43,S1,infection,234.4117114999972,0.1237842999999998
43,S1,neutral,252.44345619999515,0.1913579
43,S1,infection,270.47463450000214,0.2259199999999999
43,S1,neutral,288.5049880000006,0.1347428
43,S1,infection,306.5359982999944,0.20559969
43,S1,neutral,324.5679552999936,0.19336377
43,S1,infection,342.59939619999204,0.2501040224
43,S1,neutral,360.6298267999955,0.1516849
43,S1,infection,378.6597267000034,0.2299329599999999
43,S1,neutral,396.69136280000384,0.1854482289999999
43,S1,infection,414.7233621999912,0.23044812
43,S1,neutral,432.75355729999137,0.16163807
43,S1,infection,450.7846218999912,0.3190869599999998
43,S1,neutral,468.8155493999948,0.2708470600000001
43,S1,infection,486.8470777000039,0.2290698799999999
43,S1,neutral,504.8785538999946,0.28893396
43,S1,infection,522.9095003999973,0.2235973000000001
43,S1,neutral,540.9397669000027,0.2873068
43,S1,infection,558.9704585,0.2737533
43,S1,neutral,577.0019429999957,0.3325031666666665
43,S1,infection,595.0329706000048,0.4923442500000001
43,S1,neutral,613.0644649000023,0.297089
43,S1,infection,631.0963283000019,0.2706180000000001
43,S1,neutral,649.1268620000046,0.4918465
43,S1,infection,667.1590971999976,0.26536775
43,S1,neutral,685.1890420999989,0.3266679166666666
43,S1,infection,703.2199766999984,0.3533686666666666
43,S2,neutral,0.0309930000075837,0.1456021624999999
43,S2,neutral,18.03893249999965,0.30585799
43,S2,neutral,36.07125829999859,0.3033993279999999
43,S2,infection,54.10179810000409,0.2311273628
43,S2,infection,72.1331724000047,0.4524606359999999
43,S2,infection,90.16295170001104,0.2075323399999999
43,S2,neutral,108.1942590000108,0.3013871959999999
43,S2,infection,126.22570360000827,0.195288742
43,S2,neutral,144.25727590000315,0.2920354396
43,S2,infection,162.2886126000085,0.260391369
43,S2,neutral,180.3181181000109,0.175488912
43,S2,infection,198.39980460000515,0.339514386
43,S2,neutral,216.43061619999932,0.169530894
43,S2,infection,234.46204410000064,0.29653486
43,S2,neutral,252.49286040000152,0.33663364
43,S2,infection,270.52501280000433,0.1809592599999999
43,S2,neutral,288.6056144000031,0.392354742
43,S2,infection,306.63558660000854,0.1977264
43,S2,neutral,324.7166875000112,0.141001902
43,S2,infection,342.79786580000655,0.28668861
43,S2,neutral,360.8794137000077,0.214722622
43,S2,infection,378.960238300002,0.5268471399999999
43,S2,neutral,396.9923980000021,0.30567966
43,S2,infection,415.0239709000016,0.1834436483333332
43,S2,neutral,433.1047137999994,0.2749523249999999
43,S2,infection,451.1367669000029,0.20242801
43,S2,neutral,469.1661335000099,0.179311118
43,S2,infection,487.1996113000059,0.1766148666666666
43,S2,neutral,505.2304961000046,0.1695617716666666
43,S2,infection,523.3109674000007,0.1799767433333333
43,S2,neutral,541.3419299000088,0.1296298129999999
43,S2,infection,559.3729351000075,0.1924420083333333
43,S2,neutral,577.4542225000041,0.2222458833333333
43,S2,infection,595.4849971000076,0.2266618499999999
43,S2,neutral,613.5671990999981,0.1697236823333333
43,S2,infection,631.6469747000083,0.1864948389999999
43,S2,neutral,649.7304520000034,0.1274038566666666
43,S2,infection,667.8098781000008,0.1319734799999999
43,S2,neutral,685.8911375000025,0.0972200999999999
43,S2,infection,703.9735720000026,0.31237715
44,S1,neutral,0.0045410000020638,0.1159024984940849
44,S1,neutral,18.041926199977752,0.249413423
44,S1,neutral,36.07549590000417,0.20361773
44,S1,infection,54.10621979998541,0.0967492899999999
44,S1,infection,72.21052860000054,0.1147096399999999
44,S1,infection,90.16852340000332,0.1712714699999999
44,S1,neutral,108.1999635999964,0.2871097999999999
44,S1,infection,126.2312161999871,0.1139316269599999
44,S1,neutral,144.26343940000515,0.1719591000999999
44,S1,infection,162.2961435999896,0.1769742799999999
44,S1,neutral,180.32623659999808,0.1848479099999999
44,S1,infection,198.35749599998235,0.2433056369999999
44,S1,neutral,216.38868259999435,0.1342752819999999
44,S1,infection,234.42158490000293,0.1167127999999999
44,S1,neutral,252.45156819999104,0.313417788
44,S1,infection,270.4826616999926,0.1381510199999999
44,S1,neutral,288.5148990000016,0.1907769789999999
44,S1,infection,306.5469085999939,0.1039446279999999
44,S1,neutral,324.57853179998347,0.327244463
44,S1,infection,342.610471699998,0.1901809584999999
44,S1,neutral,360.6414019999793,0.1703106799999999
44,S1,infection,378.67250230000354,0.237280505
44,S1,neutral,396.70302139999694,0.1307171749999999
44,S1,infection,414.732445600006,0.1492108618
44,S1,neutral,432.764563499979,0.1924339976
44,S1,infection,450.79576549999183,0.1250084199999999
44,S1,neutral,468.8275257999776,0.4237397699999999
44,S1,infection,486.8564619999961,0.1459870899999999
44,S1,neutral,504.8894612999866,0.5033287900000001
44,S1,infection,522.9210927999811,0.193405626
44,S1,neutral,540.9511490000004,0.1484547799999999
44,S1,infection,558.9824584999878,0.1762120399999999
44,S1,neutral,577.0136406999954,0.24789496069
44,S1,infection,595.0430418000033,0.2405539966666667
44,S1,neutral,613.0767050999857,0.2479947499166666
44,S1,infection,631.1069212000002,0.1049142924999999
44,S1,neutral,649.1373442999902,0.1608804999999999
44,S1,infection,667.1687505999871,0.4051791783333334
44,S1,neutral,685.2004417999997,0.2696278798333333
44,S1,infection,703.230937699991,0.1335276666666666
44,S2,neutral,0.0276507000089623,0.1053968475
44,S2,neutral,18.035574999987148,0.4387709685999999
44,S2,neutral,36.06682770000771,0.1782366209999999
44,S2,infection,54.09797959998832,0.0658009259999999
44,S2,infection,72.12948820000747,0.1573054562999999
44,S2,infection,90.16000529998564,0.073239346
44,S2,neutral,108.1910535999923,0.163449362
44,S2,infection,126.22458929999266,0.2218007839999999
44,S2,neutral,144.25398889998905,0.1386156469999999
44,S2,infection,162.28475150000304,0.1092981771999999
44,S2,neutral,180.31683060000069,0.2792824459999999
44,S2,infection,198.3483722000092,0.1100547549999999
44,S2,neutral,216.3804433000041,0.252657853
44,S2,infection,234.40903499998967,0.1412911479999999
44,S2,neutral,252.4426567000046,0.4725469323999999
44,S2,infection,270.4734959999914,0.1515492179999999
44,S2,neutral,288.5042009000026,0.3471657019999999
44,S2,infection,306.53625569998985,0.0961353479999999
44,S2,neutral,324.56624240000383,0.1332971699999999
44,S2,infection,342.5980595999863,0.0884532619999999
44,S2,neutral,360.6303572999896,0.1859610899999999
44,S2,infection,378.6597357999999,0.0764524929999999
44,S2,neutral,396.6923962000001,0.3037214256
44,S2,infection,414.7226764000079,0.224680102
44,S2,neutral,432.7539575999835,0.2487851619999999
44,S2,infection,450.784996500006,0.1025731339999999
44,S2,neutral,468.8165069000097,0.1430889279999999
44,S2,infection,486.847196799994,0.0809098299999999
44,S2,neutral,504.8796163999941,0.1937408679999999
44,S2,infection,522.9107347000099,0.1137116399999999
44,S2,neutral,540.9421980000043,0.1925393042
44,S2,infection,558.9722525999823,0.17725874
44,S2,neutral,577.0045640000026,0.1888008
44,S2,infection,595.0344631999906,0.5464907616666665
44,S2,neutral,613.0661711999855,0.1571739499999999
44,S2,infection,631.0983197999885,0.0996041633333332
44,S2,neutral,649.1285519000085,0.1091620966666666
44,S2,infection,667.1613153000071,0.1315892916666666
44,S2,neutral,685.1924575000012,0.3704221916666667
44,S2,infection,703.2228000999894,0.1169001333333333
46,S1,neutral,0.0042077999969478,0.0871969060399999
46,S1,neutral,18.036085599975195,0.232725277
46,S1,neutral,36.06848589997389,0.230963558
46,S1,infection,54.10076529998332,0.130018418
46,S1,infection,72.20472759997938,0.154489886
46,S1,infection,90.16299019998404,0.1866868534
46,S1,neutral,108.19505719997689,0.164564022
46,S1,infection,126.22573659999762,0.19328025
46,S1,neutral,144.25698419997934,0.226523798
46,S1,infection,162.28855909997947,0.2677849399999999
46,S1,neutral,180.32068639999488,0.1622657839999999
46,S1,infection,198.35297779997927,0.2314268444999999
46,S1,neutral,216.38239089999115,0.301700036
46,S1,infection,234.41479949999484,0.2877859706
46,S1,neutral,252.44702929997584,0.39249963
46,S1,infection,270.477897099976,0.28793243
46,S1,neutral,288.5092231000017,0.1543770659999999
46,S1,infection,306.5390696999966,0.276860102
46,S1,neutral,324.5714426999912,0.2253002399999998
46,S1,infection,342.6015609999886,0.1656262179999999
46,S1,neutral,360.6335608999944,0.214758228
46,S1,infection,378.66362589999335,0.10338726
46,S1,neutral,396.6947207999765,0.2374340399999999
46,S1,infection,414.72511790000135,0.29405051
46,S1,neutral,432.7565272999928,0.1892284339999999
46,S1,infection,450.78755369997816,0.4943149
46,S1,neutral,468.8194412000012,0.1855458599999999
46,S1,infection,486.8487094999873,0.219655156
46,S1,neutral,504.8810536999954,0.1519284938999999
46,S1,infection,522.9116478999786,0.3101592199999999
46,S1,neutral,540.9428040999919,0.2930480199999999
46,S1,infection,558.9743560999923,0.1868136699999999
46,S1,neutral,577.0054497999954,0.2300239416666667
46,S1,infection,595.0368987999973,0.1747037166666667
46,S1,neutral,613.0680037999991,0.1379857333333332
46,S1,infection,631.0986636999878,0.2553215433333333
46,S1,neutral,649.129132299975,0.1960396133333332
46,S1,infection,667.161472399981,0.1729833166666666
46,S1,neutral,685.1922757999855,0.1450718666666666
46,S1,infection,703.224473099981,0.1660310383333333
46,S2,neutral,0.0226384999987203,0.4190505575
46,S2,neutral,18.048563600023044,0.1666370459999999
46,S2,neutral,36.0795180000132,0.1588113099999999
46,S2,infection,54.11026490002405,0.1583644999999999
46,S2,infection,72.14109720001579,0.1766962
46,S2,infection,90.17239780002274,0.18589592
46,S2,neutral,108.20388680000906,0.2135103999999999
46,S2,infection,126.23404619999928,0.309502977
46,S2,neutral,144.266913200001,0.173023557
46,S2,infection,162.29835430000094,0.0938144949999999
46,S2,neutral,180.3290541000024,0.08734745
46,S2,infection,198.35936820000643,0.221190068
46,S2,neutral,216.3914361000061,0.1765159749999999
46,S2,infection,234.42184310001903,0.1823163947399999
46,S2,neutral,252.4531832000066,0.2352824999999999
46,S2,infection,270.48556240001926,0.1876052309999999
46,S2,neutral,288.51582870000857,0.1566818799999999
46,S2,infection,306.5473016000178,0.282839654
46,S2,neutral,324.5774868000008,0.2505532119999999
46,S2,infection,342.60932750001666,0.579919007
46,S2,neutral,360.6410168000148,0.114760274
46,S2,infection,378.6720282000024,0.1786522239999999
46,S2,neutral,396.7044479000033,0.2079573899999999
46,S2,infection,414.7333026000124,0.123684724
46,S2,neutral,432.7668351000175,0.2410454159999999
46,S2,infection,450.7954623000114,0.1793771729999999
46,S2,neutral,468.8273105999979,0.298906965
46,S2,infection,486.8592154000071,0.1967003179999999
46,S2,neutral,504.8920194000239,0.1842795459999999
46,S2,infection,522.9723693999986,0.210976029
46,S2,neutral,541.0041698999994,0.4446919805833333
46,S2,infection,559.0362255000218,0.1551034908333333
46,S2,neutral,577.0669545000128,0.3036524083333333
46,S2,infection,595.098289800022,0.16704797
46,S2,neutral,613.1281013000116,0.2529551416666666
46,S2,infection,631.1599761000252,0.1997245033333333
46,S2,neutral,649.1910175000085,0.1593994733333333
46,S2,infection,667.2232951000042,0.1572296166666666
46,S2,neutral,685.2533541000157,0.4596625666666666
46,S2,infection,703.2840012000233,0.2381410749999999
47,S1,neutral,0.0053592000040225,0.1394552624999999
47,S1,neutral,18.043802100000903,0.1372478939999999
47,S1,neutral,36.07365080001182,0.1203302533999999
47,S1,infection,54.10435479998705,0.1187762699999999
47,S1,infection,72.2088875999907,0.087578273
47,S1,infection,90.16808939998737,0.203791623
47,S1,neutral,108.20075819999327,0.1550942070999999
47,S1,infection,126.23139979998814,0.142851376
47,S1,neutral,144.26251860000775,0.136507729
47,S1,infection,162.29506790000596,0.1230726529999999
47,S1,neutral,180.32543779999835,0.1044217449999999
47,S1,infection,198.35644679999675,0.101418872
47,S1,neutral,216.39017530001,0.1367335369999999
47,S1,infection,234.42271240000264,0.0779819539999999
47,S1,neutral,252.45086469998927,0.0959664379999999
47,S1,infection,270.4830671999953,0.0998391139999999
47,S1,neutral,288.5146020000102,0.08355473
47,S1,infection,306.5465963000024,0.1085510099999999
47,S1,neutral,324.5760805000027,0.1071638599999999
47,S1,infection,342.60797230000026,0.1029060999999999
47,S1,neutral,360.6391515000141,0.0915626399999999
47,S1,infection,378.6704373999965,0.0853000199999999
47,S1,neutral,396.7019054999983,0.1225502999999999
47,S1,infection,414.7312998000125,0.0654530799999999
47,S1,neutral,432.76294159999816,0.14020916
47,S1,infection,450.7930380000034,0.1395767
47,S1,neutral,468.8257673000044,0.0725405999999999
47,S1,infection,486.8562067000021,0.1558038999999999
47,S1,neutral,504.8874140999978,0.1195852999999999
47,S1,infection,522.9185316000076,0.1004434999999999
47,S1,neutral,540.949787199992,0.072824
47,S1,infection,558.9798030999955,0.1059850999999999
47,S1,neutral,577.0109208000067,0.0813820833333333
47,S1,infection,595.0434469000029,0.0704714999999999
47,S1,neutral,613.0749077000073,0.1367185833333332
47,S1,infection,631.1057837000117,0.1639482499999999
47,S1,neutral,649.1361894999864,0.1921242333333332
47,S1,infection,667.1666055000096,0.10588825
47,S1,neutral,685.1978027999867,0.1025967999999999
47,S1,infection,703.2303246000083,0.1049979916666666
47,S2,neutral,0.0295456999738235,0.1420678
47,S2,neutral,18.038095399999293,0.1159862861999999
47,S2,neutral,36.07113209998352,0.0854624294
47,S2,infection,54.10037899998133,0.0891066219999999
47,S2,infection,72.13148229999933,0.145757846
47,S2,infection,90.1639496999851,0.1020674519999999
47,S2,neutral,108.1922222999856,0.1150251532
47,S2,infection,126.22505169999204,0.1038719419999999
47,S2,neutral,144.2548539999989,0.0872327433999999
47,S2,infection,162.28761790000135,0.12505317
47,S2,neutral,180.3176771999861,0.1187546139999999
47,S2,infection,198.34886999998707,0.1449782999999999
47,S2,neutral,216.3808533999836,0.13093398
47,S2,infection,234.4132578999852,0.0807876299999999
47,S2,neutral,252.44229169999016,0.1235162999999999
47,S2,infection,270.4733695999894,0.14334772
47,S2,neutral,288.5063275999855,0.1196010499999999
47,S2,infection,306.5352056999982,0.118112888
47,S2,neutral,324.56789709997247,0.1045362199999999
47,S2,infection,342.6009603999846,0.0899518999999999
47,S2,neutral,360.62931359998765,0.1216584479999999
47,S2,infection,378.66207429999486,0.1008085387999999
47,S2,neutral,396.6941212999809,0.1037044999999999
47,S2,infection,414.7236267999979,0.27018328
47,S2,neutral,432.7561708999856,0.1200341279999999
47,S2,infection,450.78769659998943,0.3895841998
47,S2,neutral,468.81712490000064,0.19603734
47,S2,infection,486.8496237999934,0.197477638
47,S2,neutral,504.879634699988,0.17032178
47,S2,infection,522.9127264999843,0.2138850849999999
47,S2,neutral,540.9446182999818,0.2116693848999999
47,S2,infection,558.9746004999906,0.1481123499999999
47,S2,neutral,577.0061535999994,0.3719940466666667
47,S2,infection,595.0361943999887,0.243961815
47,S2,neutral,613.0689010999922,0.2098828249999999
47,S2,infection,631.0996588999988,0.2289013783333333
47,S2,neutral,649.1306149999727,0.6141753883333333
47,S2,infection,667.1614659999905,0.2349546616666666
47,S2,neutral,685.1943442999909,0.2552979366666666
47,S2,infection,703.2233888999908,0.11409284
48,S1,neutral,0.0039049000188242,0.1557978549999999
48,S1,neutral,18.04200760001549,0.2165072659999999
48,S1,neutral,36.07401110001956,0.12627359
48,S1,infection,54.10519050000585,0.0900959349999999
48,S1,infection,72.2110361000232,0.1527565639999999
48,S1,infection,90.16978690001996,0.174014464
48,S1,neutral,108.20045050000772,0.1542851385999999
48,S1,infection,126.2310897000134,0.129965094
48,S1,neutral,144.26282260002336,0.1344105189999999
48,S1,infection,162.29424160000053,0.1005888639999999
48,S1,neutral,180.32729290000864,0.1238174351999999
48,S1,infection,198.35738610001863,0.181612742
48,S1,neutral,216.38890380001976,0.08994585
48,S1,infection,234.4210776000109,0.2002478099999999
48,S1,neutral,252.45184670001612,0.0854979099999999
48,S1,infection,270.484293800022,0.1074295329999999
48,S1,neutral,288.51447480000206,0.1294453439999999
48,S1,infection,306.54517250001663,0.0883677299999999
48,S1,neutral,324.57680930002243,0.1015705007999999
48,S1,infection,342.6079164000112,0.0716406779999999
48,S1,neutral,360.63934310001787,0.1045936599999999
48,S1,infection,378.6701915000158,0.0943403899999999
48,S1,neutral,396.7013690000167,0.1903796999999999
48,S1,infection,414.7316943000187,0.1422203869999999
48,S1,neutral,432.7626864000049,0.0854899559999999
48,S1,infection,450.7927926000266,0.1841326111999999
48,S1,neutral,468.82479150002473,0.1194557379999999
48,S1,infection,486.8555547000142,0.0661094919999999
48,S1,neutral,504.8863437000255,0.1259015399999999
48,S1,infection,522.9191915000265,0.0754600199999999
48,S1,neutral,540.9498277000093,0.11673114
48,S1,infection,558.9806802000094,0.098220036
48,S1,neutral,577.0112388000125,0.1320748749999999
48,S1,infection,595.0433689000201,0.1090891774999999
48,S1,neutral,613.0735624000081,0.2143416698333332
48,S1,infection,631.1051592000003,0.1698570666666666
48,S1,neutral,649.1375865000009,0.1116162349999999
48,S1,infection,667.1672659000033,0.1326099886666666
48,S1,neutral,685.1991163000057,0.1005541299999999
48,S1,infection,703.2299435000168,0.1201059149999999
48,S2,neutral,0.0322231000172905,0.0906380187999999
48,S2,neutral,18.04135720001068,0.1609613435999999
48,S2,neutral,36.07281550002517,0.0911027678999999
48,S2,infection,54.10257580000325,0.1300858686
48,S2,infection,72.13377610000316,0.1166561109999999
48,S2,infection,90.16414050001184,0.1402752515999999
48,S2,neutral,108.19647610001266,0.0943771659999999
48,S2,infection,126.228382900008,0.073706521
48,S2,neutral,144.25800230001914,0.0923803875999999
48,S2,infection,162.28873090000707,0.1430425858
48,S2,neutral,180.3210098000127,0.139723975
48,S2,infection,198.35294390001212,0.095016546
48,S2,neutral,216.38379740001983,0.1342388239999999
48,S2,infection,234.4155641000252,0.0831999047999999
48,S2,neutral,252.4459927999997,0.0816797415999999
48,S2,infection,270.47658750001574,0.142738323
48,S2,neutral,288.5062216000224,0.1227416779999999
48,S2,infection,306.5398208000115,0.1619428453999999
48,S2,neutral,324.5714780999988,0.166150402
48,S2,infection,342.6026477999985,0.1350572379999999
48,S2,neutral,360.63422940002056,0.0715419602
48,S2,infection,378.6644775000168,0.1341332989999999
48,S2,neutral,396.6957231000124,0.1107514234
48,S2,infection,414.7274984999967,0.2984531728
48,S2,neutral,432.75740460000816,0.0976694519999999
48,S2,infection,450.7892397000105,0.0967187647999999
48,S2,neutral,468.82043790002353,0.1291879439999999
48,S2,infection,486.8516545000021,0.1092480379999999
48,S2,neutral,504.88250340000377,0.1057246359999999
48,S2,infection,522.9137562000251,0.1220525019999999
48,S2,neutral,540.9467090000107,0.0904702999999999
48,S2,infection,558.9768333000247,0.0965972839999999
48,S2,neutral,577.0076298000058,0.1038890666666666
48,S2,infection,595.0392809000041,0.2085765466666666
48,S2,neutral,613.071714700025,0.0997183866666666
48,S2,infection,631.1015900000057,0.1550161966666666
48,S2,neutral,649.13177550002,0.1793674499999999
48,S2,infection,667.1654184000217,0.0736119096666666
48,S2,neutral,685.1951764000114,0.1482054433333333
48,S2,infection,703.2282242000219,0.1053139383333333
49,S1,neutral,0.0045637000002898,0.0556684549999999
49,S1,neutral,18.043728000018746,0.1300470671599999
49,S1,neutral,36.07363410000107,0.1183621869799999
49,S1,infection,54.10620910002035,0.0907484836199999
49,S1,infection,72.21349700001883,0.1795329921999999
49,S1,infection,90.16946960001953,0.1193390379999999
49,S1,neutral,108.20060910002212,0.1188528219999999
49,S1,infection,126.2326633000048,0.1162869199999999
49,S1,neutral,144.2630874000024,0.191787824
49,S1,infection,162.2951444000064,0.172751248
49,S1,neutral,180.32789690000936,0.1554622339999999
49,S1,infection,198.35918580001453,0.1909812599999999
49,S1,neutral,216.38962689999607,0.0851155799999999
49,S1,infection,234.42182360001607,0.1731536199999999
49,S1,neutral,252.45315740001388,0.1751976159999999
49,S1,infection,270.48469490002026,0.1221228739999999
49,S1,neutral,288.5169926999952,0.153346952
49,S1,infection,306.54923890001373,0.17007680602
49,S1,neutral,324.5784205000091,0.16172298
49,S1,infection,342.6093727000116,0.17496936312
49,S1,neutral,360.63999799999874,0.1576333734
49,S1,infection,378.6720914000179,0.1600724751999999
49,S1,neutral,396.70285870000953,0.1144514343999999
49,S1,infection,414.73192530000233,0.1477423659999999
49,S1,neutral,432.76429140000255,0.2149156499999999
49,S1,infection,450.795540000021,0.1419486779999999
49,S1,neutral,468.82687000001897,0.109949206
49,S1,infection,486.8560594000155,0.1565821799999999
49,S1,neutral,504.8880214999954,0.15029014
49,S1,infection,522.9192550000153,0.1373318899999999
49,S1,neutral,540.9517956000054,0.1791858
49,S1,infection,558.980209900008,0.215643384
49,S1,neutral,577.0137243000208,0.2264304
49,S1,infection,595.0436641999986,0.1898263166666666
49,S1,neutral,613.0749960000103,0.13930995
49,S1,infection,631.1048632000166,0.1190293166666666
49,S1,neutral,649.1367744000163,0.1921534666666666
49,S1,infection,667.1681688000099,0.1781781333333333
49,S1,neutral,685.1994232000143,0.1981988999999999
49,S1,infection,703.2304922000039,0.1689962749999999
49,S2,neutral,0.0287510000052861,0.3605738874999999
49,S2,neutral,18.036624800006397,0.19640154772
49,S2,neutral,36.06928860000335,0.2500679694
49,S2,infection,54.100238900020486,0.1474129519999999
49,S2,infection,72.13002910002251,0.14130224876
49,S2,infection,90.16211020000628,0.1356564249999999
49,S2,neutral,108.19339940001372,0.1605703719999999
49,S2,infection,126.2249465000059,0.1699946699999999
49,S2,neutral,144.25660120000248,0.27274772
49,S2,infection,162.28736170000047,0.809804862
49,S2,neutral,180.31917830000748,0.59810042
49,S2,infection,198.34758760000116,0.453761884
49,S2,neutral,216.38121300001512,0.1962689399999999
49,S2,infection,234.41196920000948,0.1897142
49,S2,neutral,252.4434849000245,0.1854109199999999
49,S2,infection,270.4740867000073,0.23817914
49,S2,neutral,288.505759200023,0.4686888700000001
49,S2,infection,306.53550880000694,0.1078314199999999
49,S2,neutral,324.5682278000168,0.393802732
49,S2,infection,342.598950500018,0.1787745469999999
49,S2,neutral,360.6303315999976,0.6646528599999999
49,S2,infection,378.6634214000078,0.2210589799999999
49,S2,neutral,396.6937581000093,0.227843232
49,S2,infection,414.72569849999854,0.2345437979999999
49,S2,neutral,432.7569832000008,0.4911168999999999
49,S2,infection,450.7860346000234,0.2488485499999999
49,S2,neutral,468.818073900009,0.2176358899999999
49,S2,infection,486.84871040002326,0.2321071159999999
49,S2,neutral,504.8797337000142,0.400046281
49,S2,infection,522.913260500005,0.44146231
49,S2,neutral,540.9428047999972,0.2081549299999999
49,S2,infection,558.9747129000025,0.3891715719999998
49,S2,neutral,577.006609300006,0.4894480816666667
49,S2,infection,595.0353047000244,0.4694846308333332
49,S2,neutral,613.0688069000025,0.2803660699999999
49,S2,infection,631.0998381000245,0.1784268249999999
49,S2,neutral,649.1304408000142,0.2142090033333332
49,S2,infection,667.1628516000055,0.187214495
49,S2,neutral,685.1927835000097,0.3857027666666667
49,S2,infection,703.2252140000055,0.1690630133333333
50,S1,neutral,0.0044551999890245,0.0704328099999999
50,S1,neutral,18.04758909996599,0.1242614699999999
50,S1,neutral,36.07780039997306,0.0925009779999999
50,S1,infection,54.1097116000019,0.0848686419999999
50,S1,infection,72.21668399998453,0.0711895599999999
50,S1,infection,90.17188310000348,0.0891134359999999
50,S1,neutral,108.20372389996191,0.0848061519999999
50,S1,infection,126.2340737999766,0.1390008277999999
50,S1,neutral,144.2664756999584,0.1391064539999999
50,S1,infection,162.2964612999931,0.1504354599999999
50,S1,neutral,180.32875300000887,0.18983756
50,S1,infection,198.36085639998785,0.11275806
50,S1,neutral,216.3920960999676,0.1344040399999999
50,S1,infection,234.4239955999656,0.1116332999999999
50,S1,neutral,252.4557507999707,0.1403459999999999
50,S1,infection,270.48772330000065,0.1166240999999999
50,S1,neutral,288.5200638999813,0.0915094999999999
50,S1,infection,306.5501651999657,0.15658204
50,S1,neutral,324.58225439995294,0.1290456299999999
50,S1,infection,342.61367619998055,0.1509914799999999
50,S1,neutral,360.6433130999794,0.11991497
50,S1,infection,378.6762606999837,0.0964995899999999
50,S1,neutral,396.70589659997495,0.1299447799999999
50,S1,infection,414.7379522999981,0.12851657
50,S1,neutral,432.7669820999727,0.2053034899999999
50,S1,infection,450.7991489999695,0.1551344799999999
50,S1,neutral,468.8299795999774,0.1565657999999999
50,S1,infection,486.86089229997015,0.1495682999999999
50,S1,neutral,504.89105899998685,0.1629545
50,S1,infection,522.922062299971,0.1905627999999999
50,S1,neutral,540.953926599992,0.07928588
50,S1,infection,558.9859697999782,0.1801983399999999
50,S1,neutral,577.016197799996,0.1731967666666666
50,S1,infection,595.0472489999956,0.1383181999999999
50,S1,neutral,613.0788237999659,0.1534245833333333
50,S1,infection,631.1101687999908,0.176980225
50,S1,neutral,649.141150099982,0.180029775
50,S1,infection,667.1717680000002,0.2124345249999999
50,S1,neutral,685.203768599953,0.1502568916666666
50,S1,infection,703.2342205999885,0.1271167166666666
50,S2,neutral,0.0329703000024892,0.08783341
50,S2,neutral,18.041071100044064,0.13894377
50,S2,neutral,36.07198170002084,0.1345993139999999
50,S2,infection,54.10111769998912,0.100585471
50,S2,infection,72.1319137000246,0.108595691
50,S2,infection,90.1661388000357,0.11908166
50,S2,neutral,108.19590880000032,0.1167723989999999
50,S2,infection,126.2276339000091,0.0806331429999999
50,S2,neutral,144.25752510002349,0.120438118
50,S2,infection,162.2890524000395,0.1587130699999999
50,S2,neutral,180.3203113999916,0.171058944
50,S2,infection,198.35105890000705,0.0997846349999999
50,S2,neutral,216.3815088000265,0.1119420479999999
50,S2,infection,234.41559839999536,0.0701555949999999
50,S2,neutral,252.44692680001023,0.1572933599999999
50,S2,infection,270.47697940003127,0.1066346499999999
50,S2,neutral,288.5083068000385,0.11193022
50,S2,infection,306.53945410001324,0.1109234799999999
50,S2,neutral,324.569767100038,0.1111006039999999
50,S2,infection,342.6029501000303,0.1075730349999999
50,S2,neutral,360.6336673999904,0.1130464299999999
50,S2,infection,378.66474100004416,0.0836869529999999
50,S2,neutral,396.6972379999934,0.1044064369999999
50,S2,infection,414.7270224000095,0.12679541
50,S2,neutral,432.7585483000148,0.1003207099999999
50,S2,infection,450.79006160004064,0.1185486689999999
50,S2,neutral,468.8219700999907,0.136488745
50,S2,infection,486.8512965000118,0.0769971199999999
50,S2,neutral,504.88220380002167,0.1518576619999999
50,S2,infection,522.914701700036,0.0948574999999999
50,S2,neutral,540.9463356999913,0.1597879999999999
50,S2,infection,558.9776012999937,0.0832305999999999
50,S2,neutral,577.0080072000274,0.0904885583333333
50,S2,infection,595.0405392000102,0.1325093624999999
50,S2,neutral,613.0718203000142,0.1391238416666666
50,S2,infection,631.1026628999971,0.1250298166666666
50,S2,neutral,649.1334836999886,0.1517312083333332
50,S2,infection,667.165364800021,0.1380294749999999
50,S2,neutral,685.1979396000388,0.0658581999999999
50,S2,infection,703.2278944000136,0.1573039666666666
52,S1,neutral,0.0043898999574594,0.1237337191499999
52,S1,neutral,18.042466899962164,0.263730974
52,S1,neutral,36.07272699999157,0.14730843
52,S1,infection,54.1061051999568,0.1211364999999999
52,S1,infection,72.20816639997065,0.2813971
52,S1,infection,90.1664499999606,0.2596239999999999
52,S1,neutral,108.1980099999928,0.14227878
52,S1,infection,126.23103520000586,0.2141287794
52,S1,neutral,144.26235360000285,0.1339604
52,S1,infection,162.29385189997265,0.2731720599999999
52,S1,neutral,180.32473549997667,0.2101424023999999
52,S1,infection,198.3558094999753,0.1912233878
52,S1,neutral,216.3891976999585,0.1828742719999999
52,S1,infection,234.42007910000396,0.1630334059999999
52,S1,neutral,252.4497649999685,0.1560509068
52,S1,infection,270.4807317999657,0.1805833072
52,S1,neutral,288.5118224999751,0.2394746582
52,S1,infection,306.542794799956,0.1086286819999999
52,S1,neutral,324.5743115000077,0.1250407719999999
52,S1,infection,342.60568259999854,0.1216349495999999
52,S1,neutral,360.63598309998633,0.1567624439999999
52,S1,infection,378.66728639998473,0.1656171999999999
52,S1,neutral,396.69845979998354,0.1256425
52,S1,infection,414.7298370999633,0.1861321199999999
52,S1,neutral,432.7596675999812,0.1060845359999999
52,S1,infection,450.79299729998456,0.2526079
52,S1,neutral,468.8232231999864,0.1736451679999999
52,S1,infection,486.853391099954,0.1238755999999999
52,S1,neutral,504.8864470999688,0.2607445199999999
52,S1,infection,522.9164459999884,0.2219025199999999
52,S1,neutral,540.9467149999691,0.2422817299999999
52,S1,infection,558.977705599973,0.10171554
52,S1,neutral,577.0086387000047,0.2018126716666667
52,S1,infection,595.0404582999763,0.3020065666666666
52,S1,neutral,613.0715024999809,0.196734
52,S1,infection,631.1031472999603,0.1029076933333332
52,S1,neutral,649.1346951999585,0.1901269
52,S1,infection,667.1661802000017,0.2267390333333333
52,S1,neutral,685.1965760999592,0.1936156916666666
52,S1,infection,703.2290162999998,0.1602235249999999
52,S2,neutral,0.0321507999906316,0.1163886214999999
52,S2,neutral,18.03952329995809,0.1830473972
52,S2,neutral,36.07166259997757,0.2132528122
52,S2,infection,54.10247149999486,0.16925968636
52,S2,infection,72.13445819995832,0.1274190923999999
52,S2,infection,90.16513689997372,0.16069405
52,S2,neutral,108.19584919995395,0.168343724
52,S2,infection,126.2282951999805,0.1202602919999999
52,S2,neutral,144.2598814999801,0.1310562917999999
52,S2,infection,162.28895159997046,0.1315370839999999
52,S2,neutral,180.32149419997583,0.1676273199999999
52,S2,infection,198.35248499998124,0.0946117999999999
52,S2,neutral,216.38507289998236,0.1079990819999999
52,S2,infection,234.41534639999736,0.146674586
52,S2,neutral,252.4470132999704,0.1120694099999999
52,S2,infection,270.47809559997404,0.2423024819999999
52,S2,neutral,288.5100706999656,0.151032838
52,S2,infection,306.54029340000125,0.0921933989999999
52,S2,neutral,324.5710190999671,0.1373066619999999
52,S2,infection,342.6034001999651,0.0915921359999999
52,S2,neutral,360.6339189999853,0.1042839519999999
52,S2,infection,378.6668152999482,0.0867057599999999
52,S2,neutral,396.6981499999529,0.1454504959999999
52,S2,infection,414.72925239999313,0.1380723579999999
52,S2,neutral,432.75965449999785,0.1432808359999999
52,S2,infection,450.78927629999816,0.1657836899999999
52,S2,neutral,468.82109240000136,0.1294001739999999
52,S2,infection,486.8532309999573,0.1501291039999999
52,S2,neutral,504.88509769999655,0.1066781819999999
52,S2,infection,522.9158884999924,0.0719183499999999
52,S2,neutral,540.9479093999835,0.1249662659999999
52,S2,infection,558.978319899994,0.1089971231999999
52,S2,neutral,577.0101386999595,0.1195307349999999
52,S2,infection,595.0397059999523,0.1463025216666666
52,S2,neutral,613.072380299971,0.1539846459166666
52,S2,infection,631.1031157999532,0.1108601349999999
52,S2,neutral,649.1352583999978,0.1666566866666666
52,S2,infection,667.1655726999743,0.2114100999999999
52,S2,neutral,685.1976273999899,0.1057588099999999
52,S2,infection,703.2282068999484,0.1594954416666666
53,S1,neutral,0.0044155000359751,0.1508932938249999
53,S1,neutral,18.040942599996924,0.1038178222497839
53,S1,neutral,36.07298060000176,0.0974746005859569
53,S1,infection,54.10541150002973,0.076848803346
53,S1,infection,72.20812429999933,0.174028406
53,S1,infection,90.16695530002472,0.1761110699999999
53,S1,neutral,108.19940089999,0.1917713019999999
53,S1,infection,126.23108210001374,0.0673657673199999
53,S1,neutral,144.26240090001374,0.1733596667999999
53,S1,infection,162.29388990002917,0.1122258339999999
53,S1,neutral,180.32598329999016,0.0786689257999999
53,S1,infection,198.3562791000004,0.086637227
53,S1,neutral,216.38889370003017,0.0997217279999999
53,S1,infection,234.4197769000311,0.1874874546
53,S1,neutral,252.45046730001923,0.1417576919999999
53,S1,infection,270.4826436000294,0.25294621052
53,S1,neutral,288.5124535000068,0.0931119659999999
53,S1,infection,306.54261649999535,0.1130002043999999
53,S1,neutral,324.5748099000193,0.0634387019999999
53,S1,infection,342.6048360000132,0.277309436
53,S1,neutral,360.6365445000119,0.1904226976
53,S1,infection,378.6678236000007,0.136957
53,S1,neutral,396.6989385000197,0.1476633799999999
53,S1,infection,414.7290793000138,0.0695539299999999
53,S1,neutral,432.76104880002094,0.0690034299999999
53,S1,infection,450.7915675000404,0.29773236
53,S1,neutral,468.8235771000036,0.23600608
53,S1,infection,486.85191890003625,0.2275583119999999
53,S1,neutral,504.8857940000016,0.2014511899999999
53,S1,infection,522.9160883000004,0.0536190799999999
53,S1,neutral,540.9483147000428,0.07195526
53,S1,infection,558.9800300000352,0.1343693799999999
53,S1,neutral,577.0098424000316,0.1800027083333333
53,S1,infection,595.0402322000009,0.0790508416666666
53,S1,neutral,613.0728444000124,0.1225987416666666
53,S1,infection,631.1030422000331,0.5947299483333334
53,S1,neutral,649.1350158000132,0.2481214816666667
53,S1,infection,667.1668641000288,0.1526533499999999
53,S1,neutral,685.1964041000465,0.2448011333333332
53,S1,infection,703.2295914000133,0.1277869333333333
53,S2,neutral,0.0200777999707497,0.1130479624999999
53,S2,neutral,18.047593800001778,0.304900622
53,S2,neutral,36.07858520001173,0.457642682
53,S2,infection,54.10911699995631,0.1082204699999999
53,S2,infection,72.14031330001308,0.1870554299999999
53,S2,infection,90.17090669996104,0.1321413289999999
53,S2,neutral,108.20306799997344,0.1223664429999999
53,S2,infection,126.23308390000602,0.0795478470999999
53,S2,neutral,144.26474339998094,0.0457540199999999
53,S2,infection,162.29609999997774,0.1095477909999999
53,S2,neutral,180.32759619998976,0.0895724798999999
53,S2,infection,198.35832539998228,0.124378982
53,S2,neutral,216.38902780000356,0.1297576329999999
53,S2,infection,234.41988659999333,0.1131129199999999
53,S2,neutral,252.4516378999688,0.119772418
53,S2,infection,270.48477849998744,0.1870389499999999
53,S2,neutral,288.51510999997845,0.1217156099999999
53,S2,infection,306.54628700000467,0.1551791908
53,S2,neutral,324.57594820001395,0.0915110899999999
53,S2,infection,342.6080929999589,0.121501321
53,S2,neutral,360.6408847999992,0.384417286
53,S2,infection,378.6720773999696,0.2901871215999999
53,S2,neutral,396.70146509999176,0.0785926039999999
53,S2,infection,414.73269289999735,0.7080535200000001
53,S2,neutral,432.764756599965,0.2293024759999999
53,S2,infection,450.7957422999898,0.1165574579999999
53,S2,neutral,468.8289618999697,0.13557011
53,S2,infection,486.85891869995976,0.1181788219999999
53,S2,neutral,504.8888580999919,0.0823392476
53,S2,infection,522.9227676999872,0.0577221499999999
53,S2,neutral,540.9533154999954,0.755558844
53,S2,infection,558.9840210999828,0.0790664
53,S2,neutral,577.0143952000071,0.1012776583333332
53,S2,infection,595.0462781999959,0.1029364833333332
53,S2,neutral,613.0773604999995,0.1184500333333333
53,S2,infection,631.1098423000076,0.1523484083333332
53,S2,neutral,649.1397410999634,0.1641469583333333
53,S2,infection,667.1724969999632,0.6339615666666667
53,S2,neutral,685.2030323999934,0.1936576333333333
53,S2,infection,703.2343007999589,0.1022443583333333
55,S1,neutral,0.0044560999958775,0.0531724949999999
55,S1,neutral,18.04688959999476,0.0861198879999999
55,S1,neutral,36.07805479998933,0.1022181019999999
55,S1,infection,54.10935689997859,0.1078162099999999
55,S1,infection,72.21378260001075,0.0987752099999999
55,S1,infection,90.17247380001936,0.1592964499999999
55,S1,neutral,108.20453079999425,0.1091884839999999
55,S1,infection,126.23624840000411,0.1020853999999999
55,S1,neutral,144.26756850001402,0.1449072799999999
55,S1,infection,162.29895919997944,0.1413915599999999
55,S1,neutral,180.3299168999656,0.1888354979999999
55,S1,infection,198.3614578999695,0.1190044719999999
55,S1,neutral,216.3949755000067,0.1535918379999999
55,S1,infection,234.42475529998777,0.138034358
55,S1,neutral,252.4554153999779,0.1188534651999999
55,S1,infection,270.487809800019,0.126089976
55,S1,neutral,288.5197620000108,0.2027652479999999
55,S1,infection,306.5485085999826,0.1447432219999999
55,S1,neutral,324.5808048999752,0.175363492
55,S1,infection,342.6102652999689,0.1273421599999999
55,S1,neutral,360.6420885999687,0.14283947
55,S1,infection,378.67454099998577,0.129203996
55,S1,neutral,396.7047560999635,0.204399802
55,S1,infection,414.7356101999758,0.1078466259999999
55,S1,neutral,432.76673329999903,0.1091701999999999
55,S1,infection,450.79874080000445,0.1351938399999999
55,S1,neutral,468.8284813999781,0.1389566159999999
55,S1,infection,486.8593209999962,0.1488415199999999
55,S1,neutral,504.8910886999802,0.1057058359999999
55,S1,infection,522.9209210000117,0.15465602
55,S1,neutral,540.9528011999791,0.17997992
55,S1,infection,558.9834139000159,0.1630444339999999
55,S1,neutral,577.015670599998,0.1445061499999999
55,S1,infection,595.0474914999795,0.1883277
55,S1,neutral,613.0780840999796,0.1136104333333332
55,S1,infection,631.1085409999941,0.1293759666666666
55,S1,neutral,649.1388349999906,0.1250960083333333
55,S1,infection,667.1717289999942,0.1068556333333332
55,S1,neutral,685.203516300011,0.14857635
55,S1,infection,703.2344180999789,0.189033925
55,S2,neutral,0.0296050999895669,0.09412864925
55,S2,neutral,18.038942100014538,0.1159778605199999
55,S2,neutral,36.06835020001745,0.0980024779999999
55,S2,infection,54.10042470000917,0.1600833461999999
55,S2,infection,72.13228169997456,0.2088025464
55,S2,infection,90.1639026000048,0.1811814719999999
55,S2,neutral,108.19407739996676,0.1191488809999999
55,S2,infection,126.22551059996476,0.0943063738
55,S2,neutral,144.2557810000144,0.1394022119999999
55,S2,infection,162.2885553999804,0.0970533119999999
55,S2,neutral,180.3178294000099,0.132378536
55,S2,infection,198.3523549999809,0.1433001119999999
55,S2,neutral,216.38182989996852,0.1417341979999999
55,S2,infection,234.4125105999992,0.1155969339999999
55,S2,neutral,252.44445419998377,0.1200053459999999
55,S2,infection,270.47597640001914,0.18164054
55,S2,neutral,288.50804420001805,0.1111503119999999
55,S2,infection,306.538764500001,0.2055738572
55,S2,neutral,324.56910670001525,0.1792268199999999
55,S2,infection,342.59949769999366,0.1112493839999999
55,S2,neutral,360.63251819997095,0.11821401
55,S2,infection,378.66300289996434,0.1629251499999999
55,S2,neutral,396.6945989999804,0.1726762399999999
55,S2,infection,414.7256676999969,0.1500073599999999
55,S2,neutral,432.7566566999885,0.145668636
55,S2,infection,450.7882318000193,0.1035909199999999
55,S2,neutral,468.8190733999945,0.0998609299999999
55,S2,infection,486.8517279999796,0.1241055559999999
55,S2,neutral,504.8824252000195,0.1358307299999999
55,S2,infection,522.9131864999654,0.1446749799999999
55,S2,neutral,540.9442660000059,0.1881971279999999
55,S2,infection,558.9763089999906,0.114674974
55,S2,neutral,577.0070236999891,0.2184570483333332
55,S2,infection,595.0394580999855,0.1130887166666666
55,S2,neutral,613.0712198999827,0.1349171553333332
55,S2,infection,631.1019874999765,0.1281434408333332
55,S2,neutral,649.1326465000166,0.1056718449999999
55,S2,infection,667.1642397000105,0.1236472674999999
55,S2,neutral,685.1964444000041,0.1319050933333333
55,S2,infection,703.2259744000039,0.1682252716666666
