order,trial_type,em,onset,sid,session
1,neutral,0.23212126836340596,18.036224499999665,1,1
2,neutral,0.6124568395616506,36.06750289999991,1,1
3,infection,0.44566297633837365,54.09923959999969,1,1
4,infection,0.24417928610483502,72.20405039999969,1,1
5,infection,0.1880358794625275,90.16069079999988,1,1
6,neutral,0.34395452197421783,108.19259250000005,1,1
7,infection,0.08159403228953006,126.2233624999999,1,1
8,neutral,0.074921363077183,144.25757829999975,1,1
9,infection,0.15715373680506753,162.28653050000003,1,1
10,neutral,0.16335856732121698,180.3189855999999,1,1
11,infection,0.03724903301367174,198.3474013,1,1
12,neutral,0.12998183999053747,216.38068380000004,1,1
13,infection,0.1260550200167228,234.4118503,1,1
14,neutral,0.47213015769857036,252.4451326999997,1,1
15,infection,0.07671666908575553,270.47521789999973,1,1
16,neutral,0.09134077791839629,288.50681459999987,1,1
17,infection,0.2151600751615011,306.5387089999999,1,1
18,neutral,0.14076031596407024,324.57019139999966,1,1
19,infection,0.10831064212806607,342.602899,1,1
20,neutral,0.2529971559355071,360.6332322999997,1,1
21,infection,0.049742082742085934,378.66461409999965,1,1
22,neutral,0.21708510307620665,396.69671549999975,1,1
23,infection,0.2121140093284288,414.7269183999997,1,1
24,neutral,0.13588981451382312,432.7576068999997,1,1
25,infection,0.23442858538296663,450.7889563999997,1,1
26,neutral,0.15191056031992903,468.821578,1,1
27,infection,0.10464904158391564,486.85148260000005,1,1
28,neutral,0.1278206293881591,504.8825735999999,1,1
29,infection,0.08197083866409094,522.9126839999999,1,1
30,neutral,0.06472855439894105,540.9452683999998,1,1
31,infection,0.09785886183534537,558.9742461000001,1,1
32,neutral,0.04918989598614006,577.0063147000001,1,1
33,infection,0.13291792048018297,595.0370705,1,1
34,neutral,0.1412553247820279,613.0693799000001,1,1
35,infection,0.13740351663516254,631.1005491000001,1,1
36,neutral,0.15355913907923574,649.1295187000001,1,1
37,infection,0.18110168689902645,667.1618579000001,1,1
38,neutral,0.10556946627785106,685.1939434000001,1,1
39,infection,0.14204042300035005,703.2235734999999,1,1
1,neutral,0.23520600411600778,18.042448899999727,2,1
2,neutral,0.42628924568676513,36.07274679999682,2,1
3,infection,0.3385212798549694,54.10542239999632,2,1
4,infection,0.37253895917923197,72.20980499999132,2,1
5,infection,0.2528040074953119,90.16642110000248,2,1
6,neutral,0.11125655354258289,108.1994854999939,2,1
7,infection,0.3805435537143318,126.23029049999604,2,1
8,neutral,0.09617745469439767,144.26334619999398,2,1
9,infection,0.24608268293910993,162.29511049999564,2,1
10,neutral,0.35716876037818424,180.32524879999983,2,1
11,infection,0.7495402656172292,198.35826589999488,2,1
12,neutral,0.2943939626842391,216.3893604999903,2,1
13,infection,0.18813363066460254,234.42065050000383,2,1
14,neutral,0.45489957370677747,252.45082489999183,2,1
15,infection,0.18148424931924412,270.4834594999993,2,1
16,neutral,0.08600411629883556,288.514597100002,2,1
17,infection,0.13980671056736052,306.5463127999974,2,1
18,neutral,0.32956667756970404,324.5787508999929,2,1
19,infection,0.47810751433202425,342.61076440000033,2,1
20,neutral,0.2836433188746365,360.6411507000011,2,1
21,infection,0.6043048219583476,378.67188460000034,2,1
22,neutral,0.5697089938469477,396.7038704000006,2,1
23,infection,0.4212125788627654,414.73266290000174,2,1
24,neutral,0.38014572572157057,432.76653480000095,2,1
25,infection,0.7646530377042982,450.7946531999914,2,1
26,neutral,0.6416299782907618,468.826292800004,2,1
27,infection,0.36891336025377053,486.8592305999919,2,1
28,neutral,0.5441307879983579,504.8885289000027,2,1
29,infection,0.6048179371971564,522.9196472999902,2,1
30,neutral,0.6324369457043673,540.9508138999954,2,1
31,infection,0.26477720478306455,558.9827708999946,2,1
32,neutral,0.4451669731508148,577.0139039999922,2,1
33,infection,0.42691858878739214,595.0426474999986,2,1
34,neutral,0.6481994120539305,613.0749941999966,2,1
35,infection,0.4476495088598132,631.1052684000024,2,1
36,neutral,0.27768380807594595,649.1370353999955,2,1
37,infection,0.24956915501627364,667.1685824000015,2,1
38,neutral,0.5897589494195835,685.1985896999977,2,1
39,infection,0.336436698342782,703.2307043000037,2,1
1,neutral,0.29626190347172604,18.04705610000019,5,1
2,neutral,0.4099189598209093,36.08030719999988,5,1
3,infection,0.3777729115987571,54.11069209999914,5,1
4,infection,0.22250291071612838,72.21426040000006,5,1
5,infection,0.15697345477280086,90.17246890000024,5,1
6,neutral,0.3424305450023079,108.20512359999884,5,1
7,infection,0.06322377428241492,126.23682299999928,5,1
8,neutral,0.13246716607281228,144.26724280000053,5,1
9,infection,0.28481865603068485,162.29937529999916,5,1
10,neutral,0.2576327570571648,180.33064299999933,5,1
11,infection,0.17058917644801969,198.36239889999888,5,1
12,neutral,0.30735842813478753,216.39424039999903,5,1
13,infection,0.3812353090138431,234.426125,5,1
14,neutral,0.12368264398738744,252.45753779999905,5,1
15,infection,0.2912768964387203,270.4883570999991,5,1
16,neutral,0.05925707400455372,288.5205193999991,5,1
17,infection,0.5061250677567282,306.55170609999914,5,1
18,neutral,0.5451830436769024,324.58200360000046,5,1
19,infection,0.4277667394039956,342.61349580000024,5,1
20,neutral,0.11841636304393172,360.6462021999996,5,1
21,infection,0.1277950750198246,378.6785216999997,5,1
22,neutral,0.21407577396994756,396.7095484999991,5,1
23,infection,0.22612031220016454,414.7388069999997,5,1
24,neutral,0.6139571830933599,432.7704675999994,5,1
25,infection,0.22032875047917305,450.8017708999996,5,1
26,neutral,0.9067588017674751,468.8329938000006,5,1
27,infection,0.6217114476225912,486.8632383000004,5,1
28,neutral,0.17870433966840002,504.89393149999887,5,1
29,infection,0.23150261959655213,522.9253377000005,5,1
30,neutral,0.46435791118632014,540.9567850000003,5,1
31,infection,0.28669483697302484,558.9862715999989,5,1
32,neutral,0.9590578512163148,577.018632199999,5,1
33,infection,0.6767044496224056,595.0485709999994,5,1
34,neutral,0.7901373348589813,613.0799454999997,5,1
35,infection,0.5393851678761354,631.1103251999994,5,1
36,neutral,0.49291436909369835,649.1425851000004,5,1
37,infection,0.12906708788563764,667.1728901999995,5,1
38,neutral,0.25492376320598326,685.2052949999998,5,1
39,infection,0.1635465466998551,703.2365897,5,1
1,neutral,0.5423506453189575,18.043745399991167,7,1
2,neutral,0.09687903640361804,36.0737131999922,7,1
3,infection,0.11924229693239272,54.10670049999317,7,1
4,infection,0.07920923696850439,72.21273709999514,7,1
5,infection,0.12347384897723622,90.16917419999665,7,1
6,neutral,0.15054762774330135,108.20020909998856,7,1
7,infection,0.24347560424148668,126.2305495999899,7,1
8,neutral,0.07240722023906242,144.26253639999777,7,1
9,infection,0.09032076363110658,162.293193599995,7,1
10,neutral,0.1862981783379234,180.32522600000084,7,1
11,infection,0.07788311845641728,198.3561532999884,7,1
12,neutral,0.062120693405198275,216.3892773999978,7,1
13,infection,0.06274672407066523,234.42017459998897,7,1
14,neutral,0.1766030031416186,252.45133440000063,7,1
15,infection,0.17711798811201185,270.4822739999945,7,1
16,neutral,0.08143083970031333,288.5139893000014,7,1
17,infection,0.26292004803796276,306.54704469999706,7,1
18,neutral,0.10837522911559296,324.5771451999899,7,1
19,infection,0.1115455598623028,342.60948459999054,7,1
20,neutral,0.03782677259456527,360.6411223999894,7,1
21,infection,0.21515189788266537,378.671783999991,7,1
22,neutral,0.22158765142674286,396.7032177999936,7,1
23,infection,0.07591107919847687,414.7362318999949,7,1
24,neutral,0.04691200680392556,432.7662975999992,7,1
25,infection,0.057700747922939624,450.798100999993,7,1
26,neutral,0.09675822892361531,468.8295050000015,7,1
27,infection,0.21896984134984301,486.8584690999997,7,1
28,neutral,0.13364055932629518,504.8912746999995,7,1
29,infection,0.08168283609759111,522.9200716999912,7,1
30,neutral,0.1956798297181225,540.9529454000003,7,1
31,infection,0.0930756006751052,558.9829615999915,7,1
32,neutral,0.12062862717088672,577.0145364999917,7,1
33,infection,0.14309750914048625,595.0453406999877,7,1
34,neutral,0.10479426473843294,613.0783544000005,7,1
35,infection,0.14501767652115957,631.1077005999978,7,1
36,neutral,0.19215424771385936,649.1392664999876,7,1
37,infection,0.17477337730554826,667.1705232999957,7,1
38,neutral,0.18253472657294662,685.2002783999924,7,1
39,infection,0.15289229630493634,703.2334113999968,7,1
1,neutral,0.7253966409059246,18.03467210000963,8,1
2,neutral,0.4482484562277295,36.06598900000972,8,1
3,infection,0.07610690996086582,54.098465900009614,8,1
4,infection,0.017846759368932204,72.20162820001133,8,1
5,infection,0.05073061458415563,90.15966290001234,8,1
6,neutral,0.5703877394889181,108.19307470000058,8,1
7,infection,0.5834104095616413,126.2249201000086,8,1
8,neutral,0.06302173346621548,144.25464900000952,8,1
9,infection,0.07440966543554,162.2871712000051,8,1
10,neutral,0.24508544406185537,180.3180405000021,8,1
11,infection,0.6773022272712602,198.3512195000076,8,1
12,neutral,0.4563198507375766,216.3819549000036,8,1
13,infection,0.03946068366939889,234.4119541000109,8,1
14,neutral,0.17778298252209532,252.44571750001344,8,1
15,infection,0.5123759980739847,270.4749551000132,8,1
16,neutral,0.15558862626378328,288.5091587000061,8,1
17,infection,0.2365258790392405,306.5406592000072,8,1
18,neutral,0.8561168211965584,324.5712528000004,8,1
19,infection,0.6536159604869961,342.60425050000777,8,1
20,neutral,0.4284582699546989,360.63273680000566,8,1
21,infection,0.06662937986807706,378.6648937000136,8,1
22,neutral,0.05521169543532531,396.6956302000035,8,1
23,infection,0.5896772759850603,414.72738900000695,8,1
24,neutral,0.5220612043153304,432.7581535000063,8,1
25,infection,0.18455918494952822,450.7874928000092,8,1
26,neutral,0.3750950157513496,468.8176403000107,8,1
27,infection,0.7089790315441656,486.8494126000005,8,1
28,neutral,0.7687284699826419,504.8820623000065,8,1
29,infection,0.3198367474654445,522.9112616000057,8,1
30,neutral,0.5960162305582652,540.942956800005,8,1
31,infection,0.24113744863490175,558.9751435000071,8,1
32,neutral,0.04163856927819693,577.0040647000133,8,1
33,infection,0.4775358038092701,595.0348206000053,8,1
34,neutral,0.4058300955377863,613.0688760000048,8,1
35,infection,0.33905163001606703,631.099103200002,8,1
36,neutral,0.47279755719161365,649.129239300004,8,1
37,infection,0.20354035720413186,667.1595453000045,8,1
38,neutral,0.23502430181734482,685.1909490000107,8,1
39,infection,0.1778405260799146,703.2241565000004,8,1
1,neutral,0.0959999539596122,18.04188760000397,9,1
2,neutral,0.2412590710842655,36.07322979999299,9,1
3,infection,0.16423198977018072,54.10492660000455,9,1
4,infection,0.2841892121392448,72.20994829999108,9,1
5,infection,0.3080079365089556,90.16812980000395,9,1
6,neutral,0.19990936011991162,108.19835249999596,9,1
7,infection,0.05560913117083525,126.22968229999242,9,1
8,neutral,0.17193932084522268,144.26378439999826,9,1
9,infection,0.2817658467578592,162.29438669999945,9,1
10,neutral,0.19013234020851813,180.32455669999763,9,1
11,infection,0.3173013257648801,198.35731680000023,9,1
12,neutral,0.23065212877292163,216.389339500005,9,1
13,infection,0.06932562185547529,234.4199948000023,9,1
14,neutral,0.31329024909273384,252.45252740000436,9,1
15,infection,0.17246708488847462,270.4837035999953,9,1
16,neutral,0.16856572177807996,288.51493779999146,9,1
17,infection,0.18572203216070754,306.54607039999973,9,1
18,neutral,0.3496912430573847,324.5771023999987,9,1
19,infection,0.14959933954722723,342.60956799999985,9,1
20,neutral,0.10025299560042573,360.6399720000045,9,1
21,infection,0.2035373113490143,378.67157540000335,9,1
22,neutral,0.08743828057905598,396.70294499999727,9,1
23,infection,0.202396164321094,414.7331277999911,9,1
24,neutral,0.04928030375985447,432.7654578999936,9,1
25,infection,0.2579212955096156,450.7962624999928,9,1
26,neutral,0.32844426649888286,468.826730899993,9,1
27,infection,0.09081470661669812,486.857915799992,9,1
28,neutral,0.22437617924934106,504.88963399999193,9,1
29,infection,0.10056128691675795,522.9192986999988,9,1
30,neutral,0.34948786529793185,540.9507056000002,9,1
31,infection,0.10284306046791548,558.9811741000012,9,1
32,neutral,0.4429312710496568,577.0128182000044,9,1
33,infection,0.24976102790209412,595.0430129000015,9,1
34,neutral,0.05830827135043453,613.0733698999975,9,1
35,infection,0.365606671502664,631.1060288000008,9,1
36,neutral,0.18250949991990942,649.1386130000028,9,1
37,infection,0.2766335485552137,667.1673058000015,9,1
38,neutral,0.055583029626677855,685.1994709999999,9,1
39,infection,0.20732317581595774,703.2290433000016,9,1
1,neutral,0.12372510757623353,18.03901659999974,10,1
2,neutral,0.10863167396052634,36.07104249999975,10,1
3,infection,0.16006968033871175,54.10134870000184,10,1
4,infection,0.07023137714600071,72.20670679998875,10,1
5,infection,0.15633889486766378,90.16507339999951,10,1
6,neutral,0.2218951846243423,108.19554580000111,10,1
7,infection,0.12561643353223761,126.22821119999573,10,1
8,neutral,0.4401872191024618,144.25993719999678,10,1
9,infection,0.2676961667073094,162.29107520000252,10,1
10,neutral,0.09341340462052546,180.32209799998964,10,1
11,infection,0.07402886212229347,198.3555314999976,10,1
12,neutral,0.05015235543614444,216.38442919999943,10,1
13,infection,0.08918448914109299,234.4180614999932,10,1
14,neutral,0.37457545607702697,252.4482454999961,10,1
15,infection,0.06143440518336461,270.4807579999906,10,1
16,neutral,0.13867029254733004,288.51189670000167,10,1
17,infection,0.07565162115769666,306.5435385000019,10,1
18,neutral,0.22306627141251772,324.5755441999936,10,1
19,infection,0.2586342439759007,342.60590519999096,10,1
20,neutral,0.00993363318839572,360.63634129999264,10,1
21,infection,0.13775087008725037,378.6682113999995,10,1
22,neutral,0.10776853523718617,396.70029259999865,10,1
23,infection,0.20329766297363847,414.7298421000014,10,1
24,neutral,0.14711884417574375,432.7598507999937,10,1
25,infection,0.08743353800959407,450.7913367000001,10,1
26,neutral,0.1821257966936394,468.8239493000001,10,1
27,infection,0.18599488621004387,486.85384689999046,10,1
28,neutral,0.06626566554687974,504.8845384000015,10,1
29,infection,0.11619845867274343,522.9158587999991,10,1
30,neutral,0.16463192891953174,540.9470850999933,10,1
31,infection,0.26330056899141696,558.9782296999911,10,1
32,neutral,0.2480319036466143,577.0080514000001,10,1
33,infection,0.16924296859242918,595.0401735999912,10,1
34,neutral,0.17297400066446347,613.0709499999939,10,1
35,infection,0.19724666387914438,631.1019284999929,10,1
36,neutral,0.143878734898419,649.134894399991,10,1
37,infection,0.15754822511744032,667.1635599000001,10,1
38,neutral,0.06810747301750854,685.1941057999938,10,1
39,infection,0.18871913257502976,703.2259780999884,10,1
1,neutral,0.06972531057415478,18.042448899999727,11,1
2,neutral,0.1341920863561173,36.07274679999682,11,1
3,infection,0.2590116599720204,54.10542239999632,11,1
4,infection,0.21252860849056127,72.20980499999132,11,1
5,infection,0.1598379659196707,90.16642110000248,11,1
6,neutral,0.2717517556112591,108.1994854999939,11,1
7,infection,0.18794067481634852,126.23029049999604,11,1
8,neutral,0.20942248604020075,144.26334619999398,11,1
9,infection,0.1341078070553307,162.29511049999564,11,1
10,neutral,0.18948971322374783,180.32524879999983,11,1
11,infection,0.10638501892163132,198.35826589999488,11,1
12,neutral,0.3475599828898239,216.3893604999903,11,1
13,infection,0.289814280282019,234.42065050000383,11,1
14,neutral,0.08312153579678214,252.45082489999183,11,1
15,infection,0.02839963605357323,270.4834594999993,11,1
16,neutral,0.18789486545225909,288.514597100002,11,1
17,infection,0.277943261163514,306.5463127999974,11,1
18,neutral,0.1375764922454675,324.5787508999929,11,1
19,infection,0.1068315733414583,342.61076440000033,11,1
20,neutral,0.27030786027213455,360.6411507000011,11,1
21,infection,0.07925078766001589,378.67188460000034,11,1
22,neutral,0.2524716494954044,396.7038704000006,11,1
23,infection,0.1744053447749233,414.73266290000174,11,1
24,neutral,0.40133743735871613,432.76653480000095,11,1
25,infection,0.355019325736496,450.7946531999914,11,1
26,neutral,0.09490452353098,468.826292800004,11,1
27,infection,0.1277005822163415,486.8592305999919,11,1
28,neutral,0.14728685358768095,504.8885289000027,11,1
29,infection,0.06407494762487934,522.9196472999902,11,1
30,neutral,0.224323483726695,540.9508138999954,11,1
31,infection,0.33308707385156433,558.9827708999946,11,1
32,neutral,0.5633700277380642,577.0139039999922,11,1
33,infection,0.1274700184259259,595.0426474999986,11,1
34,neutral,0.20758474784702197,613.0749941999966,11,1
35,infection,0.308458666645134,631.1052684000024,11,1
36,neutral,0.2218877730250006,649.1370353999955,11,1
37,infection,0.13214664332221582,667.1685824000015,11,1
38,neutral,0.46947594996373365,685.1985896999977,11,1
39,infection,0.3078446927859374,703.2307043000037,11,1
1,neutral,0.16647765124481795,18.033825599995907,12,1
2,neutral,0.15086089581866985,36.06531069999619,12,1
3,infection,0.3729321042812205,54.09727959999873,12,1
4,infection,0.1727950607040589,72.20182249999198,12,1
5,infection,0.1291167435994913,90.16026629999396,12,1
6,neutral,0.16984797161591497,108.1906830999942,12,1
7,infection,0.13632279287727886,126.22211499999683,12,1
8,neutral,0.19348384913862884,144.25446529999317,12,1
9,infection,0.19298028689987112,162.28592189999472,12,1
10,neutral,0.36933563851901613,180.3173908000026,12,1
11,infection,0.32130672433809015,198.3494740000024,12,1
12,neutral,0.27594239793369085,216.38048849999905,12,1
13,infection,0.17248607669512842,234.4107612999942,12,1
14,neutral,0.17370246215141275,252.44383239999297,12,1
15,infection,0.1481261949725535,270.4737770999928,12,1
16,neutral,0.27720103436334936,288.50590649999504,12,1
17,infection,0.34541264367602004,306.5367647999956,12,1
18,neutral,0.12784104991416484,324.5690307999903,12,1
19,infection,0.061169699766134386,342.6006735999981,12,1
20,neutral,0.2735556824021028,360.6322450000007,12,1
21,infection,0.29923218027247683,378.6623414999922,12,1
22,neutral,0.18324346208237458,396.6929915999936,12,1
23,infection,0.29973808803449914,414.72444689999975,12,1
24,neutral,0.6029232660581658,432.754889799995,12,1
25,infection,0.161029704480127,450.78707569999096,12,1
26,neutral,0.19802742277451083,468.81686769999214,12,1
27,infection,0.18563325291433433,486.847136700002,12,1
28,neutral,0.19601042198211874,504.87905459999456,12,1
29,infection,0.1357484734058365,522.9106564999965,12,1
30,neutral,0.08893428011088228,540.9412128999975,12,1
31,infection,0.33366253330743545,558.9720849000005,12,1
32,neutral,0.2530343609769796,577.0036858999956,12,1
33,infection,0.465761275331218,595.0341230999911,12,1
34,neutral,0.27664019207444046,613.0660190999915,12,1
35,infection,0.29984703712805433,631.0978575999907,12,1
36,neutral,0.39465586579001183,649.1277807000006,12,1
37,infection,0.30566061308282955,667.1586507000029,12,1
38,neutral,0.2207381132675844,685.1900214999914,12,1
39,infection,0.09030134797448781,703.2197004999907,12,1
1,neutral,0.16744359074665113,18.037694899947383,13,1
2,neutral,0.1488368050042886,36.06711299996823,13,1
3,infection,0.3909158282870806,54.10059709998313,13,1
4,infection,0.1819644382859553,72.20420519995969,13,1
5,infection,0.2150205907799504,90.1621266999282,13,1
6,neutral,0.1447340262466178,108.19361670000944,13,1
7,infection,0.1438565176925431,126.22452389996032,13,1
8,neutral,0.23120123971746068,144.25713709997945,13,1
9,infection,0.34864445064368277,162.2884872999275,13,1
10,neutral,0.1851933220567577,180.32090950000563,13,1
11,infection,0.13668426367681627,198.3524749999633,13,1
12,neutral,0.13670204581467627,216.38139039999805,13,1
13,infection,0.0636754828349836,234.4141049999744,13,1
14,neutral,0.22465801472325161,252.44561739999332,13,1
15,infection,0.19850608643834125,270.4776544999331,13,1
16,neutral,0.3026299840234446,288.5081940999953,13,1
17,infection,0.21376650913719492,306.53985800000373,13,1
18,neutral,0.22085034909547246,324.5703297000145,13,1
19,infection,0.1654876129751264,342.60297170002013,13,1
20,neutral,0.25193102688797575,360.6346098999493,13,1
21,infection,0.08915145118812688,378.66630729998,13,1
22,neutral,0.2845750321954895,396.6973959999159,13,1
23,infection,0.1979592744350687,414.73042849998455,13,1
24,neutral,0.2767231877741717,432.76236799999606,13,1
25,infection,0.4882260549239421,450.7916043000296,13,1
26,neutral,0.43701312398004816,468.8254936999874,13,1
27,infection,0.3947770568550509,486.8546237000264,13,1
28,neutral,0.4761944943265118,504.88573049998377,13,1
29,infection,0.1523620897456614,522.9178613999393,13,1
30,neutral,0.1211282679234493,540.9465594999492,13,1
31,infection,0.21548930635619234,558.9796385000227,13,1
32,neutral,0.3411230005087738,577.0098639000207,13,1
33,infection,0.6560678566608915,595.0403858999489,13,1
34,neutral,0.2197077616356189,613.0717400999274,13,1
35,infection,0.29625754005964006,631.1020713999169,13,1
36,neutral,0.37012265328392435,649.1342568999389,13,1
37,infection,0.3002913884774412,667.1648441000143,13,1
38,neutral,0.8385243664752019,685.1971836999292,13,1
39,infection,1.0273934272417449,703.2261284999549,13,1
1,neutral,0.18251326585750532,18.035301299998537,14,1
2,neutral,0.3206919968809874,36.0675122999819,14,1
3,infection,0.045534600872179455,54.09872010000981,14,1
4,infection,0.24911766553735326,72.20536419993732,14,1
5,infection,0.261146750597946,90.16220909997357,14,1
6,neutral,0.1221208494201692,108.19221769995056,14,1
7,infection,0.22625634018083893,126.22322040004656,14,1
8,neutral,0.054832109544323354,144.2552462000167,14,1
9,infection,0.1070568204494169,162.28689730004407,14,1
10,neutral,0.36627913918182237,180.31703070004005,14,1
11,infection,0.24761127841315614,198.3509616999654,14,1
12,neutral,0.1866164124767966,216.3813379999483,14,1
13,infection,0.09597534263274808,234.41198400000576,14,1
14,neutral,0.15380227592328383,252.44351260003168,14,1
15,infection,0.10260818276272317,270.47513759997673,14,1
16,neutral,0.1280268654390789,288.5081899999641,14,1
17,infection,0.16105940912379618,306.5391107000178,14,1
18,neutral,0.14463119386767173,324.5705398999853,14,1
19,infection,0.10426348162767969,342.6017164000077,14,1
20,neutral,0.11566288168070525,360.6326004000148,14,1
21,infection,0.18154173882195357,378.6648482000455,14,1
22,neutral,0.12911628405968367,396.6961433000397,14,1
23,infection,0.12121883460135933,414.72830590000376,14,1
24,neutral,0.059195875262836616,432.76161509996746,14,1
25,infection,0.13300973013989661,450.7893827999942,14,1
26,neutral,0.16770980709481526,468.8215130999451,14,1
27,infection,0.10862931530260576,486.8514412000077,14,1
28,neutral,0.23888877577638296,504.8842769999755,14,1
29,infection,0.07066363937615469,522.9149458999746,14,1
30,neutral,0.037221448437214165,540.945647799992,14,1
31,infection,0.07108651899364463,558.9770985000068,14,1
32,neutral,0.3623116434960303,577.007000499987,14,1
33,infection,0.09668407060585331,595.0391679999884,14,1
34,neutral,0.296813355053646,613.0689734999323,14,1
35,infection,0.23774402593602814,631.1001115000108,14,1
36,neutral,0.11478632384962803,649.1316872000461,14,1
37,infection,0.14909110974405143,667.1608271000441,14,1
38,neutral,0.343150772985846,685.193598599988,14,1
39,infection,0.05081374208543924,703.2237159999786,14,1
1,neutral,0.1830936439160823,18.04448809998576,15,1
2,neutral,0.31744964014966526,36.07488580001518,15,1
3,infection,0.03140642436633366,54.10573820001446,15,1
4,infection,0.38451377273712556,72.21056120004505,15,1
5,infection,0.11829808418437827,90.16928999999072,15,1
6,neutral,0.17283155077475776,108.1998670999892,15,1
7,infection,0.22155633821096102,126.23218559997622,15,1
8,neutral,0.48609537966265065,144.26318360003643,15,1
9,infection,0.27502812691853296,162.29545079998206,15,1
10,neutral,0.09263508662875038,180.32713810005225,15,1
11,infection,0.11399181744735423,198.35802639997564,15,1
12,neutral,0.06150517618670185,216.39078660006635,15,1
13,infection,0.07517612364593858,234.42144720000212,15,1
14,neutral,0.48945917217161045,252.45395650004505,15,1
15,infection,0.07318224715595294,270.4840597000439,15,1
16,neutral,0.12539945248843581,288.51629960001446,15,1
17,infection,0.11103643570706577,306.5493233000161,15,1
18,neutral,0.17273003573898163,324.5785510999849,15,1
19,infection,0.05055811504054744,342.61114709998947,15,1
20,neutral,0.0572829272522498,360.64156839996576,15,1
21,infection,0.06698982905950172,378.6741546000121,15,1
22,neutral,0.3356811847498161,396.7040440000128,15,1
23,infection,0.4384664205901113,414.7347487000516,15,1
24,neutral,0.3002391053544313,432.7674529000651,15,1
25,infection,0.07272729029633634,450.7954579000361,15,1
26,neutral,0.04841056194915445,468.8286960000405,15,1
27,infection,0.05761644163935317,486.8579463000642,15,1
28,neutral,0.0605042344443119,504.8900137000019,15,1
29,infection,0.11720673564453944,522.9207878999878,15,1
30,neutral,0.07008439946985019,540.952141799964,15,1
31,infection,0.052016599247437685,558.9836045000702,15,1
32,neutral,0.1099206015654542,577.0139961000532,15,1
33,infection,0.08224061664270987,595.0449255000567,15,1
34,neutral,0.023784655228206504,613.076766800019,15,1
35,infection,0.0825741554717568,631.1055120000383,15,1
36,neutral,0.15604276734743058,649.1380447000265,15,1
37,infection,0.058663531840829085,667.1703734999755,15,1
38,neutral,0.11745540344785464,685.2004829000216,15,1
39,infection,0.052003201315097496,703.2305295000551,15,1
1,neutral,0.18018425492069304,18.04318129993044,16,1
2,neutral,0.3318069277752548,36.07610609999392,16,1
3,infection,0.1856092923353554,54.106308899936266,16,1
4,infection,0.37896940931774276,72.21480670000892,16,1
5,infection,0.1669590622234857,90.16981220000888,16,1
6,neutral,0.3422096328578985,108.2022752999328,16,1
7,infection,0.20145547808824435,126.23371840000618,16,1
8,neutral,0.3412270229160077,144.26268529996742,16,1
9,infection,0.081487432198483,162.29511690000072,16,1
10,neutral,0.3106052929571235,180.32798559998628,16,1
11,infection,0.16095682771759873,198.3589650999056,16,1
12,neutral,0.20937127958332297,216.3897422999144,16,1
13,infection,0.2720976763293929,234.42167869990223,16,1
14,neutral,0.30927565433468945,252.45470569992904,16,1
15,infection,0.2635193342135956,270.4861135999672,16,1
16,neutral,0.15087698030023572,288.51728169992566,16,1
17,infection,0.15324263109238273,306.5474547999911,16,1
18,neutral,0.14171531553875608,324.58020059997216,16,1
19,infection,0.2302258459191246,342.6124221999198,16,1
20,neutral,0.1435895653831465,360.6428714999929,16,1
21,infection,0.2041811525978095,378.6738812999101,16,1
22,neutral,0.0918893283518322,396.7040971999522,16,1
23,infection,0.20291125039595706,414.7353321999544,16,1
24,neutral,0.13781318781052806,432.7662435999373,16,1
25,infection,0.20698125697800726,450.7966554999584,16,1
26,neutral,0.2079760613592331,468.8291320999852,16,1
27,infection,0.21661213447202826,486.857094499981,16,1
28,neutral,0.4274896563648397,504.8897273999173,16,1
29,infection,0.4806243541879063,522.9212427999591,16,1
30,neutral,0.2291435295521457,540.9525380999548,16,1
31,infection,0.1842700311098393,558.9823180999374,16,1
32,neutral,0.10052968763196012,577.0120729999617,16,1
33,infection,0.4478421874422642,595.0446013999172,16,1
34,neutral,0.1417708026286342,613.0761563999113,16,1
35,infection,0.25564426108154736,631.1084216999589,16,1
36,neutral,0.39555778090417365,649.1367939999327,16,1
37,infection,0.4440488528082055,667.1693088999018,16,1
38,neutral,0.15245206142830806,685.2006847999291,16,1
39,infection,0.23252697263366665,703.2324080999242,16,1
1,neutral,0.15779667934025948,18.03194919996895,17,1
2,neutral,0.19070522169943438,36.06304579996504,17,1
3,infection,0.9660310778112694,54.09408870001789,17,1
4,infection,0.23189066473677142,72.19892820005771,17,1
5,infection,0.044706956363838535,90.1573324999772,17,1
6,neutral,0.2520626830956047,108.18912780005483,17,1
7,infection,0.09711016409249806,126.22070930001792,17,1
8,neutral,0.13109655089257352,144.25178799999412,17,1
9,infection,0.11881032865444893,162.282697299961,17,1
10,neutral,0.23525503700471131,180.31591790006496,17,1
11,infection,0.08927369536195467,198.3463415000588,17,1
12,neutral,0.2174687018208297,216.37736669997685,17,1
13,infection,0.09737171953242826,234.40791449998505,17,1
14,neutral,0.14804430078854117,252.4405790000456,17,1
15,infection,0.3625787884559391,270.47246860002633,17,1
16,neutral,0.21429975362671194,288.5043424000032,17,1
17,infection,0.08928820202520521,306.5360526000149,17,1
18,neutral,0.13076864075393035,324.5667150999652,17,1
19,infection,0.25353741865377655,342.5980813000351,17,1
20,neutral,0.3281243768372512,360.6303630999755,17,1
21,infection,0.12837956006126924,378.6622962000547,17,1
22,neutral,0.23100717873182136,396.6923919999972,17,1
23,infection,0.16934335406888334,414.7233200999908,17,1
24,neutral,0.1523931121753141,432.7552892999957,17,1
25,infection,0.21049559667590745,450.7861398999812,17,1
26,neutral,0.16098337770612042,468.8168575000018,17,1
27,infection,0.2683102147555105,486.8476282999618,17,1
28,neutral,0.10469477634138065,504.8795298000332,17,1
29,infection,0.3290258682792031,522.9098697999725,17,1
30,neutral,0.1728748495290383,540.9392591000069,17,1
31,infection,0.1909602214789257,558.9711930999765,17,1
32,neutral,0.33036893563677006,577.0013523000525,17,1
33,infection,0.12863199315456103,595.0335405999795,17,1
34,neutral,0.2210221532580967,613.0650636999635,17,1
35,infection,0.7010588656043439,631.0958860999672,17,1
36,neutral,0.19722722866597034,649.1265156000154,17,1
37,infection,0.36986868525296784,667.155892400071,17,1
38,neutral,0.1868862090758054,685.189066800056,17,1
39,infection,0.39733788163961864,703.2199685999658,17,1
1,neutral,0.18140106591091745,18.03162699996028,18,1
2,neutral,0.36091713985669927,36.06417380005587,18,1
3,infection,0.2450626925122625,54.09571110003162,18,1
4,infection,0.28449943215296014,72.2018495000666,18,1
5,infection,0.08381183937361995,90.1594736999832,18,1
6,neutral,0.244032111276346,108.18911949999163,18,1
7,infection,0.3541312671043898,126.22243560000788,18,1
8,neutral,0.1778097314535209,144.25205320003442,18,1
9,infection,0.23203154069080895,162.2838317999849,18,1
10,neutral,0.4657481470895398,180.31558080005925,18,1
11,infection,0.11317122027007817,198.3465771999909,18,1
12,neutral,0.10082022041314458,216.379752799985,18,1
13,infection,0.15350343118798282,234.41002109996043,18,1
14,neutral,0.35634111191386597,252.4415769999614,18,1
15,infection,0.09336491747505396,270.4743736999808,18,1
16,neutral,0.2931514328310469,288.5050185000291,18,1
17,infection,0.09466863118783476,306.5381800000323,18,1
18,neutral,0.1919585294931843,324.56905649998225,18,1
19,infection,0.4722521699651452,342.5991118999664,18,1
20,neutral,0.26089309490010565,360.630958499969,18,1
21,infection,0.22476517438611562,378.6613441000227,18,1
22,neutral,0.5584447991493536,396.6955833999673,18,1
23,infection,0.0710779560785654,414.72607940004673,18,1
24,neutral,0.3395071415969332,432.756317500025,18,1
25,infection,0.14780182050974272,450.7870969000505,18,1
26,neutral,0.17134157543216808,468.8176648999797,18,1
27,infection,0.5880170242533393,486.8482437999919,18,1
28,neutral,0.30417517427074875,504.8808142000344,18,1
29,infection,0.25282285961170453,522.9107178000268,18,1
30,neutral,0.07196951391194306,540.9417814000044,18,1
31,infection,0.07658338217395452,558.9724124000641,18,1
32,neutral,0.03176720123615035,577.0025452000555,18,1
33,infection,0.2059527006071504,595.0343555000145,18,1
34,neutral,0.351738216070522,613.065506999963,18,1
35,infection,0.18781688147648512,631.0964922000421,18,1
36,neutral,0.3144027739082219,649.1274053000379,18,1
37,infection,0.29258423863855254,667.1581250999589,18,1
38,neutral,0.6649890078904697,685.1911121000303,18,1
39,infection,0.13177187857883785,703.2207200999837,18,1
1,neutral,0.3701053773712779,18.04455049999524,19,1
2,neutral,0.2655039069194646,36.073825699975714,19,1
3,infection,0.4364075940091071,54.105188700021245,19,1
4,infection,0.39912358208469423,72.2128411999438,19,1
5,infection,0.21527483176836876,90.17009170004168,19,1
6,neutral,0.07325468999369875,108.19988750002813,19,1
7,infection,0.15631033552659943,126.23235499998556,19,1
8,neutral,0.10217247152856099,144.2627539000241,19,1
9,infection,0.23305059434872438,162.29608859994914,19,1
10,neutral,0.3756207961214384,180.3271034000209,19,1
11,infection,0.23636721461191404,198.35724869999103,19,1
12,neutral,0.21416253190685208,216.3885262999684,19,1
13,infection,0.049116392988339704,234.4220304000191,19,1
14,neutral,0.09871786810688113,252.4525836999528,19,1
15,infection,0.11350919355071647,270.4827046999708,19,1
16,neutral,0.11368732612863545,288.5164266000502,19,1
17,infection,0.2457193369824956,306.5478733000345,19,1
18,neutral,0.0730024840096671,324.5786684999475,19,1
19,infection,0.41930275602190364,342.61124829994515,19,1
20,neutral,0.27406484767134154,360.6416076000314,19,1
21,infection,0.06448918411959406,378.6725580999628,19,1
22,neutral,0.0921562838807186,396.7047230999451,19,1
23,infection,0.1626239732863307,414.7358980999561,19,1
24,neutral,0.05116130230224003,432.7671278000344,19,1
25,infection,0.1009369357326582,450.7990035000257,19,1
26,neutral,0.21319567407740247,468.8304777999874,19,1
27,infection,0.1676884743616553,486.86228060000576,19,1
28,neutral,0.20696027599171773,504.8926714999834,19,1
29,infection,0.08745270399061465,522.9239171999507,19,1
30,neutral,0.16725689641799418,540.955890399986,19,1
31,infection,0.0937243503129386,558.9862121000187,19,1
32,neutral,0.14149266599933807,577.0190048000077,19,1
33,infection,0.23986074016301873,595.0479952000314,19,1
34,neutral,0.21853461726106133,613.0790432000067,19,1
35,infection,0.13264890146991898,631.1099553999957,19,1
36,neutral,0.19382908720500347,649.1418901999714,19,1
37,infection,0.11073143015920185,667.1716052000411,19,1
38,neutral,0.267407401905887,685.2025569999823,19,1
39,infection,0.10024784865638524,703.2342882000376,19,1
1,neutral,0.2708451596221812,18.039524599909782,20,1
2,neutral,0.35043417062293436,36.07005509990268,20,1
3,infection,0.3848875776714293,54.10082299995702,20,1
4,infection,0.3111769795139447,72.20515679998789,20,1
5,infection,0.28124528225195367,90.16305540001484,20,1
6,neutral,0.243478059759324,108.1951341999229,20,1
7,infection,0.40166046982121395,126.22562419995666,20,1
8,neutral,0.09858365075293885,144.25824499991722,20,1
9,infection,0.17336277960085025,162.28952029999346,20,1
10,neutral,0.3196089066491733,180.32121119997464,20,1
11,infection,0.27772727826740906,198.3527339999564,20,1
12,neutral,0.2377742618349234,216.3835050999187,20,1
13,infection,0.35806222257297354,234.4167748999316,20,1
14,neutral,0.18743675960549833,252.44667540001683,20,1
15,infection,0.21152912527061438,270.4792417999124,20,1
16,neutral,0.3859549094503373,288.5090095999185,20,1
17,infection,0.3208305848123571,306.5420056999428,20,1
18,neutral,0.1796496800792458,324.5737151999492,20,1
19,infection,0.2196806204544639,342.6048674999038,20,1
20,neutral,0.20611231242243913,360.63666189997457,20,1
21,infection,0.05212321685310321,378.6699647000059,20,1
22,neutral,0.10477574438529506,396.69998939998914,20,1
23,infection,0.30053165917838953,414.73142329999246,20,1
24,neutral,0.38476922387344875,432.7607537999283,20,1
25,infection,0.21379683541037486,450.7930768999504,20,1
26,neutral,0.24760134417411397,468.823744699941,20,1
27,infection,0.3680311022032128,486.8531461999519,20,1
28,neutral,0.28762660541618285,504.883466499974,20,1
29,infection,0.494024262062903,522.9153629000066,20,1
30,neutral,0.5094137568755296,540.9457265000092,20,1
31,infection,0.24647350320547376,558.9783502999926,20,1
32,neutral,0.15281017045177395,577.0097926999442,20,1
33,infection,0.14783855600198875,595.0396193999331,20,1
34,neutral,0.10473738627199874,613.0715206000023,20,1
35,infection,0.3318187020659081,631.1012757999124,20,1
36,neutral,0.15901849701182555,649.1327019999735,20,1
37,infection,0.07368857160940014,667.1640953000169,20,1
38,neutral,0.2590778205960122,685.1948331999592,20,1
39,infection,0.25224878132738127,703.2256792999106,20,1
1,neutral,0.15490792424101363,18.043227200047117,22,1
2,neutral,0.19493922122373997,36.074195399996825,22,1
3,infection,0.2574882075773796,54.10624640004244,22,1
4,infection,0.11898818120201075,72.21043720003217,22,1
5,infection,0.08337382226812148,90.1679217000492,22,1
6,neutral,0.1323433707751442,108.20056500006469,22,1
7,infection,0.22986832153869982,126.23176049999891,22,1
8,neutral,0.6799088497546744,144.26412140007596,22,1
9,infection,0.7242240204921573,162.29424730001483,22,1
10,neutral,0.2359726098994214,180.3255797000602,22,1
11,infection,0.40509301238908857,198.35772880003788,22,1
12,neutral,0.09040783373994192,216.3877500999952,22,1
13,infection,0.043325797243964376,234.4207095000893,22,1
14,neutral,0.02891028173517851,252.4518696999876,22,1
15,infection,0.09768209139019265,270.4834185000509,22,1
16,neutral,0.2194916323201756,288.51470639999025,22,1
17,infection,0.8592584085097765,306.54692560003605,22,1
18,neutral,0.3092423816471857,324.5785348000936,22,1
19,infection,0.36774029949876663,342.608204600052,22,1
20,neutral,0.10613797231563876,360.64254770008847,22,1
21,infection,0.18498253313638022,378.6721699000336,22,1
22,neutral,0.4479469633420092,396.70432670006994,22,1
23,infection,0.09820334988017915,414.7360347000649,22,1
24,neutral,0.4254818179037328,432.76892719999887,22,1
25,infection,0.13036365284697374,450.79983260005247,22,1
26,neutral,0.27902589621981627,468.8302972000092,22,1
27,infection,0.39498408917878597,486.8588112000143,22,1
28,neutral,0.08589804157380575,504.8911860000808,22,1
29,infection,0.13228591020690128,522.9226432000287,22,1
30,neutral,0.5838963528916241,540.9528499000007,22,1
31,infection,0.6589754370784309,558.9833318000892,22,1
32,neutral,0.29772415507052613,577.0139690000797,22,1
33,infection,0.21220866119087767,595.0450520000886,22,1
34,neutral,0.12463347030093533,613.0779503000667,22,1
35,infection,0.3529675203755345,631.1071129000047,22,1
36,neutral,0.12036194870704149,649.1385202000383,22,1
37,infection,0.20658492241221058,667.1697864000453,22,1
38,neutral,0.5375968841574102,685.2006391000468,22,1
39,infection,0.4239615268963224,703.2332390000811,22,1
1,neutral,0.23942078431968508,18.04766479996033,23,1
2,neutral,0.5047805437640457,36.07995380007196,23,1
3,infection,0.2813594031528058,54.11116359999869,23,1
4,infection,0.3648477533145784,72.21844740002416,23,1
5,infection,0.1569944555811959,90.17427139997017,23,1
6,neutral,0.2947031064026054,108.2066194000654,23,1
7,infection,0.17533689156924062,126.23705900006462,23,1
8,neutral,0.26974039034396285,144.26870120002422,23,1
9,infection,0.22128432736563158,162.29989480006043,23,1
10,neutral,0.298626803572899,180.33290999999736,23,1
11,infection,0.42013955695406546,198.36301510001067,23,1
12,neutral,0.6078988010102018,216.39479659998324,23,1
13,infection,0.1746453637941174,234.42764210002497,23,1
14,neutral,0.21979349099297069,252.457293100073,23,1
15,infection,0.34566452779656126,270.4900475000032,23,1
16,neutral,0.48914750111676436,288.5217820999678,23,1
17,infection,0.23038359931208893,306.55283279996365,23,1
18,neutral,0.29233336478783406,324.5841915999772,23,1
19,infection,0.2730896001577079,342.6166677000001,23,1
20,neutral,0.22773273346867703,360.6467617000453,23,1
21,infection,0.3762866758251538,378.67932650004514,23,1
22,neutral,0.23290077680870425,396.7105563000077,23,1
23,infection,0.21205729119311348,414.7416329999687,23,1
24,neutral,0.16499936570459453,432.7717333000619,23,1
25,infection,0.2819396068636233,450.80255110003054,23,1
26,neutral,0.15595403219263132,468.8327463000314,23,1
27,infection,0.0804909609098307,486.8655164999655,23,1
28,neutral,0.2689373402181299,504.89500460005365,23,1
29,infection,0.19837721001696695,522.9265917000594,23,1
30,neutral,0.09905037298584475,540.956307800021,23,1
31,infection,0.2976746668125498,558.9893879999872,23,1
32,neutral,0.10781114830367441,577.0187910000095,23,1
33,infection,0.1788450494567157,595.0509754000232,23,1
34,neutral,0.21777027123772577,613.081217900035,23,1
35,infection,0.06725089552618979,631.1132276999997,23,1
36,neutral,0.4182776778174789,649.1430287000258,23,1
37,infection,0.13114940599113634,667.1745336999884,23,1
38,neutral,0.29650875875994165,685.2061043999856,23,1
39,infection,0.04226631711423449,703.2365610999987,23,1
1,neutral,0.1871398781287176,18.039060799987052,24,1
2,neutral,0.21067277991698086,36.07030229992233,24,1
3,infection,0.11583547673286539,54.10264919989277,24,1
4,infection,0.25892651619824986,72.20535559998825,24,1
5,infection,0.1609486701814336,90.16479269997215,24,1
6,neutral,0.10099846479750095,108.19736289989667,24,1
7,infection,0.1352962227663501,126.2279440999264,24,1
8,neutral,0.2038086521833886,144.2610954999691,24,1
9,infection,0.08524374605843148,162.290630399948,24,1
10,neutral,0.25265970098043994,180.3233324999455,24,1
11,infection,0.07023050509157938,198.35484359995465,24,1
12,neutral,0.1108436332873161,216.38657559989952,24,1
13,infection,0.10786757295599014,234.4175609999802,24,1
14,neutral,0.11077225885306756,252.44761239993383,24,1
15,infection,0.13855453222383657,270.48133199999575,24,1
16,neutral,0.138546238109487,288.51188799995,24,1
17,infection,0.15353021259871177,306.5438602999784,24,1
18,neutral,0.24170739238486075,324.57540459989104,24,1
19,infection,0.10231332820949288,342.6075687999837,24,1
20,neutral,0.17123921034204692,360.6376613999018,24,1
21,infection,0.13900993818654697,378.6683747998904,24,1
22,neutral,0.12612202946438875,396.70046199997887,24,1
23,infection,0.0464092759476353,414.73101189988665,24,1
24,neutral,0.3267660029283437,432.7609253999544,24,1
25,infection,0.03745852309469357,450.79251509998,24,1
26,neutral,0.1524981605403521,468.8227037999313,24,1
27,infection,0.14115745807046304,486.8538989999797,24,1
28,neutral,0.20193763134954554,504.8855538999196,24,1
29,infection,0.2798119368116656,522.9154521999881,24,1
30,neutral,0.17393060034946897,540.9468800999457,24,1
31,infection,0.18021189401156731,558.9778802999062,24,1
32,neutral,0.19685339124405693,577.0080104999943,24,1
33,infection,0.0913964577243798,595.0401594999712,24,1
34,neutral,0.3109171771319935,613.0714666999411,24,1
35,infection,0.1499706198109717,631.1027481999481,24,1
36,neutral,0.11173862524655849,649.1335885999724,24,1
37,infection,0.24149832755768233,667.1647980998969,24,1
38,neutral,0.22543472615998975,685.1972214999842,24,1
39,infection,0.19293999329670367,703.2261537999148,24,1
1,neutral,0.14030280663140626,18.04781780007761,25,1
2,neutral,0.24952569242856823,36.07799300004263,25,1
3,infection,0.24658081286610364,54.110828800010495,25,1
4,infection,0.18346514855278817,72.2152435000753,25,1
5,infection,0.3135508734282312,90.17371190001722,25,1
6,neutral,0.17827580653106054,108.2051845000824,25,1
7,infection,0.17494531585853199,126.2355745000532,25,1
8,neutral,0.17236663706359728,144.26685620006174,25,1
9,infection,0.12327902646381918,162.29917210002895,25,1
10,neutral,0.22865169255863374,180.3307766000507,25,1
11,infection,0.13001792655042393,198.3632792000426,25,1
12,neutral,0.23444501791799321,216.39375290006865,25,1
13,infection,0.17816724941767226,234.42376210005023,25,1
14,neutral,0.3995695997400248,252.456959299976,25,1
15,infection,0.11816858310300273,270.48773240006994,25,1
16,neutral,0.2350742331460091,288.52103299996816,25,1
17,infection,0.14137331289813848,306.550472300034,25,1
18,neutral,0.210586708171961,324.58179099997506,25,1
19,infection,0.19184275782857438,342.6142293000594,25,1
20,neutral,0.08345982254618796,360.6441371999681,25,1
21,infection,0.074819161688757,378.6769934999757,25,1
22,neutral,0.10675729685597128,396.7086740999948,25,1
23,infection,0.3199332308177061,414.739534500055,25,1
24,neutral,0.26587867096394774,432.77097459998913,25,1
25,infection,0.1601692069675855,450.8034538000357,25,1
26,neutral,0.1801642080219504,468.8362909000134,25,1
27,infection,0.20522760836443574,486.8655084000202,25,1
28,neutral,0.050822554588928724,504.8967089999933,25,1
29,infection,0.12271612612197666,522.928023800021,25,1
30,neutral,0.5833567614052605,540.959148599999,25,1
31,infection,0.1092746984359049,558.9907657000003,25,1
32,neutral,0.07607970673845152,577.0214940999867,25,1
33,infection,0.09710371843223678,595.0513322000625,25,1
34,neutral,0.13112714965276828,613.0829051000765,25,1
35,infection,0.07570725590127748,631.1132165000308,25,1
36,neutral,0.07910030826619523,649.1449121000478,25,1
37,infection,0.15868559837236643,667.1755236000754,25,1
38,neutral,0.009329755054655189,685.2066106999991,25,1
39,infection,0.07641326182202887,703.2385253000539,25,1
1,neutral,0.2396967527126185,18.049732399987988,26,1
2,neutral,0.22217590414526417,36.078146400046535,26,1
3,infection,0.23551632940124537,54.11065410007723,26,1
4,infection,0.279324902384249,72.21475160005502,26,1
5,infection,0.27613857182055757,90.17346550000366,26,1
6,neutral,0.1052696012896197,108.20433049998246,26,1
7,infection,0.2914917115841884,126.23711159999948,26,1
8,neutral,0.20792956621938388,144.26766370004043,26,1
9,infection,0.24305332566869425,162.29785910004284,26,1
10,neutral,0.3810869777719649,180.33111240004652,26,1
11,infection,0.11883699814609126,198.36287760001144,26,1
12,neutral,0.2451511597571668,216.3928477000445,26,1
13,infection,0.16550606934343903,234.42457670008292,26,1
14,neutral,0.23784205096999703,252.45713820005767,26,1
15,infection,0.06333226929465169,270.4882116999943,26,1
16,neutral,0.134167763953694,288.51998910005204,26,1
17,infection,0.17558690179496061,306.55142620007973,26,1
18,neutral,0.4633423851120662,324.5834180000238,26,1
19,infection,0.31984878444624915,342.61365760001354,26,1
20,neutral,0.2432214755736293,360.6452045000624,26,1
21,infection,0.2579014816016039,378.6789248000132,26,1
22,neutral,0.3050626112069749,396.70951640000567,26,1
23,infection,0.05257549997359248,414.73863660008647,26,1
24,neutral,0.13906162288558904,432.7718548000557,26,1
25,infection,0.04207347649834422,450.80190500000026,26,1
26,neutral,0.15092699793771613,468.8330253000604,26,1
27,infection,0.17681078476878662,486.8627434000373,26,1
28,neutral,0.11332548862183718,504.894536399981,26,1
29,infection,0.05270089437025116,522.9257692000829,26,1
30,neutral,0.04526132519025021,540.9574628000846,26,1
31,infection,0.3198793111164114,558.9876539000543,26,1
32,neutral,0.10709240769963371,577.0192238000454,26,1
33,infection,0.08769364381156074,595.0480373000028,26,1
34,neutral,0.20962589228040232,613.0812942000339,26,1
35,infection,0.3393321234335472,631.1114601000445,26,1
36,neutral,0.2804255436592197,649.1424315000186,26,1
37,infection,0.37598952927523743,667.1741754000541,26,1
38,neutral,0.2255137232939466,685.2050114000449,26,1
39,infection,0.1227834302794202,703.2344957999885,26,1
1,neutral,0.15848872156533078,18.042448899999727,27,1
2,neutral,0.21091331195616553,36.07274679999682,27,1
3,infection,0.1127903258868523,54.10542239999632,27,1
4,infection,0.10909346472518648,72.20980499999132,27,1
5,infection,0.06355830493000286,90.16642110000248,27,1
6,neutral,0.15703692267618274,108.1994854999939,27,1
7,infection,0.0817433227162886,126.23029049999604,27,1
8,neutral,0.15076804854188455,144.26334619999398,27,1
9,infection,0.02928448670905536,162.29511049999564,27,1
10,neutral,0.5819766394011365,180.32524879999983,27,1
11,infection,0.5386796417483036,198.35826589999488,27,1
12,neutral,0.3421908192319395,216.3893604999903,27,1
13,infection,0.32405623464623,234.42065050000383,27,1
14,neutral,0.287090395498315,252.45082489999183,27,1
15,infection,0.3197413460301843,270.4834594999993,27,1
16,neutral,0.40995207626375035,288.514597100002,27,1
17,infection,0.3366716280851629,306.5463127999974,27,1
18,neutral,0.09431456552593293,324.5787508999929,27,1
19,infection,0.04701571607568082,342.61076440000033,27,1
20,neutral,0.06004652254399246,360.6411507000011,27,1
21,infection,0.5198642725634041,378.67188460000034,27,1
22,neutral,0.7558689486082245,396.7038704000006,27,1
23,infection,0.40673617369840287,414.73266290000174,27,1
24,neutral,1.0080383361030136,432.76653480000095,27,1
25,infection,0.06042933754283509,450.7946531999914,27,1
26,neutral,0.3664936887841938,468.826292800004,27,1
27,infection,0.6939425383988714,486.8592305999919,27,1
28,neutral,0.050029719537334406,504.8885289000027,27,1
29,infection,0.14606632520986357,522.9196472999902,27,1
30,neutral,0.33131687625604084,540.9508138999954,27,1
31,infection,0.3168603624326192,558.9827708999946,27,1
32,neutral,0.13638296449572274,577.0139039999922,27,1
33,infection,0.68317546470684,595.0426474999986,27,1
34,neutral,0.7439944368864521,613.0749941999966,27,1
35,infection,0.22245735263332844,631.1052684000024,27,1
36,neutral,0.14651311156471575,649.1370353999955,27,1
37,infection,0.12584324004314726,667.1685824000015,27,1
38,neutral,0.3992115009465397,685.1985896999977,27,1
39,infection,0.18477207107048077,703.2307043000037,27,1
1,neutral,0.100297187981701,18.042448899999727,29,1
2,neutral,0.12071267427337139,36.07274679999682,29,1
3,infection,0.2606333045908585,54.10542239999632,29,1
4,infection,0.09896499419089158,72.20980499999132,29,1
5,infection,0.16339185481175145,90.16642110000248,29,1
6,neutral,0.2555715443390803,108.1994854999939,29,1
7,infection,0.17349518246583376,126.23029049999604,29,1
8,neutral,0.2749744754468774,144.26334619999398,29,1
9,infection,0.24190473954799524,162.29511049999564,29,1
10,neutral,0.20502932365300539,180.32524879999983,29,1
11,infection,0.13611706168106955,198.35826589999488,29,1
12,neutral,0.021706054126833716,216.3893604999903,29,1
13,infection,0.27272008774033507,234.42065050000383,29,1
14,neutral,0.43278583031427076,252.45082489999183,29,1
15,infection,0.4376272352043647,270.4834594999993,29,1
16,neutral,0.45606575738610566,288.514597100002,29,1
17,infection,0.15950664546703794,306.5463127999974,29,1
18,neutral,0.08835781948483659,324.5787508999929,29,1
19,infection,0.07716456441286376,342.61076440000033,29,1
20,neutral,0.22793815920408755,360.6411507000011,29,1
21,infection,0.2279485593966013,378.67188460000034,29,1
22,neutral,0.06933246538166932,396.7038704000006,29,1
23,infection,0.10465470202051944,414.73266290000174,29,1
24,neutral,0.12501413336383177,432.76653480000095,29,1
25,infection,0.07610033316867426,450.7946531999914,29,1
26,neutral,0.022784738290720356,468.826292800004,29,1
27,infection,0.18967600957014857,486.8592305999919,29,1
28,neutral,0.4447046294941519,504.8885289000027,29,1
29,infection,0.20802144617991403,522.9196472999902,29,1
30,neutral,0.09219389602765747,540.9508138999954,29,1
31,infection,0.07050622576330934,558.9827708999946,29,1
32,neutral,0.09261099532409582,577.0139039999922,29,1
33,infection,0.19632607872390068,595.0426474999986,29,1
34,neutral,0.276662141483791,613.0749941999966,29,1
35,infection,0.12372170473528715,631.1052684000024,29,1
36,neutral,0.0865568357063869,649.1370353999955,29,1
37,infection,0.058876268302464826,667.1685824000015,29,1
38,neutral,0.6916304751799045,685.1985896999977,29,1
39,infection,0.25113721462719657,703.2307043000037,29,1
1,neutral,0.404355886327161,18.03809340000043,31,1
2,neutral,0.1735669705416689,36.07050739999977,31,1
3,infection,0.0847138208720261,54.10029940000004,31,1
4,infection,0.30491429304043455,72.20371580000028,31,1
5,infection,0.0370577705260732,90.16371789999994,31,1
6,neutral,0.07727098127305314,108.19450479999978,31,1
7,infection,0.06720295808845071,126.22582109999983,31,1
8,neutral,0.08983373918279731,144.2587394000002,31,1
9,infection,0.05730175676046443,162.28988110000046,31,1
10,neutral,0.03867704014183566,180.32034529999964,31,1
11,infection,0.17863963576664965,198.35344559999976,31,1
12,neutral,0.2558874186500024,216.38279059999968,31,1
13,infection,0.175712238721723,234.4168665999996,31,1
14,neutral,0.08112863240518521,252.44771260000016,31,1
15,infection,0.08575161310140093,270.4779830999996,31,1
16,neutral,0.05296102255784844,288.5106076000002,31,1
17,infection,0.13072040057996492,306.5421282999996,31,1
18,neutral,0.31539344316785917,324.5737587000003,31,1
19,infection,0.19138984716836102,342.60494279999966,31,1
20,neutral,0.09205411661376714,360.6371835,31,1
21,infection,0.12735674311879303,378.66795470000034,31,1
22,neutral,0.09626911090007324,396.7006570000003,31,1
23,infection,0.10303587988382581,414.7311409000003,31,1
24,neutral,0.08077867198886562,432.7625487000005,31,1
25,infection,0.06376462738682839,450.7923065000005,31,1
26,neutral,0.21214227629407523,468.82470269999976,31,1
27,infection,0.16638859041913173,486.8548424999999,31,1
28,neutral,0.2602530944762973,504.8870893000003,31,1
29,infection,0.05797302866227474,522.9176252999996,31,1
30,neutral,0.2010952040989956,540.9472162000002,31,1
31,infection,0.06722620981591183,558.978693,31,1
32,neutral,0.2999854483931131,577.0090472000002,31,1
33,infection,0.05154738817594479,595.0411664000003,31,1
34,neutral,0.054936514384776314,613.0710523999996,31,1
35,infection,0.01137537302927708,631.1017505999998,31,1
36,neutral,0.0647808768948512,649.1344167999996,31,1
37,infection,0.11022960489171484,667.1650965999997,31,1
38,neutral,0.12277562591001569,685.1958936999999,31,1
39,infection,0.1776554185871489,703.2275262000003,31,1
1,neutral,0.21049925884931017,18.03747879999992,32,1
2,neutral,0.10498170596894614,36.06973240000025,32,1
3,infection,0.04821817083278649,54.09977729999992,32,1
4,infection,0.3771309997872365,72.2034104000004,32,1
5,infection,0.14679728036103706,90.1638739,32,1
6,neutral,0.2461078827204934,108.1950381000006,32,1
7,infection,0.28185889018059396,126.22659120000026,32,1
8,neutral,0.1773286204156165,144.2594482000004,32,1
9,infection,0.30110704889900003,162.28908300000057,32,1
10,neutral,0.325266838624342,180.32195140000024,32,1
11,infection,0.09354797450282575,198.35190950000012,32,1
12,neutral,0.6126931726377133,216.3843655999999,32,1
13,infection,0.7975022070562671,234.4156653,32,1
14,neutral,0.1053902623983112,252.44621070000085,32,1
15,infection,0.13691741473355842,270.47928820000106,32,1
16,neutral,0.20663246032947055,288.5099634999997,32,1
17,infection,0.03924810906869134,306.5414632000002,32,1
18,neutral,0.20330362771495236,324.57184060000054,32,1
19,infection,0.1801508072868064,342.6011810000009,32,1
20,neutral,0.7929240859012165,360.6340588000012,32,1
21,infection,0.4707195441190336,378.66348709999966,32,1
22,neutral,0.6545330378261583,396.6950403000001,32,1
23,infection,0.7495024380095494,414.7256239000008,32,1
24,neutral,0.4108289954495447,432.75726230000055,32,1
25,infection,0.3322069905274057,450.788269900001,32,1
26,neutral,0.14556792865491852,468.8206220000002,32,1
27,infection,0.3047476456643883,486.8503690999996,32,1
28,neutral,0.3990239196035977,504.8827955000006,32,1
29,infection,0.6480323072280204,522.9132930000005,32,1
30,neutral,0.21934825639037622,540.9439212000007,32,1
31,infection,0.18526968635878532,558.9765826000012,32,1
32,neutral,0.46897728932615335,577.0068634000008,32,1
33,infection,0.7526681301813535,595.0375673999997,32,1
34,neutral,0.22473181124550404,613.0700368999996,32,1
35,infection,0.5238103545867955,631.0997555000004,32,1
36,neutral,0.41281939260407435,649.1309896000012,32,1
37,infection,0.6915940226538987,667.1616070999999,32,1
38,neutral,0.6976129027267803,685.1926479000003,32,1
39,infection,0.5272310465434777,703.2232907999996,32,1
1,neutral,0.0570031909846016,18.042448899999727,33,1
2,neutral,0.15170699312997785,36.07274679999682,33,1
3,infection,0.18291361125062489,54.10542239999632,33,1
4,infection,0.1380167976282375,72.20980499999132,33,1
5,infection,0.281196619747147,90.16642110000248,33,1
6,neutral,0.07710284488323839,108.1994854999939,33,1
7,infection,0.39485084668488535,126.23029049999604,33,1
8,neutral,0.3385268134279815,144.26334619999398,33,1
9,infection,0.04990138400905015,162.29511049999564,33,1
10,neutral,0.19674149875452654,180.32524879999983,33,1
11,infection,0.15677181481408367,198.35826589999488,33,1
12,neutral,0.271102488192422,216.3893604999903,33,1
13,infection,0.17699991749632948,234.42065050000383,33,1
14,neutral,0.11501134330828208,252.45082489999183,33,1
15,infection,0.1731176149002601,270.4834594999993,33,1
16,neutral,0.21902108607716306,288.514597100002,33,1
17,infection,0.15772444422117674,306.5463127999974,33,1
18,neutral,0.14684949444728246,324.5787508999929,33,1
19,infection,0.08648843482558126,342.61076440000033,33,1
20,neutral,0.1982726018258993,360.6411507000011,33,1
21,infection,0.1328958167273348,378.67188460000034,33,1
22,neutral,0.09628310065097949,396.7038704000006,33,1
23,infection,0.22316917639715103,414.73266290000174,33,1
24,neutral,0.20080284196135148,432.76653480000095,33,1
25,infection,0.24871280705614798,450.7946531999914,33,1
26,neutral,0.14509571814609903,468.826292800004,33,1
27,infection,0.09756487648834351,486.8592305999919,33,1
28,neutral,0.2529254322890487,504.8885289000027,33,1
29,infection,0.24764687898644558,522.9196472999902,33,1
30,neutral,0.09555930199573831,540.9508138999954,33,1
31,infection,0.07822259364016668,558.9827708999946,33,1
32,neutral,0.29716312608685774,577.0139039999922,33,1
33,infection,0.09412392497438374,595.0426474999986,33,1
34,neutral,0.20566946890239013,613.0749941999966,33,1
35,infection,0.132875695185357,631.1052684000024,33,1
36,neutral,0.2731407973277544,649.1370353999955,33,1
37,infection,0.29048073119936035,667.1685824000015,33,1
38,neutral,0.24674629601617099,685.1985896999977,33,1
39,infection,0.5225954913599196,703.2307043000037,33,1
1,neutral,0.13345295496610032,18.04271339999832,36,1
2,neutral,0.11177856056288138,36.07531639999979,36,1
3,infection,0.16047660604069788,54.10639489999994,36,1
4,infection,0.05717743468832508,72.21119049999834,36,1
5,infection,0.04035760525599257,90.1696591,36,1
6,neutral,0.2177824876119209,108.19941089999884,36,1
7,infection,0.24246646664448276,126.23196619999908,36,1
8,neutral,0.17042628276206453,144.26321599999935,36,1
9,infection,0.1522804125467839,162.29463719999876,36,1
10,neutral,0.10483743619306223,180.32723929999884,36,1
11,infection,0.1646514166977684,198.35759229999897,36,1
12,neutral,0.3279136917164692,216.39087029999973,36,1
13,infection,0.21747895666813827,234.42024199999832,36,1
14,neutral,0.27108475470077487,252.4524967999987,36,1
15,infection,0.18092095289134522,270.4842401999995,36,1
16,neutral,0.2025883354854135,288.5161054,36,1
17,infection,0.17904223287907797,306.5467250999991,36,1
18,neutral,0.2624273980322835,324.5799600999999,36,1
19,infection,0.12186786965844323,342.6099319999994,36,1
20,neutral,0.3375703066727365,360.643,36,1
21,infection,0.1572392964472043,378.6735757999995,36,1
22,neutral,0.10753168483951239,396.704566299999,36,1
23,infection,0.3889505818519942,414.7353493999999,36,1
24,neutral,0.21717544109877723,432.76685649999854,36,1
25,infection,0.25889027470807935,450.7983511999992,36,1
26,neutral,0.10594164751400272,468.8293905999999,36,1
27,infection,0.1716246895715766,486.85900539999966,36,1
28,neutral,0.1814069462265467,504.8895973999988,36,1
29,infection,0.04582248666986161,522.922798399999,36,1
30,neutral,0.16833220740476793,540.9522291999983,36,1
31,infection,0.1727956801639776,558.9837525999992,36,1
32,neutral,0.4411973559303484,577.0143604999994,36,1
33,infection,0.1985098236723078,595.047455599999,36,1
34,neutral,0.4274786878948101,613.0767465999998,36,1
35,infection,0.25827914693113585,631.1089880999989,36,1
36,neutral,0.2169606412276173,649.1382153999984,36,1
37,infection,0.16106762827777782,667.1701663999993,36,1
38,neutral,0.3546290614194357,685.2026327999993,36,1
39,infection,0.33297606295394544,703.2322010999997,36,1
1,neutral,0.17631694341515633,18.03768870000204,37,1
2,neutral,0.2876184184107963,36.06997159999446,37,1
3,infection,0.22900853543632296,54.10165860000416,37,1
4,infection,0.06513589482842877,72.20425140000589,37,1
5,infection,0.2137506405107732,90.16491570000652,37,1
6,neutral,0.14871702318540098,108.19668049999746,37,1
7,infection,0.15700358137826365,126.22594770000433,37,1
8,neutral,0.05322794192943017,144.25814259999606,37,1
9,infection,0.1534669539534693,162.29069690000324,37,1
10,neutral,0.1389305626638515,180.32221610000124,37,1
11,infection,0.24081876035883493,198.35223730000143,37,1
12,neutral,0.11355936450295166,216.38299579999875,37,1
13,infection,0.20723378208680904,234.4158882000047,37,1
14,neutral,0.0686217269430026,252.44757380000377,37,1
15,infection,0.19435756014842495,270.4785824999999,37,1
16,neutral,0.26535537600576975,288.5112499999959,37,1
17,infection,0.2981573533726046,306.5419316000043,37,1
18,neutral,0.16430066221510312,324.57561529999657,37,1
19,infection,0.12404402828943815,342.6054090999969,37,1
20,neutral,0.08517820949940244,360.6366437999968,37,1
21,infection,0.22971194289333274,378.6679090999969,37,1
22,neutral,0.3575119714174845,396.69903489999706,37,1
23,infection,0.09726354790219194,414.7313411000068,37,1
24,neutral,0.25120196103064474,432.7607163000066,37,1
25,infection,0.1707878073341564,450.79208369999833,37,1
26,neutral,0.13975847698977562,468.8235094999982,37,1
27,infection,0.6203371405262135,486.8543358000025,37,1
28,neutral,0.3729914742384148,504.8859271999973,37,1
29,infection,0.3721805086578634,522.9151523000037,37,1
30,neutral,0.13298197929131503,540.9463077999972,37,1
31,infection,0.189640717597436,558.9787458000064,37,1
32,neutral,0.13322332728064584,577.0099752999959,37,1
33,infection,0.12068386481476094,595.0406197999982,37,1
34,neutral,0.1371215754423699,613.0717134000006,37,1
35,infection,0.09337397762472543,631.1033937000029,37,1
36,neutral,0.11602747675167782,649.1352157999936,37,1
37,infection,0.18695646048454898,667.1646418000018,37,1
38,neutral,0.2912194972240999,685.1961797999975,37,1
39,infection,0.3073932154558138,703.227845100002,37,1
1,neutral,0.15338498502480485,18.048131000003195,38,1
2,neutral,0.3123510804658827,36.07815339999797,38,1
3,infection,0.23287421943692416,54.1094604999962,38,1
4,infection,0.10259393631721946,72.21524990000762,38,1
5,infection,0.1821261021634957,90.17259390000254,38,1
6,neutral,0.22778381111142965,108.20424079999792,38,1
7,infection,0.14227201652946433,126.23539410000376,38,1
8,neutral,0.8801624837184239,144.26830979999795,38,1
9,infection,0.7026060534890599,162.29967380000744,38,1
10,neutral,0.08939465252330883,180.3317742000072,38,1
11,infection,0.24607695466494348,198.3617768999975,38,1
12,neutral,0.13985288762428888,216.3943705999991,38,1
13,infection,0.08892544866618105,234.4252031000069,38,1
14,neutral,0.0535536964961834,252.45551200000045,38,1
15,infection,0.2078729674698807,270.4871897999983,38,1
16,neutral,0.07440034475365599,288.52007779999985,38,1
17,infection,0.21729467963622992,306.5496770000027,38,1
18,neutral,0.15089846811046323,324.57974749999994,38,1
19,infection,0.11800023028338223,342.61106320000545,38,1
20,neutral,0.0653507263082606,360.64153789999546,38,1
21,infection,0.11466718021886496,378.6744886000088,38,1
22,neutral,0.05370828137818276,396.7037833000067,38,1
23,infection,0.1432073445985435,414.7354956000054,38,1
24,neutral,0.06812821537508161,432.7674531000084,38,1
25,infection,0.1392300909337666,450.79724179999903,38,1
26,neutral,0.24451649771937403,468.8284834000078,38,1
27,infection,0.4029873743410449,486.85907200000656,38,1
28,neutral,0.22362602507722384,504.8926344000065,38,1
29,infection,0.47529602637035356,522.922914499999,38,1
30,neutral,0.44249434768070833,540.9534287999995,38,1
31,infection,0.2116547514733882,558.9852249999967,38,1
32,neutral,0.08909758273200791,577.0134026000014,38,1
33,infection,0.0872513128941983,595.0483256000007,38,1
34,neutral,0.2857929677036406,613.0769100000034,38,1
35,infection,0.049436500998399,631.1088683999988,38,1
36,neutral,0.3130676252735338,649.138896000004,38,1
37,infection,0.25326056607171,667.1725134000008,38,1
38,neutral,0.30749686819370714,685.2028328000015,38,1
39,infection,0.8282562248310218,703.2343648999959,38,1
1,neutral,0.2037136861672723,18.046051799989076,39,1
2,neutral,0.31720535774644576,36.07729099999415,39,1
3,infection,0.3072399486205641,54.11052419999032,39,1
4,infection,0.32262597351018457,72.2147769999865,39,1
5,infection,0.1260328894275254,90.17234049999388,39,1
6,neutral,0.06801662565700599,108.20537829998648,39,1
7,infection,0.16916333833591438,126.23500929999864,39,1
8,neutral,0.16756302292578942,144.2664528999885,39,1
9,infection,0.11459763898020503,162.29835029999958,39,1
10,neutral,0.0678993177026211,180.3307754999987,39,1
11,infection,0.1679220959016891,198.36125469999388,39,1
12,neutral,0.14120586999218168,216.39365259998883,39,1
13,infection,0.16706606296582108,234.42365419999987,39,1
14,neutral,0.43674261748670606,252.45615039998663,39,1
15,infection,0.44391514768954815,270.4866941999935,39,1
16,neutral,0.2267786066791136,288.52032269998745,39,1
17,infection,0.042634645950920445,306.550556599992,39,1
18,neutral,0.07030740607791894,324.58050979999825,39,1
19,infection,0.0588696769542385,342.61067779999576,39,1
20,neutral,0.20779874769983686,360.6416059999901,39,1
21,infection,0.32245026563591594,378.6733247999946,39,1
22,neutral,0.17659312771174737,396.704846099994,39,1
23,infection,0.18368026801243792,414.7349471999914,39,1
24,neutral,0.10190789478405962,432.76729749998776,39,1
25,infection,0.48653737290077015,450.7958593999938,39,1
26,neutral,0.14553312979345304,468.82873469998594,39,1
27,infection,0.20671071605866828,486.85926039998594,39,1
28,neutral,0.328625497597315,504.8903659999923,39,1
29,infection,0.07300164005798153,522.9216413999966,39,1
30,neutral,0.12558605989827876,540.9527467999869,39,1
31,infection,0.03222815485578721,558.9850622999948,39,1
32,neutral,0.058764915382088105,577.0149973999942,39,1
33,infection,0.06825039716213215,595.0452830999857,39,1
34,neutral,0.30720909465995844,613.0788473999855,39,1
35,infection,0.1997155899032184,631.1080752999987,39,1
36,neutral,0.08496123711283589,649.1395677999972,39,1
37,infection,0.08971243905730089,667.1699409999856,39,1
38,neutral,0.15421020776681374,685.2026148999867,39,1
39,infection,0.10580098939635368,703.2334800999961,39,1
1,neutral,0.08127591772523564,18.03714859999309,40,1
2,neutral,0.17085497448241552,36.071278099989286,40,1
3,infection,0.29183401374520107,54.101333099999465,40,1
4,infection,0.1956248672843611,72.20519249999779,40,1
5,infection,0.09357241687943386,90.16483199999492,40,1
6,neutral,0.16021386717618052,108.19769919999815,40,1
7,infection,0.027741613153096433,126.22758609999435,40,1
8,neutral,0.15042662860191827,144.260254599998,40,1
9,infection,0.117726648476879,162.2912720000022,40,1
10,neutral,0.19699240061511464,180.32237979999627,40,1
11,infection,0.12144952040339335,198.3556580000004,40,1
12,neutral,0.0669160228889408,216.38647029999996,40,1
13,infection,0.039324778779800854,234.4170946999948,40,1
14,neutral,0.24757613058237957,252.4466778999922,40,1
15,infection,0.16368095799231286,270.4789096000022,40,1
16,neutral,0.11669568873963779,288.5105423999921,40,1
17,infection,0.046938900077789204,306.54105879999406,40,1
18,neutral,0.22429161592446217,324.5710376999923,40,1
19,infection,0.1704041774277437,342.60293969999475,40,1
20,neutral,0.06152401152087371,360.6352486999968,40,1
21,infection,0.06743446268759042,378.66505250000046,40,1
22,neutral,0.11978850847684133,396.69524469999305,40,1
23,infection,0.17901752348000038,414.7274286999891,40,1
24,neutral,0.2875214447780876,432.7570418999967,40,1
25,infection,0.09092024679846457,450.78975509999145,40,1
26,neutral,0.1832516449452199,468.8210837999941,40,1
27,infection,0.11734282862188578,486.85148639998806,40,1
28,neutral,0.26846112537581307,504.8817368000018,40,1
29,infection,0.05565858398211912,522.913556399988,40,1
30,neutral,0.08795415603295521,540.9436242999946,40,1
31,infection,0.165426199663086,558.9768825999927,40,1
32,neutral,0.03230329698146527,577.0066901999962,40,1
33,infection,0.07811220488698241,595.0382316999894,40,1
34,neutral,0.31000817452548096,613.0693840000022,40,1
35,infection,0.2731658200565571,631.1008941999899,40,1
36,neutral,0.31774264248209577,649.131389599992,40,1
37,infection,0.1852171216165662,667.1632458999957,40,1
38,neutral,0.15886623928404858,685.1934507999977,40,1
39,infection,0.2770402709293136,703.225508699994,40,1
1,neutral,0.23072819857063925,18.03812630000175,41,1
2,neutral,0.022243339917756424,36.071039200003725,41,1
3,infection,0.11346097040986168,54.10089919999882,41,1
4,infection,0.14820128640640473,72.20666019999771,41,1
5,infection,0.5333899288543185,90.1649114000029,41,1
6,neutral,0.5506116770691587,108.19565150000562,41,1
7,infection,0.0795356180315669,126.22780809999676,41,1
8,neutral,0.11928786023369355,144.25948710000375,41,1
9,infection,0.14600301080602954,162.2916052999935,41,1
10,neutral,0.445216278410085,180.3233431999979,41,1
11,infection,0.04572073550293446,198.3530205999996,41,1
12,neutral,0.10050018483628291,216.38648440000543,41,1
13,infection,0.09562467795701997,234.4168039999931,41,1
14,neutral,0.3273333437584268,252.4490861999948,41,1
15,infection,0.03990609131490367,270.4796079999942,41,1
16,neutral,0.03894718768325091,288.5087203000003,41,1
17,infection,0.09139388910998991,306.5402518000046,41,1
18,neutral,0.4570166655432188,324.57259739999427,41,1
19,infection,0.5702598500895499,342.6034109000029,41,1
20,neutral,0.05067224919735999,360.6334153999924,41,1
21,infection,0.07671810533478793,378.665030499993,41,1
22,neutral,0.2137972252329561,396.6951885000017,41,1
23,infection,0.15927222996519202,414.7258941000037,41,1
24,neutral,0.041223022011641144,432.7571680999972,41,1
25,infection,0.06909436414330787,450.7881277999986,41,1
26,neutral,0.2983850354402873,468.8204307999986,41,1
27,infection,0.12273113223086556,486.85127929999726,41,1
28,neutral,0.6029890114045173,504.8819002999953,41,1
29,infection,0.3772384794145941,522.9129866000003,41,1
30,neutral,0.17790808652571916,540.9428779000009,41,1
31,infection,0.37499962883293314,558.9757797000057,41,1
32,neutral,0.14090207194529392,577.0061049999931,41,1
33,infection,0.213209871287996,595.0368029999954,41,1
34,neutral,0.11360935878130989,613.0703082999971,41,1
35,infection,0.23170607151050981,631.0998262999929,41,1
36,neutral,0.2992488054545118,649.1321941999922,41,1
37,infection,0.133804692658776,667.1619913000031,41,1
38,neutral,0.37887080223272673,685.1950596999959,41,1
39,infection,0.08479036253570858,703.2262718999991,41,1
1,neutral,0.2501437645532075,18.03371679999691,42,1
2,neutral,0.12078529674673191,36.065658799998346,42,1
3,infection,0.38289022216980445,54.09675630000129,42,1
4,infection,0.04525785900335265,72.19954770000186,42,1
5,infection,0.179164612032192,90.15964530000927,42,1
6,neutral,0.3566406680966028,108.192873100008,42,1
7,infection,0.16258417224315547,126.22520030000304,42,1
8,neutral,0.09424923193017035,144.253824600004,42,1
9,infection,0.13358708058868352,162.2884595000069,42,1
10,neutral,0.23714078226814375,180.319405000002,42,1
11,infection,0.2272250528746118,198.34983230000944,42,1
12,neutral,0.28307795462039836,216.38092219999817,42,1
13,infection,0.10710615958936387,234.414311200002,42,1
14,neutral,0.08865110486181507,252.44556239999656,42,1
15,infection,0.17000469425633194,270.4754527000041,42,1
16,neutral,0.23751540423907402,288.5058368000027,42,1
17,infection,0.13519688275449412,306.5365982000076,42,1
18,neutral,0.16774057853028057,324.56932570000936,42,1
19,infection,0.2408424024072731,342.6002767000027,42,1
20,neutral,0.17106345091860678,360.62933870000415,42,1
21,infection,0.15305302703302515,378.6611679000053,42,1
22,neutral,0.0751660860737672,396.6933710000012,42,1
23,infection,0.25354506883968164,414.7224734000047,42,1
24,neutral,0.13342442060412846,432.7542608000076,42,1
25,infection,0.06315025249150295,450.7848911000037,42,1
26,neutral,0.05920361086070637,468.8157707000064,42,1
27,infection,0.3192087782969752,486.8481414999988,42,1
28,neutral,0.4543084097717367,504.87860740000906,42,1
29,infection,0.15296658438462754,522.9081915999996,42,1
30,neutral,0.27745434630832555,540.9418020000012,42,1
31,infection,0.21627519714698695,558.9729016000056,42,1
32,neutral,0.2740808501295887,577.0032884999964,42,1
33,infection,0.2798559262045448,595.0339483999996,42,1
34,neutral,0.18478160988228007,613.0652899999986,42,1
35,infection,0.36651268506131496,631.0953354000085,42,1
36,neutral,0.5139599320906278,649.1290444000042,42,1
37,infection,0.21852313350824473,667.1608057999983,42,1
38,neutral,0.17605598947892911,685.1907066999993,42,1
39,infection,0.4185525996344908,703.2211947000033,42,1
1,neutral,0.05914479840466074,18.03238400000555,43,1
2,neutral,0.17980709298893072,36.065297099994496,43,1
3,infection,0.26278626022001933,54.09523639999679,43,1
4,infection,0.10906321098729378,72.20110130000103,43,1
5,infection,0.20273467770802803,90.1599145999935,43,1
6,neutral,0.14023126672058847,108.19059749999724,43,1
7,infection,0.26332900515975444,126.22380859999976,43,1
8,neutral,0.15600763855233196,144.25320120000106,43,1
9,infection,0.10905763156556059,162.2857398999913,43,1
10,neutral,0.1485490797324269,180.31826810000348,43,1
11,infection,0.2899323716499851,198.34981859999243,43,1
12,neutral,0.17945746110343483,216.38081869999587,43,1
13,infection,0.16638233526748467,234.4117114999972,43,1
14,neutral,0.26260388504044213,252.44345619999515,43,1
15,infection,0.03470680773092086,270.47463450000214,43,1
16,neutral,0.4841595657611413,288.5049880000006,43,1
17,infection,0.0927026778657172,306.5359982999944,43,1
18,neutral,0.5902692632050773,324.5679552999936,43,1
19,infection,0.2201311479055934,342.59939619999204,43,1
20,neutral,0.23845737250424476,360.6298267999955,43,1
21,infection,0.1600413701970449,378.6597267000034,43,1
22,neutral,0.14497090092704448,396.69136280000384,43,1
23,infection,0.8018641169450863,414.7233621999912,43,1
24,neutral,0.25975578080156286,432.75355729999137,43,1
25,infection,0.09426821768619197,450.7846218999912,43,1
26,neutral,0.18573228068809144,468.8155493999948,43,1
27,infection,0.4444051249125576,486.8470777000039,43,1
28,neutral,0.3931718915084601,504.8785538999946,43,1
29,infection,0.4306802788015308,522.9095003999973,43,1
30,neutral,0.17979320186165149,540.9397669000027,43,1
31,infection,0.38788719040759545,558.9704585,43,1
32,neutral,0.23718687069636524,577.0019429999957,43,1
33,infection,0.12047061033238947,595.0329706000048,43,1
34,neutral,0.5372161273649236,613.0644649000023,43,1
35,infection,0.5463230144658338,631.0963283000019,43,1
36,neutral,0.47563376066611723,649.1268620000046,43,1
37,infection,0.43056362689794003,667.1590971999976,43,1
38,neutral,0.32226227177257244,685.1890420999989,43,1
39,infection,0.06921722591671467,703.2199766999984,43,1
1,neutral,0.4863975613257382,18.041926199977752,44,1
2,neutral,0.1797356913608775,36.07549590000417,44,1
3,infection,0.45270030829313185,54.10621979998541,44,1
4,infection,0.15950858381041164,72.21052860000054,44,1
5,infection,0.191370183080809,90.16852340000332,44,1
6,neutral,0.1286077838286045,108.1999635999964,44,1
7,infection,0.20071906582359977,126.2312161999871,44,1
8,neutral,0.17830241480166772,144.26343940000515,44,1
9,infection,0.19473407468429937,162.2961435999896,44,1
10,neutral,0.37196411492034687,180.32623659999808,44,1
11,infection,0.3156560005990883,198.35749599998235,44,1
12,neutral,0.44650231578459254,216.38868259999435,44,1
13,infection,0.1877538718959903,234.42158490000293,44,1
14,neutral,0.3294251634412493,252.45156819999104,44,1
15,infection,0.3274982928601047,270.4826616999926,44,1
16,neutral,0.4125628108412429,288.5148990000016,44,1
17,infection,0.09346601700884505,306.5469085999939,44,1
18,neutral,0.5412791554243315,324.57853179998347,44,1
19,infection,0.4452117806347284,342.610471699998,44,1
20,neutral,0.6518920108841966,360.6414019999793,44,1
21,infection,0.1756339682928729,378.67250230000354,44,1
22,neutral,0.18966632570315145,396.70302139999694,44,1
23,infection,0.1362674400999998,414.732445600006,44,1
24,neutral,0.10817446565772854,432.764563499979,44,1
25,infection,0.3773921999766173,450.79576549999183,44,1
26,neutral,0.5730906112571811,468.8275257999776,44,1
27,infection,0.5625255907934785,486.8564619999961,44,1
28,neutral,0.673203318113808,504.8894612999866,44,1
29,infection,0.5541564248986535,522.9210927999811,44,1
30,neutral,0.24936717038055572,540.9511490000004,44,1
31,infection,0.25222881411681386,558.9824584999878,44,1
32,neutral,0.6357145760506374,577.0136406999954,44,1
33,infection,0.19118353407603608,595.0430418000033,44,1
34,neutral,0.5151783936547465,613.0767050999857,44,1
35,infection,0.5253345512576147,631.1069212000002,44,1
36,neutral,0.14069269854571612,649.1373442999902,44,1
37,infection,0.5874670594034195,667.1687505999871,44,1
38,neutral,0.5806653760197826,685.2004417999997,44,1
39,infection,0.23550301223504078,703.230937699991,44,1
1,neutral,0.07896043099548887,18.036085599975195,46,1
2,neutral,0.10438830193214599,36.06848589997389,46,1
3,infection,0.16584894595599523,54.10076529998332,46,1
4,infection,0.17739907412280376,72.20472759997938,46,1
5,infection,0.08207555285315368,90.16299019998404,46,1
6,neutral,0.39099142131962294,108.19505719997689,46,1
7,infection,0.31488767567020026,126.22573659999762,46,1
8,neutral,0.10414849904890039,144.25698419997934,46,1
9,infection,0.40308830818295666,162.28855909997947,46,1
10,neutral,0.5341704246048464,180.32068639999488,46,1
11,infection,0.3750337024068813,198.35297779997927,46,1
12,neutral,0.37100365238152977,216.38239089999115,46,1
13,infection,0.43124281078244747,234.41479949999484,46,1
14,neutral,0.4249005647636633,252.44702929997584,46,1
15,infection,0.22310569234373095,270.477897099976,46,1
16,neutral,0.4750410054073278,288.5092231000017,46,1
17,infection,0.25611413532703525,306.5390696999966,46,1
18,neutral,0.1572498300708241,324.5714426999912,46,1
19,infection,0.5942496646660722,342.6015609999886,46,1
20,neutral,0.14503279595332758,360.6335608999944,46,1
21,infection,0.13496002203628626,378.66362589999335,46,1
22,neutral,0.23828288114097845,396.6947207999765,46,1
23,infection,0.1981244835172995,414.72511790000135,46,1
24,neutral,0.2923460578366368,432.7565272999928,46,1
25,infection,0.3196608033881805,450.78755369997816,46,1
26,neutral,0.7998554642653825,468.8194412000012,46,1
27,infection,0.5318605987288281,486.8487094999873,46,1
28,neutral,0.6193011800327468,504.8810536999954,46,1
29,infection,0.28197323952999187,522.9116478999786,46,1
30,neutral,0.5835400891003562,540.9428040999919,46,1
31,infection,0.6037211762644652,558.9743560999923,46,1
32,neutral,0.3995627174556615,577.0054497999954,46,1
33,infection,0.8419938218973292,595.0368987999973,46,1
34,neutral,0.483770867166381,613.0680037999991,46,1
35,infection,0.2914515528388263,631.0986636999878,46,1
36,neutral,0.1356730825912022,649.129132299975,46,1
37,infection,0.12275401392987906,667.161472399981,46,1
38,neutral,0.3230401104180975,685.1922757999855,46,1
39,infection,0.3627859180448804,703.224473099981,46,1
1,neutral,0.4049445879805685,18.043802100000903,47,1
2,neutral,0.25501514451381274,36.07365080001182,47,1
3,infection,0.3848209610301744,54.10435479998705,47,1
4,infection,0.220007257214767,72.2088875999907,47,1
5,infection,0.25075579319551555,90.16808939998737,47,1
6,neutral,0.40125557913724513,108.20075819999327,47,1
7,infection,0.42876591600613323,126.23139979998814,47,1
8,neutral,0.09031941616665312,144.26251860000775,47,1
9,infection,0.04477132717662106,162.29506790000596,47,1
10,neutral,0.2771357405626429,180.32543779999835,47,1
11,infection,0.23997490847802533,198.35644679999675,47,1
12,neutral,0.2092024186710748,216.39017530001,47,1
13,infection,0.24835620920994592,234.42271240000264,47,1
14,neutral,0.1246608857392375,252.45086469998927,47,1
15,infection,0.3401526079058033,270.4830671999953,47,1
16,neutral,0.23613468263561346,288.5146020000102,47,1
17,infection,0.17332807369067219,306.5465963000024,47,1
18,neutral,0.11320008337829042,324.5760805000027,47,1
19,infection,0.17880328723965117,342.60797230000026,47,1
20,neutral,0.2155742928798354,360.6391515000141,47,1
21,infection,0.35805031560956707,378.6704373999965,47,1
22,neutral,0.10767304947258707,396.7019054999983,47,1
23,infection,0.14881228291904217,414.7312998000125,47,1
24,neutral,0.3056251086511413,432.76294159999816,47,1
25,infection,0.17362941971722604,450.7930380000034,47,1
26,neutral,0.166168572419432,468.8257673000044,47,1
27,infection,0.19672433750598056,486.8562067000021,47,1
28,neutral,0.031362326821952856,504.8874140999978,47,1
29,infection,0.1716287750653468,522.9185316000076,47,1
30,neutral,0.20949927538126256,540.949787199992,47,1
31,infection,0.11452290242998844,558.9798030999955,47,1
32,neutral,0.14949221958351477,577.0109208000067,47,1
33,infection,0.18649411463906065,595.0434469000029,47,1
34,neutral,0.42495024281842675,613.0749077000073,47,1
35,infection,0.24536930462585013,631.1057837000117,47,1
36,neutral,0.042461839881193,649.1361894999864,47,1
37,infection,0.4237350609831344,667.1666055000096,47,1
38,neutral,0.07654518528062156,685.1978027999867,47,1
39,infection,0.1324424938141672,703.2303246000083,47,1
1,neutral,0.0673232143821845,18.04200760001549,48,1
2,neutral,0.03356804786004506,36.07401110001956,48,1
3,infection,0.14176816468523024,54.10519050000585,48,1
4,infection,0.03378552483782862,72.2110361000232,48,1
5,infection,0.10147002306857361,90.16978690001996,48,1
6,neutral,0.04856162708021716,108.20045050000772,48,1
7,infection,0.05418232943879067,126.2310897000134,48,1
8,neutral,0.0833501391217354,144.26282260002336,48,1
9,infection,0.030081959517106058,162.29424160000053,48,1
10,neutral,0.1443919456728547,180.32729290000864,48,1
11,infection,0.09829589955785263,198.35738610001863,48,1
12,neutral,0.02019819994717136,216.38890380001976,48,1
13,infection,0.061707677425165995,234.4210776000109,48,1
14,neutral,0.012169836380187734,252.45184670001612,48,1
15,infection,0.02467293328096386,270.484293800022,48,1
16,neutral,0.04273815111026785,288.51447480000206,48,1
17,infection,0.030524600189849132,306.54517250001663,48,1
18,neutral,0.05903352296172137,324.57680930002243,48,1
19,infection,0.06990966967376086,342.6079164000112,48,1
20,neutral,0.03503787962351038,360.63934310001787,48,1
21,infection,0.04260072154902563,378.6701915000158,48,1
22,neutral,0.17141943144618096,396.7013690000167,48,1
23,infection,0.08035668246444123,414.7316943000187,48,1
24,neutral,0.15766619381335148,432.7626864000049,48,1
25,infection,0.3751715417301806,450.7927926000266,48,1
26,neutral,0.06144506175206671,468.82479150002473,48,1
27,infection,0.04649252060466797,486.8555547000142,48,1
28,neutral,0.060726491259035675,504.8863437000255,48,1
29,infection,0.09851641054716984,522.9191915000265,48,1
30,neutral,0.07762712060186298,540.9498277000093,48,1
31,infection,0.11229075370705581,558.9806802000094,48,1
32,neutral,0.11935746145486587,577.0112388000125,48,1
33,infection,0.10759392460083986,595.0433689000201,48,1
34,neutral,0.44841617825099916,613.0735624000081,48,1
35,infection,0.10257696042737223,631.1051592000003,48,1
36,neutral,0.4776421651813347,649.1375865000009,48,1
37,infection,0.1369784923359284,667.1672659000033,48,1
38,neutral,0.2582402757367866,685.1991163000057,48,1
39,infection,0.024849321025861786,703.2299435000168,48,1
1,neutral,0.15814599774085242,18.043728000018746,49,1
2,neutral,0.35161175811344,36.07363410000107,49,1
3,infection,0.09543052864909853,54.10620910002035,49,1
4,infection,0.1593817431987735,72.21349700001883,49,1
5,infection,0.16270397665158973,90.16946960001953,49,1
6,neutral,0.25996384393616223,108.20060910002212,49,1
7,infection,0.06634456478371016,126.2326633000048,49,1
8,neutral,0.3848194515733103,144.2630874000024,49,1
9,infection,0.3553544979699362,162.2951444000064,49,1
10,neutral,0.04711741791786369,180.32789690000936,49,1
11,infection,0.1295089067832705,198.35918580001453,49,1
12,neutral,0.2900528257287492,216.38962689999607,49,1
13,infection,0.07310721914961073,234.42182360001607,49,1
14,neutral,0.11295168554730302,252.45315740001388,49,1
15,infection,0.05653562657894719,270.48469490002026,49,1
16,neutral,0.1450429640089951,288.5169926999952,49,1
17,infection,0.13805688256316942,306.54923890001373,49,1
18,neutral,0.03768766505144997,324.5784205000091,49,1
19,infection,0.16192462813180136,342.6093727000116,49,1
20,neutral,0.2779066268015107,360.63999799999874,49,1
21,infection,0.20675394337988173,378.6720914000179,49,1
22,neutral,0.14675156673030917,396.70285870000953,49,1
23,infection,0.13161839816787244,414.73192530000233,49,1
24,neutral,0.4407325429704684,432.76429140000255,49,1
25,infection,0.252289878602202,450.795540000021,49,1
26,neutral,0.21262916291065753,468.82687000001897,49,1
27,infection,0.04192962963612392,486.8560594000155,49,1
28,neutral,0.2213504565413012,504.8880214999954,49,1
29,infection,0.06071447401879925,522.9192550000153,49,1
30,neutral,0.13677584307768315,540.9517956000054,49,1
31,infection,0.3436677984933043,558.980209900008,49,1
32,neutral,0.45840443720835317,577.0137243000208,49,1
33,infection,0.35312144046175675,595.0436641999986,49,1
34,neutral,0.16191486600097008,613.0749960000103,49,1
35,infection,0.2058960902653658,631.1048632000166,49,1
36,neutral,0.256950133391133,649.1367744000163,49,1
37,infection,0.13795382505383633,667.1681688000099,49,1
38,neutral,0.08228943663005585,685.1994232000143,49,1
39,infection,0.1746719872865185,703.2304922000039,49,1
1,neutral,0.1377848739088449,18.04758909996599,50,1
2,neutral,0.03453491466671747,36.07780039997306,50,1
3,infection,0.2209253033887422,54.1097116000019,50,1
4,infection,0.06972738900013023,72.21668399998453,50,1
5,infection,0.06835627251747083,90.17188310000348,50,1
6,neutral,0.10744246686069296,108.20372389996191,50,1
7,infection,0.2701902960356245,126.2340737999766,50,1
8,neutral,0.3616379065802277,144.2664756999584,50,1
9,infection,0.300571890156159,162.2964612999931,50,1
10,neutral,0.22242699486163364,180.32875300000887,50,1
11,infection,0.27841770879834116,198.36085639998785,50,1
12,neutral,0.0660678954719597,216.3920960999676,50,1
13,infection,0.18902030490399105,234.4239955999656,50,1
14,neutral,0.2548198443354296,252.4557507999707,50,1
15,infection,0.16478185935364065,270.48772330000065,50,1
16,neutral,0.11475253839497189,288.5200638999813,50,1
17,infection,0.1220072280005639,306.5501651999657,50,1
18,neutral,0.13129460037746957,324.58225439995294,50,1
19,infection,0.13402372804907356,342.61367619998055,50,1
20,neutral,0.10239508515666426,360.6433130999794,50,1
21,infection,0.05907166887846825,378.6762606999837,50,1
22,neutral,0.17022928624242403,396.70589659997495,50,1
23,infection,0.05477991582065725,414.7379522999981,50,1
24,neutral,0.11525130981267064,432.7669820999727,50,1
25,infection,0.06472970295720243,450.7991489999695,50,1
26,neutral,0.22514118141099432,468.8299795999774,50,1
27,infection,0.12528101040493408,486.86089229997015,50,1
28,neutral,0.21213196420741542,504.89105899998685,50,1
29,infection,0.08847374384417829,522.922062299971,50,1
30,neutral,0.19584833062906443,540.953926599992,50,1
31,infection,0.128452327061184,558.9859697999782,50,1
32,neutral,0.38198359290311684,577.016197799996,50,1
33,infection,0.12856171073060788,595.0472489999956,50,1
34,neutral,0.1464230698569227,613.0788237999659,50,1
35,infection,0.2968939444149172,631.1101687999908,50,1
36,neutral,0.08056091231223086,649.141150099982,50,1
37,infection,0.16835197738346672,667.1717680000002,50,1
38,neutral,0.31097624001293894,685.203768599953,50,1
39,infection,0.0530396051270813,703.2342205999885,50,1
1,neutral,0.12907330445737694,18.042466899962164,52,1
2,neutral,0.11510859640577879,36.07272699999157,52,1
3,infection,0.16931672184177535,54.1061051999568,52,1
4,infection,0.13004299678653786,72.20816639997065,52,1
5,infection,0.021534482084785336,90.1664499999606,52,1
6,neutral,0.16463689492266462,108.1980099999928,52,1
7,infection,0.16851519365532738,126.23103520000586,52,1
8,neutral,0.06608572675880561,144.26235360000285,52,1
9,infection,0.1449485669030879,162.29385189997265,52,1
10,neutral,0.17789769428719507,180.32473549997667,52,1
11,infection,0.10984001589637545,198.3558094999753,52,1
12,neutral,0.3175617306145112,216.3891976999585,52,1
13,infection,0.11364806092654586,234.42007910000396,52,1
14,neutral,0.1965792452345537,252.4497649999685,52,1
15,infection,0.0779538569021413,270.4807317999657,52,1
16,neutral,0.10666360023411413,288.5118224999751,52,1
17,infection,0.05365298553000902,306.542794799956,52,1
18,neutral,0.04616056327209375,324.5743115000077,52,1
19,infection,0.21015791055508584,342.60568259999854,52,1
20,neutral,0.12423549050304446,360.63598309998633,52,1
21,infection,0.258750974485962,378.66728639998473,52,1
22,neutral,0.3779052203877945,396.69845979998354,52,1
23,infection,0.18397254522902204,414.7298370999633,52,1
24,neutral,0.12016488565390404,432.7596675999812,52,1
25,infection,0.12261654786008364,450.79299729998456,52,1
26,neutral,0.2918521336687243,468.8232231999864,52,1
27,infection,0.11962051075366949,486.853391099954,52,1
28,neutral,0.07246957895068527,504.8864470999688,52,1
29,infection,0.019412615538632844,522.9164459999884,52,1
30,neutral,0.18612152754703462,540.9467149999691,52,1
31,infection,0.08213296495588904,558.977705599973,52,1
32,neutral,0.08738214824686334,577.0086387000047,52,1
33,infection,0.0817493132285188,595.0404582999763,52,1
34,neutral,0.18454286767338385,613.0715024999809,52,1
35,infection,0.052725383553956326,631.1031472999603,52,1
36,neutral,0.27748859872908155,649.1346951999585,52,1
37,infection,0.18785753187179943,667.1661802000017,52,1
38,neutral,0.05120394789439092,685.1965760999592,52,1
39,infection,0.06950711055151282,703.2290162999998,52,1
1,neutral,0.4011201236760026,18.040942599996924,53,1
2,neutral,0.3029317726388303,36.07298060000176,53,1
3,infection,0.14928694904987175,54.10541150002973,53,1
4,infection,0.2141576870338489,72.20812429999933,53,1
5,infection,0.5311517542600247,90.16695530002472,53,1
6,neutral,0.886046839166687,108.19940089999,53,1
7,infection,0.31644558301719605,126.23108210001374,53,1
8,neutral,0.10932372244995964,144.26240090001374,53,1
9,infection,0.09359788063637471,162.29388990002917,53,1
10,neutral,0.21090756898214635,180.32598329999016,53,1
11,infection,0.2272886489773557,198.3562791000004,53,1
12,neutral,0.1514451143797142,216.38889370003017,53,1
13,infection,0.3859010707348887,234.4197769000311,53,1
14,neutral,0.2897425713826574,252.45046730001923,53,1
15,infection,0.2200691111409543,270.4826436000294,53,1
16,neutral,0.7159557049204929,288.5124535000068,53,1
17,infection,0.2910568600212091,306.54261649999535,53,1
18,neutral,0.22259664478391916,324.5748099000193,53,1
19,infection,0.39345029018331135,342.6048360000132,53,1
20,neutral,0.09549213674402104,360.6365445000119,53,1
21,infection,0.11369986071362495,378.6678236000007,53,1
22,neutral,0.3486725124079969,396.6989385000197,53,1
23,infection,0.3086755699017543,414.7290793000138,53,1
24,neutral,0.31461972378288106,432.76104880002094,53,1
25,infection,0.06853088410317582,450.7915675000404,53,1
26,neutral,0.1969581181681604,468.8235771000036,53,1
27,infection,0.04016888391756024,486.85191890003625,53,1
28,neutral,0.19359933964909123,504.8857940000016,53,1
29,infection,0.5086877557565787,522.9160883000004,53,1
30,neutral,0.1506246696408477,540.9483147000428,53,1
31,infection,0.08911021681880298,558.9800300000352,53,1
32,neutral,0.1025147711684176,577.0098424000316,53,1
33,infection,0.01567193905008776,595.0402322000009,53,1
34,neutral,0.16274043256399087,613.0728444000124,53,1
35,infection,0.6378834675142999,631.1030422000331,53,1
36,neutral,0.1285068658205147,649.1350158000132,53,1
37,infection,0.35097620923400885,667.1668641000288,53,1
38,neutral,0.3819108151878533,685.1964041000465,53,1
39,infection,0.36661246030549016,703.2295914000133,53,1
1,neutral,0.15064450661981682,18.04688959999476,55,1
2,neutral,0.13772558775146437,36.07805479998933,55,1
3,infection,0.30709094184730434,54.10935689997859,55,1
4,infection,0.20704373505566706,72.21378260001075,55,1
5,infection,0.08825439724109073,90.17247380001936,55,1
6,neutral,0.15124552935434143,108.20453079999425,55,1
7,infection,0.0676791916650206,126.23624840000411,55,1
8,neutral,0.27465578319140854,144.26756850001402,55,1
9,infection,0.22204616672894556,162.29895919997944,55,1
10,neutral,0.5408823762899964,180.3299168999656,55,1
11,infection,0.5291550164730814,198.3614578999695,55,1
12,neutral,0.16185910876806062,216.3949755000067,55,1
13,infection,0.38610694065582185,234.42475529998777,55,1
14,neutral,0.17231247214270373,252.4554153999779,55,1
15,infection,0.2216173395330261,270.487809800019,55,1
16,neutral,0.6502440422177023,288.5197620000108,55,1
17,infection,0.1850737115112404,306.5485085999826,55,1
18,neutral,0.16074907307187952,324.5808048999752,55,1
19,infection,0.10468853283091435,342.6102652999689,55,1
20,neutral,0.15193379397353107,360.6420885999687,55,1
21,infection,0.3070833154175768,378.67454099998577,55,1
22,neutral,0.4354501554503754,396.7047560999635,55,1
23,infection,0.14046484654455352,414.7356101999758,55,1
24,neutral,0.18858035635155201,432.76673329999903,55,1
25,infection,0.2472248233990605,450.79874080000445,55,1
26,neutral,0.15200642055340513,468.8284813999781,55,1
27,infection,0.07073311850570867,486.8593209999962,55,1
28,neutral,0.19448558723738493,504.8910886999802,55,1
29,infection,0.09890626991092395,522.9209210000117,55,1
30,neutral,0.42275220764633165,540.9528011999791,55,1
31,infection,0.35604404106039506,558.9834139000159,55,1
32,neutral,0.32299038082557663,577.015670599998,55,1
33,infection,0.23575273567594487,595.0474914999795,55,1
34,neutral,0.05151530189411845,613.0780840999796,55,1
35,infection,0.7580847025599642,631.1085409999941,55,1
36,neutral,0.27816231093965105,649.1388349999906,55,1
37,infection,0.20612887927060267,667.1717289999942,55,1
38,neutral,0.6212539065999428,685.203516300011,55,1
39,infection,0.5358002030377916,703.2344180999789,55,1
1,neutral,0.23200288438180292,18.036579500000244,1,2
2,neutral,0.6124384261031256,36.06823720000011,1,2
3,infection,0.44530852260341264,54.0984083000003,1,2
4,infection,0.2433205382215913,72.12964200000033,1,2
5,infection,0.18801768241093308,90.1610501,1,2
6,neutral,0.3440741704147942,108.19391489999998,1,2
7,infection,0.08141855103647395,126.22305800000004,1,2
8,neutral,0.07572196939281575,144.25457310000002,1,2
9,infection,0.15699508211792407,162.28622339999993,1,2
10,neutral,0.16339555589214294,180.3170460000001,1,2
11,infection,0.03722656072077824,198.3489371999999,1,2
12,neutral,0.13025725193904342,216.38060750000025,1,2
13,infection,0.12593293198134986,234.4106922999999,1,2
14,neutral,0.47206207859201205,252.4417493999999,1,2
15,infection,0.07670227858299612,270.4722088000003,1,2
16,neutral,0.09130308203564509,288.50452940000014,1,2
17,infection,0.21512363472759702,306.5366773999999,1,2
18,neutral,0.14090812240370518,324.5656547000003,1,2
19,infection,0.1083269474349169,342.59783530000004,1,2
20,neutral,0.2530690211671074,360.62816010000006,1,2
21,infection,0.04974583274473127,378.6617607000003,1,2
22,neutral,0.21502287158570987,396.69133880000027,1,2
23,infection,0.21195546802308393,414.7226206,1,2
24,neutral,0.1350846249897157,432.755001,1,2
25,infection,0.23374160792311158,450.7853579000002,1,2
26,neutral,0.1516795120331307,468.8166126000001,1,2
27,infection,0.10483140354216436,486.8475566000002,1,2
28,neutral,0.1277122198742369,504.87822380000034,1,2
29,infection,0.08236617376281552,522.9098936,1,2
30,neutral,0.06496155249150977,540.9408353000003,1,2
31,infection,0.09813749962585694,558.9717802,1,2
32,neutral,0.04931180678221755,577.0039964000002,1,2
33,infection,0.13292051213858658,595.033484,1,2
34,neutral,0.14131829039485325,613.065764,1,2
35,infection,0.13739660267928708,631.0962090000003,1,2
36,neutral,0.15278724460010232,649.1277493000002,1,2
37,infection,0.18109892455602425,667.1595310000002,1,2
38,neutral,0.10580868696074568,685.1906915,1,2
39,infection,0.14132661637505076,703.2221187,1,2
1,neutral,0.5039714585077144,18.042448899999727,2,2
2,neutral,0.8966347594051839,36.07274679999682,2,2
3,infection,0.21246940181046964,54.10542239999632,2,2
4,infection,0.5427567186465834,72.20980499999132,2,2
5,infection,0.5362455893208691,90.16642110000248,2,2
6,neutral,0.32002922348044816,108.1994854999939,2,2
7,infection,0.25162836826247653,126.23029049999604,2,2
8,neutral,0.40966448643256925,144.26334619999398,2,2
9,infection,0.5460496401672951,162.29511049999564,2,2
10,neutral,0.4811597037528931,180.32524879999983,2,2
11,infection,0.5531506845740074,198.35826589999488,2,2
12,neutral,0.26775081418503643,216.3893604999903,2,2
13,infection,0.1618591869451972,234.42065050000383,2,2
14,neutral,0.5334872979351213,252.45082489999183,2,2
15,infection,0.11551247189384277,270.4834594999993,2,2
16,neutral,0.42839888241857305,288.514597100002,2,2
17,infection,0.16788991161842853,306.5463127999974,2,2
18,neutral,0.690451632700276,324.5787508999929,2,2
19,infection,0.3027997327570483,342.61076440000033,2,2
20,neutral,0.4812344060472428,360.6411507000011,2,2
21,infection,0.8335113180809981,378.67188460000034,2,2
22,neutral,0.14075741001931028,396.7038704000006,2,2
23,infection,0.5836284658386247,414.73266290000174,2,2
24,neutral,0.6296267879395829,432.76653480000095,2,2
25,infection,0.44138652228417996,450.7946531999914,2,2
26,neutral,0.40182847133938643,468.826292800004,2,2
27,infection,0.6220787181285772,486.8592305999919,2,2
28,neutral,0.24911135911094465,504.8885289000027,2,2
29,infection,0.17222226584663103,522.9196472999902,2,2
30,neutral,0.32651245159123365,540.9508138999954,2,2
31,infection,0.7044520353228781,558.9827708999946,2,2
32,neutral,0.4565492162085833,577.0139039999922,2,2
33,infection,0.3798977344515698,595.0426474999986,2,2
34,neutral,0.5793486251692207,613.0749941999966,2,2
35,infection,0.5082175112750743,631.1052684000024,2,2
36,neutral,0.2844947309453175,649.1370353999955,2,2
37,infection,0.4553127104762046,667.1685824000015,2,2
38,neutral,0.45241932881716024,685.1985896999977,2,2
39,infection,0.7332499017629003,703.2307043000037,2,2
1,neutral,0.18653100208159304,18.0442994999994,5,2
2,neutral,0.20510019255535794,36.07693549999931,5,2
3,infection,0.5595461207701395,54.10816639999939,5,2
4,infection,0.10230930283511797,72.21152970000003,5,2
5,infection,0.35787637534972083,90.17021410000052,5,2
6,neutral,0.05748481317564764,108.20093520000046,5,2
7,infection,0.2865404428801855,126.23187590000089,5,2
8,neutral,0.10709723675541061,144.2619025999993,5,2
9,infection,0.11767499019375664,162.2949150000004,5,2
10,neutral,0.740732328790034,180.32589580000052,5,2
11,infection,0.33343135554840275,198.35748760000024,5,2
12,neutral,0.6338362388758747,216.3879625999998,5,2
13,infection,0.10387872660765878,234.4184796999998,5,2
14,neutral,0.24347114027459224,252.45095720000063,5,2
15,infection,0.314780525253454,270.4817444,5,2
16,neutral,0.09194363030286024,288.5127568000007,5,2
17,infection,0.45460481581601625,306.5430436000006,5,2
18,neutral,0.23793070778349354,324.5774041000004,5,2
19,infection,0.19482256028689837,342.6060484000009,5,2
20,neutral,0.025595308156657393,360.6383299000008,5,2
21,infection,0.4251542772248029,378.6696793999999,5,2
22,neutral,0.0720764206655404,396.6997427999995,5,2
23,infection,0.4340306257236814,414.73074160000033,5,2
24,neutral,0.3047484771377514,432.7617771000005,5,2
25,infection,0.5276232249500552,450.7942898000001,5,2
26,neutral,0.6891972546213406,468.8247546999992,5,2
27,infection,0.42735686001322537,486.8549810000004,5,2
28,neutral,0.5835808113779348,504.8869438999991,5,2
29,infection,0.42814794681202595,522.9166877999996,5,2
30,neutral,0.4104456838022096,540.9486756000006,5,2
31,infection,0.28534345609003,558.9794999000005,5,2
32,neutral,0.3122109850809693,577.0132632999994,5,2
33,infection,0.5039849690293006,595.0428659000008,5,2
34,neutral,0.687030195322087,613.0743115999994,5,2
35,infection,0.6088299468197483,631.1064385000009,5,2
36,neutral,0.533021818660495,649.1356565999995,5,2
37,infection,0.13507808570560517,667.1687708999998,5,2
38,neutral,0.20574735580843861,685.1984162000008,5,2
39,infection,0.2425675309589278,703.2311320999997,5,2
1,neutral,0.07453402684169426,18.046991600000183,7,2
2,neutral,0.09577370666511886,36.077274700001,7,2
3,infection,0.14483363801945348,54.109582299992326,7,2
4,infection,0.14231223168836188,72.14068179999595,7,2
5,infection,0.17769241282361736,90.17043909999484,7,2
6,neutral,0.20738480280802404,108.20261599999505,7,2
7,infection,0.08347968430726395,126.2329633999907,7,2
8,neutral,0.15129048761380193,144.26527449999412,7,2
9,infection,0.08145896278449367,162.29698620000272,7,2
10,neutral,0.18621238633991435,180.3259079999989,7,2
11,infection,0.10070109950344242,198.3574891999888,7,2
12,neutral,0.16968742468075984,216.38883549999449,7,2
13,infection,0.15258893124364933,234.4201777999988,7,2
14,neutral,0.14771927243053892,252.45142549999585,7,2
15,infection,0.26478391167393295,270.4822349000024,7,2
16,neutral,0.11854852864566724,288.5135898000008,7,2
17,infection,0.09294925299294834,306.5440191999951,7,2
18,neutral,0.16004331861650548,324.575914999994,7,2
19,infection,0.1481540692449875,342.6064358000003,7,2
20,neutral,0.13900797316814908,360.6385004999902,7,2
21,infection,0.05753479594304402,378.6699279000022,7,2
22,neutral,0.11727989772165681,396.6998822000023,7,2
23,infection,0.13010136894419033,414.7325011999928,7,2
24,neutral,0.09189432330233198,432.7626573000016,7,2
25,infection,0.24187382927491752,450.79447609999625,7,2
26,neutral,0.08180594011260411,468.8263527999952,7,2
27,infection,0.12136738071618036,486.8568191999948,7,2
28,neutral,0.1166176732669297,504.8875936999975,7,2
29,infection,0.09435024863659754,522.9188659999927,7,2
30,neutral,0.045733383052644315,540.9512123000022,7,2
31,infection,0.12684547021680068,558.9813026999909,7,2
32,neutral,0.12096902042883974,577.0120312999934,7,2
33,infection,0.10125649015555445,595.0441429999919,7,2
34,neutral,0.10935723911408793,613.0757881999889,7,2
35,infection,0.1869905379840201,631.1066537000006,7,2
36,neutral,0.04582772675347434,649.1364885999938,7,2
37,infection,0.08296228423007965,667.1685585999949,7,2
38,neutral,0.07020294988192742,685.2006278999906,7,2
39,infection,0.1054799941027796,703.2301672999893,7,2
1,neutral,0.5920233714351126,18.03174890000082,8,2
2,neutral,0.463392753090232,36.06349669999327,8,2
3,infection,0.08753268530877038,54.09463719998894,8,2
4,infection,0.1299283975648239,72.12629269999161,8,2
5,infection,0.05327624528592784,90.1572482999909,8,2
6,neutral,0.15940418998665426,108.18963349999105,8,2
7,infection,0.6540150720516186,126.21982469999055,8,2
8,neutral,0.6581608912133494,144.2500360999984,8,2
9,infection,0.7105302999824393,162.28109649999533,8,2
10,neutral,0.2084912091700667,180.3127714000002,8,2
11,infection,0.4226146960617179,198.3423235999944,8,2
12,neutral,0.9077941156330472,216.37454140000045,8,2
13,infection,0.5473776996322927,234.40577439998745,8,2
14,neutral,0.41889728438616836,252.4355685999908,8,2
15,infection,0.7178222704936225,270.46893079999427,8,2
16,neutral,0.41306024831984617,288.49907969999185,8,2
17,infection,0.7478851874476858,306.5310055999871,8,2
18,neutral,0.1625513644130701,324.5619450999948,8,2
19,infection,0.20198445917363317,342.5926327999914,8,2
20,neutral,0.3880814194349666,360.6229842999892,8,2
21,infection,0.5158185414535256,378.6556151999976,8,2
22,neutral,0.4004385686849355,396.6870218999975,8,2
23,infection,0.46870208017386394,414.7184539999871,8,2
24,neutral,0.13163505785616805,432.75006479999865,8,2
25,infection,0.4012773155072217,450.7803772999905,8,2
26,neutral,0.35761626783097694,468.81159209999896,8,2
27,infection,0.8434130793753356,486.8428627999965,8,2
28,neutral,0.6884389032987699,504.8740042999998,8,2
29,infection,0.4523978760824387,522.9057406999927,8,2
30,neutral,0.45682402606611083,540.9354552999866,8,2
31,infection,0.4475281315988585,558.9671620000008,8,2
32,neutral,0.8028416444488389,576.9997062999901,8,2
33,infection,0.567501414344831,595.0291183999943,8,2
34,neutral,0.47625312175599605,613.0610289999895,8,2
35,infection,0.3893870703467939,631.0931420999987,8,2
36,neutral,0.4021600658790068,649.1247507999942,8,2
37,infection,0.5213174818791821,667.1554767999914,8,2
38,neutral,0.49107397181802137,685.1847771999892,8,2
39,infection,0.3678080460142549,703.2172426999896,8,2
1,neutral,0.25064035694383546,18.04072200000519,9,2
2,neutral,0.21712204967297508,36.07229240000015,9,2
3,infection,0.24655879847687712,54.10294029999932,9,2
4,infection,0.1777001514762573,72.1333711000043,9,2
5,infection,0.5888534418160105,90.1652682999993,9,2
6,neutral,0.3917643412967666,108.19533610000508,9,2
7,infection,0.3346933854431511,126.22814160000416,9,2
8,neutral,0.5678701902865597,144.2589852999954,9,2
9,infection,0.3853654130156227,162.28935789999375,9,2
10,neutral,0.10116409926240089,180.31998739999835,9,2
11,infection,0.16602835431390275,198.35129950000555,9,2
12,neutral,0.1358462982728232,216.3834188000037,9,2
13,infection,0.20698020489022248,234.4128242000006,9,2
14,neutral,0.25375437707139514,252.44488450000063,9,2
15,infection,0.19777848945079854,270.4768691999925,9,2
16,neutral,0.12706206141496856,288.5074828999932,9,2
17,infection,0.5203237863824438,306.5383230000007,9,2
18,neutral,0.809513665463054,324.5712157999951,9,2
19,infection,0.39620727465845434,342.6512136999954,9,2
20,neutral,0.2345270580940459,360.6807745999977,9,2
21,infection,0.34594675005452946,378.7129330000025,9,2
22,neutral,0.4179603090330726,396.7450474999932,9,2
23,infection,0.12320476844765844,414.7752301,9,2
24,neutral,0.12835554392772608,432.80773030000273,9,2
25,infection,0.11502104102474381,450.838270799999,9,2
26,neutral,0.16254369665013638,468.8686563999945,9,2
27,infection,0.2143824995025552,486.90185850000125,9,2
28,neutral,0.36209809110839764,504.9317844000034,9,2
29,infection,0.4965891650865991,522.963113299993,9,2
30,neutral,0.4968400764693286,540.9949606000009,9,2
31,infection,0.4621180418636999,559.0250253999984,9,2
32,neutral,0.4588936849589227,577.0579302999977,9,2
33,infection,0.48338671092996555,595.0886473999999,9,2
34,neutral,0.506924888693243,613.1193588000024,9,2
35,infection,0.31874804729922507,631.1507555999997,9,2
36,neutral,0.24241757954965415,649.1820904000051,9,2
37,infection,0.5626516597487853,667.2124803000042,9,2
38,neutral,0.5296994493507209,685.2431453000027,9,2
39,infection,0.0930721304445113,703.2749821000034,9,2
1,neutral,0.1349379210585237,18.03539839999576,10,2
2,neutral,0.16487209826114546,36.06560390000232,10,2
3,infection,0.21555418312107086,54.09648690000176,10,2
4,infection,0.03364975925900797,72.12947020000138,10,2
5,infection,0.051067516665312236,90.1595393000025,10,2
6,neutral,0.11747452183432903,108.189014100004,10,2
7,infection,0.20205542506907917,126.22225890000118,10,2
8,neutral,0.08242202266653889,144.25234759999148,10,2
9,infection,0.13012944795889836,162.28402199999255,10,2
10,neutral,0.09650559293754662,180.3155494999955,10,2
11,infection,0.20672023772053816,198.34643499999947,10,2
12,neutral,0.04081396019076812,216.37708289999864,10,2
13,infection,0.09110399945790885,234.4069152000011,10,2
14,neutral,0.08950860020817349,252.43850069999465,10,2
15,infection,0.23086785051454575,270.47117340000113,10,2
16,neutral,0.11397098881788777,288.5011797999905,10,2
17,infection,0.023814909418351682,306.5319264999998,10,2
18,neutral,0.053703269695090546,324.5633700000035,10,2
19,infection,0.11086682316329645,342.5946704999951,10,2
20,neutral,0.14591186771205475,360.6261300000042,10,2
21,infection,0.2767837445824022,378.6561915999918,10,2
22,neutral,0.238095186072071,396.6883869000012,10,2
23,infection,0.05600480156111182,414.7209328000026,10,2
24,neutral,0.13619085880875162,432.7510410999967,10,2
25,infection,0.0690618588050778,450.7819085999945,10,2
26,neutral,0.11702095833101092,468.8131060000014,10,2
27,infection,0.16061632089636385,486.8444332999934,10,2
28,neutral,0.06964109641799486,504.8741798999981,10,2
29,infection,0.13643754305713215,522.9069961999921,10,2
30,neutral,0.10632413679050488,540.9383802999946,10,2
31,infection,0.11776254485837624,558.9688292999926,10,2
32,neutral,0.17253619871541367,576.9998404999933,10,2
33,infection,0.13215192477209778,595.0314881999948,10,2
34,neutral,0.11006442339788021,613.0633005999989,10,2
35,infection,0.04030889650879855,631.0956807000039,10,2
36,neutral,0.3307788281754821,649.1255212999968,10,2
37,infection,0.47047115276876683,667.1560567999986,10,2
38,neutral,0.23593212155430401,685.1891788999928,10,2
39,infection,0.08599684773197198,703.2187085999904,10,2
1,neutral,0.07679744664146826,18.035865300000296,11,2
2,neutral,0.1747936944799068,36.065152399998624,11,2
3,infection,0.07038338426930747,54.09691259999818,11,2
4,infection,0.41714102380279033,72.12774809999974,11,2
5,infection,0.2504125207157957,90.1591161999968,11,2
6,neutral,0.4493003462396605,108.19068210000114,11,2
7,infection,0.30245108930407744,126.22024870000314,11,2
8,neutral,0.2176486146055136,144.2524410999904,11,2
9,infection,0.6029523284468722,162.2847244000004,11,2
10,neutral,0.580907221497627,180.31429290000236,11,2
11,infection,0.10300613687426276,198.3463661999995,11,2
12,neutral,0.4294034067584744,216.37643849999583,11,2
13,infection,0.2661372400735867,234.4066315999953,11,2
14,neutral,0.5458758012514103,252.4399050999928,11,2
15,infection,0.5641320471010662,270.4710323999898,11,2
16,neutral,0.32494505081497255,288.5028011999966,11,2
17,infection,0.619680495422966,306.5325409999932,11,2
18,neutral,0.33126034808810606,324.5638101999939,11,2
19,infection,0.4454721946604653,342.5956443000032,11,2
20,neutral,0.7248376108940809,360.6266608000005,11,2
21,infection,0.35841886604531514,378.6586852999899,11,2
22,neutral,0.3470185640764386,396.6879881999921,11,2
23,infection,0.2015746380005769,414.7202390000021,11,2
24,neutral,0.2737245172292554,432.75201719999313,11,2
25,infection,0.36162958599759154,450.7835438999901,11,2
26,neutral,0.44078922545243887,468.815159699996,11,2
27,infection,0.5711123886661795,486.84484299999895,11,2
28,neutral,0.08566422944731715,504.8757451999991,11,2
29,infection,0.24222118292163144,522.907165800003,11,2
30,neutral,0.302960483658494,540.938012899991,11,2
31,infection,0.7932992183377192,558.9697470999963,11,2
32,neutral,0.4573433888466503,576.9995194999938,11,2
33,infection,0.23777453062823808,595.0328519999894,11,2
34,neutral,0.10749659147892138,613.0649481,11,2
35,infection,0.21619526857206936,631.0948229999922,11,2
36,neutral,0.5476971244832355,649.1259968999948,11,2
37,infection,0.27840745554900004,667.1558925999998,11,2
38,neutral,0.5962383345799226,685.1890599000035,11,2
39,infection,0.49923625023351487,703.2178809999896,11,2
1,neutral,0.04551513012997649,18.033178800003952,12,2
2,neutral,0.27191161762261185,36.064873000010266,12,2
3,infection,0.508726220076438,54.09587940000347,12,2
4,infection,0.2913257900304011,72.1270169000054,12,2
5,infection,0.4138303771651261,90.1571144000045,12,2
6,neutral,0.18988584853001625,108.18959340000583,12,2
7,infection,0.2986821383898715,126.2211670000106,12,2
8,neutral,0.18892725617414147,144.25154230000044,12,2
9,infection,0.29586239985088325,162.2823602999997,12,2
10,neutral,0.11773642520028453,180.3137820999982,12,2
11,infection,0.30672786173909933,198.34511420001212,12,2
12,neutral,0.07621608687235605,216.3767850000004,12,2
13,infection,0.4563309312759521,234.40644060001068,12,2
14,neutral,0.26795612255926854,252.43898810000977,12,2
15,infection,0.28549824767387344,270.469788900009,12,2
16,neutral,0.4123415637175638,288.4998174000066,12,2
17,infection,0.20377070776790945,306.53132920000644,12,2
18,neutral,0.24789888867286486,324.56351940000604,12,2
19,infection,0.22774766105237415,342.5928677000047,12,2
20,neutral,0.15123515942497903,360.6256102000043,12,2
21,infection,0.3298553268330197,378.6564376000024,12,2
22,neutral,0.6481004642748237,396.6889469000016,12,2
23,infection,0.5020713317916009,414.7183323000063,12,2
24,neutral,0.32347244394874436,432.7513841000036,12,2
25,infection,0.3813579416628541,450.7820291000098,12,2
26,neutral,0.3200046200628853,468.81298719999904,12,2
27,infection,0.3207236937152127,486.8437834000069,12,2
28,neutral,0.18737272949799497,504.8747997000028,12,2
29,infection,0.31306524922954576,522.9074565000046,12,2
30,neutral,0.20594712816708946,540.9380737000029,12,2
31,infection,0.44041197635114454,558.9682639000093,12,2
32,neutral,0.14258704448247925,577.0008387000125,12,2
33,infection,0.30540051833873977,595.0307879000029,12,2
34,neutral,0.05040092106529462,613.0626201000123,12,2
35,infection,0.22926768509518014,631.0930157000112,12,2
36,neutral,0.1031466259903776,649.1252184000041,12,2
37,infection,0.2216407013193503,667.156083599999,12,2
38,neutral,0.4330609257289581,685.1873706000042,12,2
39,infection,0.15855762363143303,703.2188644000125,12,2
1,neutral,0.22331835101222625,18.03885359992273,13,2
2,neutral,0.0895181109311659,36.06925079994835,13,2
3,infection,0.21735295888213288,54.10165869991761,13,2
4,infection,0.26371344024488896,72.13248939998448,13,2
5,infection,0.19972473275269184,90.16320109996012,13,2
6,neutral,0.1919005322460682,108.19435799994972,13,2
7,infection,0.17216643075450402,126.22536479996052,13,2
8,neutral,0.6607443315372669,144.25745899998583,13,2
9,infection,0.892124642523759,162.2884065998951,13,2
10,neutral,0.32852880115457833,180.31848519993943,13,2
11,infection,0.09573761802349683,198.34945829992648,13,2
12,neutral,0.12310877605581888,216.38092929997947,13,2
13,infection,0.4967080677548176,234.41223959997296,13,2
14,neutral,0.7057069061510288,252.44244749995417,13,2
15,infection,0.27836088308207557,270.47457899991423,13,2
16,neutral,0.43433385727074814,288.50606859999243,13,2
17,infection,0.5166490662464994,306.5371191999875,13,2
18,neutral,0.5992520789023854,324.5686133999843,13,2
19,infection,0.7766795403292015,342.5997824999504,13,2
20,neutral,0.6015378744551735,360.6294415999437,13,2
21,infection,0.7739780974232049,378.6632891999325,13,2
22,neutral,0.44979766990603354,396.6927830999484,13,2
23,infection,0.4657970072115384,414.724144399981,13,2
24,neutral,0.4122981678017772,432.7541430999991,13,2
25,infection,0.8331646190113086,450.7869646999752,13,2
26,neutral,0.491318479463475,468.817194800009,13,2
27,infection,0.30741918033627186,486.8483638999751,13,2
28,neutral,0.627405523706939,504.8797376999864,13,2
29,infection,0.5821907444625174,522.9113407999976,13,2
30,neutral,0.3625243536704563,540.9429789999267,13,2
31,infection,0.22365921951997003,558.9731032999698,13,2
32,neutral,0.510087993183448,577.0041595000075,13,2
33,infection,0.4888887634303462,595.0370609000092,13,2
34,neutral,0.5911390167947335,613.0679579999996,13,2
35,infection,0.6177544795015901,631.0988838999765,13,2
36,neutral,0.48761739994494374,649.1291269999929,13,2
37,infection,0.26694244868543937,667.1620287999976,13,2
38,neutral,0.478079278376803,685.19293749996,13,2
39,infection,0.20525193567435507,703.2242619999452,13,2
1,neutral,0.17369643787503297,18.03801740007475,14,2
2,neutral,0.02509013844190737,36.06960940000136,14,2
3,infection,0.25296289480894074,54.0991067000432,14,2
4,infection,0.16468066100609538,72.12945460004266,14,2
5,infection,0.08558838224188424,90.1614124000771,14,2
6,neutral,0.13369786497450353,108.19192430004478,14,2
7,infection,0.11006108842119346,126.2230273000896,14,2
8,neutral,0.12257355237906026,144.25351420009974,14,2
9,infection,0.10881806597617745,162.28633020003326,14,2
10,neutral,0.039476229566301715,180.31636880000588,14,2
11,infection,0.19930332070001294,198.34758860000875,14,2
12,neutral,0.16970945952761,216.37912739999592,14,2
13,infection,0.19209813708832899,234.4092965000309,14,2
14,neutral,0.2372236310552122,252.4422060000943,14,2
15,infection,0.1028086490518951,270.4732584001031,14,2
16,neutral,0.06587877306374482,288.50290930003393,14,2
17,infection,0.24044276654527194,306.5348347000545,14,2
18,neutral,0.3609399806488396,324.5658050000202,14,2
19,infection,0.0516061849663233,342.5964501000708,14,2
20,neutral,0.08635508601339612,360.6272282000864,14,2
21,infection,0.2172088058720012,378.6583870000904,14,2
22,neutral,0.15401275880723353,396.68910840002354,14,2
23,infection,0.07931929271323827,414.72139690001495,14,2
24,neutral,0.19316899228024526,432.7516135000624,14,2
25,infection,0.14529288756598377,450.7848816000624,14,2
26,neutral,0.26228118724791544,468.815757000004,14,2
27,infection,0.08330385735175878,486.8478494000156,14,2
28,neutral,0.21088272384369858,504.8797247000039,14,2
29,infection,0.062085214246520457,522.9095221000025,14,2
30,neutral,0.10633782653192278,540.9405428000027,14,2
31,infection,0.16378626820799133,558.9709240000229,14,2
32,neutral,0.09056947000173377,577.0024915999966,14,2
33,infection,0.053917924915300064,595.0333385000704,14,2
34,neutral,0.12456061678194613,613.0646324000554,14,2
35,infection,0.061146962914916614,631.097251500003,14,2
36,neutral,0.12001847786056472,649.1286738000344,14,2
37,infection,0.20073181710209506,667.1584058000008,14,2
38,neutral,0.13301499407800177,685.1909582000226,14,2
39,infection,0.07347900644725057,703.2209354999941,14,2
1,neutral,0.2726652057141771,18.041145300026983,15,2
2,neutral,0.1261500000379106,36.073850300046615,15,2
3,infection,0.06397396879129584,54.10456070001237,15,2
4,infection,0.11714686218776174,72.13555410003755,15,2
5,infection,0.15632488962673746,90.16824830009136,15,2
6,neutral,0.1376753159779077,108.19938750006258,15,2
7,infection,0.17468590548647228,126.22873289999552,15,2
8,neutral,0.06449991074163494,144.26009670004714,15,2
9,infection,0.09200464679828825,162.29139949998353,15,2
10,neutral,0.2697978304503354,180.32323990005537,15,2
11,infection,0.19890523159484938,198.3547098999843,15,2
12,neutral,0.11913724741380186,216.3849998000078,15,2
13,infection,0.04534550482689815,234.4177424000809,15,2
14,neutral,0.20415672124253995,252.4486829000525,15,2
15,infection,0.065390347918759,270.4797534000827,15,2
16,neutral,0.3040697499868649,288.50999580009375,15,2
17,infection,0.1875548342030399,306.5400762000354,15,2
18,neutral,0.3627235974117385,324.573135200073,15,2
19,infection,0.1766783525299935,342.60367720003705,15,2
20,neutral,0.3683658150138014,360.6343441000208,15,2
21,infection,0.06168755122704948,378.6655199000379,15,2
22,neutral,0.22188022455927325,396.6970601000357,15,2
23,infection,0.14049955049953616,414.7290670999792,15,2
24,neutral,0.1113169581400921,432.76073029998224,15,2
25,infection,0.35872903772392145,450.7915970000904,15,2
26,neutral,0.19754159068676266,468.82094550004695,15,2
27,infection,0.10240798399300095,486.85207360005006,15,2
28,neutral,0.167532602496939,504.8839967000531,15,2
29,infection,0.18541490023740467,522.9170154000167,15,2
30,neutral,0.07200828385126022,540.9468852999853,15,2
31,infection,0.10011489133612209,558.9780680000549,15,2
32,neutral,0.32924516565140505,577.0090941999806,15,2
33,infection,0.08014047583525065,595.0398036000552,15,2
34,neutral,0.2946646595774602,613.0710979000432,15,2
35,infection,0.09014880301786055,631.1033235000214,15,2
36,neutral,0.09823045036216542,649.1341235000873,15,2
37,infection,0.09632341178052765,667.166668400052,15,2
38,neutral,0.30695748194662015,685.1964534000726,15,2
39,infection,0.4839589475585346,703.2286590000149,15,2
1,neutral,0.9212721702584772,18.03986550006084,16,2
2,neutral,0.32293334565083104,36.0700838000048,16,2
3,infection,0.3480596463314777,54.09984320006333,16,2
4,infection,0.2183025105167196,72.1330143000232,16,2
5,infection,0.21863050669952389,90.16381820000242,16,2
6,neutral,0.4464970552804809,108.19504200003576,16,2
7,infection,0.5872064897206758,126.22540370002388,16,2
8,neutral,0.1599108557004746,144.25631540000904,16,2
9,infection,0.3093098699160662,162.2879218000453,16,2
10,neutral,0.3983981416273066,180.31988079997245,16,2
11,infection,0.13985221548083032,198.35035750002132,16,2
12,neutral,0.21354456678256797,216.3805979000172,16,2
13,infection,0.22595604996372745,234.4116385000525,16,2
14,neutral,0.570605356345897,252.4449101999635,16,2
15,infection,0.35880688683559914,270.4750511000166,16,2
16,neutral,0.374086884276584,288.50481790001504,16,2
17,infection,0.39815080161874283,306.537896099966,16,2
18,neutral,0.6099604015399658,324.5686391000636,16,2
19,infection,0.3403305926524153,342.5982461000094,16,2
20,neutral,0.2532542981815999,360.6301374000031,16,2
21,infection,0.2391440392346426,378.6604223999894,16,2
22,neutral,0.25379404097779623,396.6941164999735,16,2
23,infection,0.824322163015372,414.7250351000112,16,2
24,neutral,0.09752280651633836,432.7554594000103,16,2
25,infection,0.04859388018659202,450.785661800066,16,2
26,neutral,0.23214003223280488,468.81779710005503,16,2
27,infection,0.09281761102456645,486.8486398999812,16,2
28,neutral,0.2919950341541132,504.8799430000363,16,2
29,infection,0.8730640299355996,522.9122346000513,16,2
30,neutral,0.12867003833106005,540.9424850000069,16,2
31,infection,0.5326029209058993,558.9747942000395,16,2
32,neutral,0.21275558640607584,577.00620850001,16,2
33,infection,0.21434570136711747,595.0360988000175,16,2
34,neutral,0.5161300854041466,613.0689021999715,16,2
35,infection,0.3585709323214318,631.0993035000283,16,2
36,neutral,0.43190455870129957,649.1304185000481,16,2
37,infection,0.3939002536897721,667.1610712000402,16,2
38,neutral,0.34348176155480725,685.1913818999892,16,2
39,infection,0.14445515613147525,703.2239346000133,16,2
1,neutral,0.5196102509871235,18.04252570006065,17,2
2,neutral,0.2504054622516589,36.07342720008455,17,2
3,infection,0.4398341938076142,54.10554570006207,17,2
4,infection,0.1742681100816054,72.13457550003659,17,2
5,infection,0.3012598509222745,90.16563440009486,17,2
6,neutral,0.1324941158239958,108.198847200023,17,2
7,infection,0.3423475559564054,126.22932949999812,17,2
8,neutral,0.2229910898888543,144.25863880000543,17,2
9,infection,0.5887518218499287,162.2915647000773,17,2
10,neutral,0.2501899039311143,180.32317069999408,17,2
11,infection,0.4620648419587183,198.35342519998085,17,2
12,neutral,0.5352532285195909,216.38297839998268,17,2
13,infection,0.30942020894741745,234.41493640001863,17,2
14,neutral,0.5325151514263932,252.4469968000194,17,2
15,infection,0.3380085537324446,270.4772727000527,17,2
16,neutral,0.09249945153253307,288.50781420001294,17,2
17,infection,0.2014530544752046,306.53955890005454,17,2
18,neutral,0.10617884061224521,324.57030490005855,17,2
19,infection,0.18946843513047582,342.6011835000245,17,2
20,neutral,0.6526804040288002,360.6332893000217,17,2
21,infection,0.32355809353019255,378.66350870009046,17,2
22,neutral,0.3230626346568936,396.69467300002,17,2
23,infection,0.8034163345486993,414.7257606000639,17,2
24,neutral,0.6085383809299282,432.75760050001554,17,2
25,infection,0.3466733414470801,450.7899008999811,17,2
26,neutral,0.26098319392728087,468.8203170000343,17,2
27,infection,0.13106133813094925,486.8508610000136,17,2
28,neutral,0.20862323576109354,504.8824024000205,17,2
29,infection,0.26840938337530335,522.9139919000445,17,2
30,neutral,0.10505319129422651,540.9453794000437,17,2
31,infection,0.5676756975955813,558.9762485000538,17,2
32,neutral,0.43376116020724004,577.0066458000802,17,2
33,infection,0.17953380912696257,595.0387688000919,17,2
34,neutral,0.1260478624114322,613.0711937000742,17,2
35,infection,0.15392095325846464,631.1024451000849,17,2
36,neutral,0.29033552727798734,649.1309449999826,17,2
37,infection,0.42703501837696467,667.1642553000711,17,2
38,neutral,0.5169659144361076,685.1955050000688,17,2
39,infection,0.5144197123586276,703.2266058999812,17,2
1,neutral,0.14382884641254182,18.034105299972,18,2
2,neutral,0.502623169756988,36.06462099996861,18,2
3,infection,0.14789308806228735,54.0970718000317,18,2
4,infection,0.03752838510120841,72.12730559997726,18,2
5,infection,0.24834735189614965,90.15840750001372,18,2
6,neutral,0.36784274149867835,108.1894640000537,18,2
7,infection,0.0465832194556558,126.21892370004208,18,2
8,neutral,0.20783849713966954,144.25174600002356,18,2
9,infection,0.32594079668077525,162.28268780000508,18,2
10,neutral,0.3606391076522386,180.3145286000799,18,2
11,infection,0.18984719998488112,198.34429070004265,18,2
12,neutral,0.459773280674476,216.37573249998968,18,2
13,infection,0.10685231308983083,234.40581799997017,18,2
14,neutral,0.140948679959735,252.43935600004625,18,2
15,infection,0.10200708793504078,270.46945099998266,18,2
16,neutral,0.04250734337607184,288.4996931999922,18,2
17,infection,0.22445029145742548,306.5311567999888,18,2
18,neutral,0.3448984111201353,324.5628566000378,18,2
19,infection,0.1948370313491166,342.59413720003795,18,2
20,neutral,0.0931479801425079,360.6240306000691,18,2
21,infection,0.31489175697889976,378.6571867000312,18,2
22,neutral,0.28121431614063497,396.68786240008194,18,2
23,infection,0.24847205971982173,414.718060299987,18,2
24,neutral,0.30381170227010346,432.7498188000173,18,2
25,infection,0.4738087216888761,450.7819141000509,18,2
26,neutral,0.3028234950859123,468.8123357000295,18,2
27,infection,0.24341734813701243,486.8430639000144,18,2
28,neutral,0.5349642134830521,504.8749133000383,18,2
29,infection,0.46439686641294964,522.9061271999963,18,2
30,neutral,0.3772074735597015,540.9367261000443,18,2
31,infection,0.28978194496877774,558.9687019999838,18,2
32,neutral,0.5228318514158199,576.998198700021,18,2
33,infection,0.44641809627076096,595.0308204999892,18,2
34,neutral,0.09245070896903737,613.0616381000727,18,2
35,infection,0.2522184091122954,631.0932094000746,18,2
36,neutral,0.2855162532416051,649.1225566000212,18,2
37,infection,0.12875339629639815,667.1546011000173,18,2
38,neutral,0.3540125192378252,685.1866275999928,18,2
39,infection,0.37094134719615957,703.2173171000322,18,2
1,neutral,0.21750389550463528,18.042421799968,19,2
2,neutral,0.057556495853467414,36.07536879996769,19,2
3,infection,0.05727431299741611,54.10504619998392,19,2
4,infection,0.08354258306226368,72.13497719995212,19,2
5,infection,0.17109806434034178,90.16666180000176,19,2
6,neutral,0.1363480358161037,108.19743759999984,19,2
7,infection,0.026264427949152847,126.22838849993424,19,2
8,neutral,0.1959936658848426,144.2610422000289,19,2
9,infection,0.26262042037390915,162.29060019995086,19,2
10,neutral,0.0867894454737618,180.3233584000263,19,2
11,infection,0.13130907357124305,198.35283789993264,19,2
12,neutral,0.04714498830131669,216.3839084999636,19,2
13,infection,0.20973287471265806,234.415608100011,19,2
14,neutral,0.21884842181759842,252.4474111999152,19,2
15,infection,0.05714436330253294,270.4773257999914,19,2
16,neutral,0.0704490265914274,288.50866099994164,19,2
17,infection,0.10745548264630712,306.53996319998987,19,2
18,neutral,0.2992428246326838,324.570587299997,19,2
19,infection,0.14188009257040082,342.6020173999714,19,2
20,neutral,0.05122973681821584,360.633914200007,19,2
21,infection,0.1368474992156015,378.66587839997374,19,2
22,neutral,0.25100103402431123,396.696325799916,19,2
23,infection,0.05266516236380835,414.7260080999695,19,2
24,neutral,0.15415723398099196,432.75906930002384,19,2
25,infection,0.09005726228801295,450.7892465000041,19,2
26,neutral,0.3780788637377855,468.8213173999684,19,2
27,infection,0.06584789333071765,486.85120089992415,19,2
28,neutral,0.06932199010824364,504.8842437999556,19,2
29,infection,0.12845557220317205,522.9147597999545,19,2
30,neutral,0.12227552028624605,540.9444951999467,19,2
31,infection,0.04265490793977156,558.9772149999626,19,2
32,neutral,0.16837530265115205,577.0072202000301,19,2
33,infection,0.18774464099784938,595.0379100999562,19,2
34,neutral,0.20006105385176282,613.0695596999722,19,2
35,infection,0.13143639377511765,631.102316299919,19,2
36,neutral,0.0571729801450464,649.1319683999754,19,2
37,infection,0.04485611757347868,667.1642917999998,19,2
38,neutral,0.3387692372524912,685.1954733999446,19,2
39,infection,0.16698737653278717,703.2247338999296,19,2
1,neutral,0.1898333129549494,18.0375205000164,20,2
2,neutral,0.23184361506415613,36.06998480006587,20,2
3,infection,0.36960612552362093,54.1014073000988,20,2
4,infection,0.3192274394400724,72.13079710002057,20,2
5,infection,0.12273932855502966,90.16342310002074,20,2
6,neutral,0.11007631536321269,108.19292490009684,20,2
7,infection,0.18349310790473788,126.22574050002731,20,2
8,neutral,0.18336261125174444,144.25622580002528,20,2
9,infection,0.19905366942311245,162.28654340002686,20,2
10,neutral,0.20744473277077424,180.3194973000791,20,2
11,infection,0.1455625011815147,198.34961290005592,20,2
12,neutral,0.1553972599791322,216.3791250000941,20,2
13,infection,0.05135396863267087,234.4106574000325,20,2
14,neutral,0.18897988234151977,252.4428130000597,20,2
15,infection,0.23478893342289783,270.47437820001505,20,2
16,neutral,0.28614149240706427,288.5054039000533,20,2
17,infection,0.20110639369726116,306.5357073000632,20,2
18,neutral,0.12378359823410852,324.5674743000418,20,2
19,infection,0.282294622256098,342.598725900054,20,2
20,neutral,0.4374860417077498,360.6307678000303,20,2
21,infection,0.17140058340320435,378.6612779001007,20,2
22,neutral,0.1060246942267824,396.6918628000421,20,2
23,infection,0.23736672109032939,414.7236255001044,20,2
24,neutral,0.23020554806518617,432.7548402000684,20,2
25,infection,0.5132940814636013,450.7865141000366,20,2
26,neutral,0.30688363582214323,468.8178714000387,20,2
27,infection,0.11357242004381016,486.84919690003153,20,2
28,neutral,0.5409025307926432,504.87903370009735,20,2
29,infection,0.28512982313600327,522.9116589000914,20,2
30,neutral,0.2690622221004382,540.942377600004,20,2
31,infection,0.2614151442473444,558.9737832000246,20,2
32,neutral,0.5084415298420056,577.0036108000204,20,2
33,infection,0.31144964404482023,595.035290400032,20,2
34,neutral,0.22682172280996535,613.0676917000674,20,2
35,infection,0.3827899061138913,631.0984297000105,20,2
36,neutral,0.5431701654560024,649.1279815000016,20,2
37,infection,0.37533662362677933,667.1621067000087,20,2
38,neutral,0.46175053378061204,685.1910249000648,20,2
39,infection,0.1584873178443072,703.2225547000999,20,2
1,neutral,0.3046356548540553,18.044426699983887,22,2
2,neutral,0.48530915322014706,36.07535729999654,22,2
3,infection,0.5543830156776238,54.10491230001208,22,2
4,infection,0.27837497030611263,72.13696559995878,22,2
5,infection,0.20648547262865002,90.16858830000274,22,2
6,neutral,0.43878737480452695,108.19859449996147,22,2
7,infection,0.41466369256867186,126.22921440005302,22,2
8,neutral,0.11122610165592813,144.26155589998234,22,2
9,infection,0.5442196973141883,162.29145729995798,22,2
10,neutral,0.39717003970042924,180.3223945000209,22,2
11,infection,0.45216921435803364,198.3547919000266,22,2
12,neutral,0.07782924101319917,216.3861119999783,22,2
13,infection,0.2900715327592948,234.41725479997697,22,2
14,neutral,0.34212395104983706,252.49841110000847,22,2
15,infection,0.1024241711215957,270.5279709000606,22,2
16,neutral,0.3187681647948175,288.5616836999543,22,2
17,infection,0.12817815454953002,306.5908975000493,22,2
18,neutral,0.6822604004084846,324.62298670003656,22,2
19,infection,0.41992135541346554,342.65424059994984,22,2
20,neutral,0.29139922136610036,360.6847475999966,22,2
21,infection,0.5008414353520462,378.7146570000332,22,2
22,neutral,0.19798542561180926,396.74771170003805,22,2
23,infection,0.29151438201976143,414.7783932000166,22,2
24,neutral,0.710233751650467,432.8095839000307,22,2
25,infection,0.5145445745212093,450.841446800041,22,2
26,neutral,0.452895482164981,468.8717735999962,22,2
27,infection,0.6614028355939184,486.90223110001534,22,2
28,neutral,0.3678859333699092,504.9347479999997,22,2
29,infection,0.28624501561021953,522.9656379000517,22,2
30,neutral,0.4319969021255367,540.995534799993,22,2
31,infection,0.4255115797205161,559.0772069999948,22,2
32,neutral,0.3084168898902039,577.1090152000543,22,2
33,infection,0.5098538520833927,595.1404159000376,22,2
34,neutral,0.5151890983324927,613.2213476999896,22,2
35,infection,0.3125195417228873,631.2532869999995,22,2
36,neutral,0.20559682026912368,649.2833609000081,22,2
37,infection,0.11830196493652773,667.3155615000287,22,2
38,neutral,0.10023481170824873,685.3467004999984,22,2
39,infection,0.6573078717334987,703.3781986000249,22,2
1,neutral,0.24083006412953964,18.03515020001214,23,2
2,neutral,0.5550828145372904,36.06733030010946,23,2
3,infection,0.48516311486674063,54.097456000046805,23,2
4,infection,0.2392812039188053,72.13059020007495,23,2
5,infection,0.4127552803254752,90.16054060007446,23,2
6,neutral,0.2247057485835004,108.1928541000234,23,2
7,infection,0.15990340235729508,126.22166270005982,23,2
8,neutral,0.07570085317674594,144.25374860002194,23,2
9,infection,0.40519270817119407,162.2850158000365,23,2
10,neutral,0.6155557013295346,180.31583230011165,23,2
11,infection,0.36737155236794855,198.3464749000268,23,2
12,neutral,0.4740658816709566,216.3785117000807,23,2
13,infection,0.30057921535895415,234.41031710000243,23,2
14,neutral,0.33888419268119746,252.44181810005105,23,2
15,infection,0.07381860762768158,270.47213380003814,23,2
16,neutral,0.10565228749767162,288.50333900004625,23,2
17,infection,0.16624110178315674,306.5351672000252,23,2
18,neutral,0.15588857472140125,324.56627270008903,23,2
19,infection,0.1531190610464264,342.59641710005235,23,2
20,neutral,0.1580301134513695,360.62832890008576,23,2
21,infection,0.4832619118865861,378.6594778000144,23,2
22,neutral,0.718400819144502,396.6922366000945,23,2
23,infection,0.2468201094166916,414.7216659000842,23,2
24,neutral,0.2361421516232494,432.75286500004586,23,2
25,infection,0.6484193295803733,450.78502080007456,23,2
26,neutral,0.5467711640340112,468.81511170009617,23,2
27,infection,0.12697746867769188,486.8465041000163,23,2
28,neutral,0.10914781232301658,504.878090400016,23,2
29,infection,0.46983111114568976,522.9091611000476,23,2
30,neutral,0.5450606208879557,540.9399987000506,23,2
31,infection,0.35430093520756856,558.9716828000965,23,2
32,neutral,0.17176665846782624,577.0033209000248,23,2
33,infection,0.16095530053407783,595.0324408001034,23,2
34,neutral,0.29410927554221733,613.0649490000214,23,2
35,infection,0.08836043534445102,631.0953920000466,23,2
36,neutral,0.44975332085911085,649.1266266000457,23,2
37,infection,0.6250714460049461,667.1584975000005,23,2
38,neutral,0.49577569153080525,685.1914758000057,23,2
39,infection,0.3059086281127772,703.2199881999986,23,2
1,neutral,0.02884616130058167,18.033844899968244,24,2
2,neutral,0.09785665225819361,36.06421829992905,24,2
3,infection,0.22806530839217964,54.09547139995266,24,2
4,infection,0.13090253320423484,72.12549139990006,24,2
5,infection,0.5293682235681865,90.15641129994764,24,2
6,neutral,0.4096439286709931,108.18688639998436,24,2
7,infection,0.06872769791470804,126.21764759998769,24,2
8,neutral,0.1137958225575979,144.24976619996596,24,2
9,infection,0.33651720025079035,162.2817342999624,24,2
10,neutral,0.6205974466979433,180.31128209992312,24,2
11,infection,0.22047446933654063,198.3423860999756,24,2
12,neutral,0.3888525737460926,216.37507680000272,24,2
13,infection,0.25903730231011546,234.40412319998725,24,2
14,neutral,0.23961035756658652,252.43664549989623,24,2
15,infection,0.21529023924590154,270.46734139998443,24,2
16,neutral,0.4283431041512465,288.49776729999576,24,2
17,infection,0.5058178177052454,306.532347099972,24,2
18,neutral,0.2536228666502314,324.5612380999373,24,2
19,infection,0.3249282352664994,342.5919026999036,24,2
20,neutral,0.3577806997182847,360.622589699924,24,2
21,infection,0.20563684515095731,378.6546656999272,24,2
22,neutral,0.040192912947465305,396.68522379989736,24,2
23,infection,0.37790274187589085,414.7183580999263,24,2
24,neutral,0.29157520130331116,432.7482706999872,24,2
25,infection,0.6695577611342608,450.7785239999648,24,2
26,neutral,0.42885944108653806,468.8110588999698,24,2
27,infection,0.4519638331101444,486.8413000999717,24,2
28,neutral,0.815801752222301,504.8737873999635,24,2
29,infection,0.3263351459970062,522.9054328999482,24,2
30,neutral,0.4752904942615773,540.9354070998961,24,2
31,infection,0.4430159221227831,558.9671706999652,24,2
32,neutral,0.4744702628810524,576.9982335999375,24,2
33,infection,0.19693163892518392,595.0300172999268,24,2
34,neutral,0.22354656376593315,613.0602821999928,24,2
35,infection,0.23428478562149016,631.092113199993,24,2
36,neutral,0.2927923495552063,649.1221247999929,24,2
37,infection,0.25152465960111364,667.1531394999474,24,2
38,neutral,0.2008584489325014,685.1861180999549,24,2
39,infection,0.22705807317729676,703.2174870999297,24,2
1,neutral,0.1141469338811345,18.039903299999423,25,2
2,neutral,0.05579757564994828,36.06996280001477,25,2
3,infection,0.1064555520417146,54.101773599977605,25,2
4,infection,0.13233935209516895,72.13295629993081,25,2
5,infection,0.07493654902361072,90.1629029000178,25,2
6,neutral,0.05781619519521128,108.19591469992884,25,2
7,infection,0.015112812319876037,126.22672449995298,25,2
8,neutral,0.11407435406308489,144.25510730000678,25,2
9,infection,0.3807866715011916,162.2871411999222,25,2
10,neutral,0.08893955144111661,180.3198517999845,25,2
11,infection,0.06442634555211513,198.34957279998343,25,2
12,neutral,0.09377853416406165,216.38034469995185,25,2
13,infection,0.09582170117956337,234.41235959995532,25,2
14,neutral,0.08769645597272675,252.44282859994564,25,2
15,infection,0.19497000564065375,270.473158699926,25,2
16,neutral,0.24966736164815614,288.50513399997726,25,2
17,infection,0.0899799722259413,306.53710999991745,25,2
18,neutral,0.04689265594605038,324.568564599962,25,2
19,infection,0.13486611707304377,342.5988728000084,25,2
20,neutral,0.047118139284847954,360.6297491999576,25,2
21,infection,0.12937059566767656,378.6609993999591,25,2
22,neutral,0.10656370347743742,396.6930398999248,25,2
23,infection,0.1944214680911479,414.7238469999283,25,2
24,neutral,0.10447706897829986,432.7557348000119,25,2
25,infection,0.04305605005073728,450.7869558999082,25,2
26,neutral,0.6696887039677879,468.8169847999234,25,2
27,infection,0.5027065169527386,486.8479278999148,25,2
28,neutral,0.13105691898810173,504.8795631999383,25,2
29,infection,0.09796143135919677,522.9103133999743,25,2
30,neutral,0.15267867072268515,540.9418853999814,25,2
31,infection,0.06094480428843902,558.9728203999111,25,2
32,neutral,0.12106016589269816,577.0030962999444,25,2
33,infection,0.19428071722340137,595.0349813000066,25,2
34,neutral,0.0511146578667224,613.0653055999428,25,2
35,infection,0.20374753974698573,631.0977071999805,25,2
36,neutral,0.2351339388047833,649.1284309999319,25,2
37,infection,0.32338249614291953,667.1608765999554,25,2
38,neutral,0.23439400445631173,685.1903397999704,25,2
39,infection,0.2507417159000619,703.2226049000164,25,2
1,neutral,0.10082882808883388,18.04115519998595,26,2
2,neutral,0.18234898591704918,36.07086650002748,26,2
3,infection,0.15065237030492512,54.1019717999734,26,2
4,infection,0.05044557887044413,72.13490259996615,26,2
5,infection,0.2184558605734437,90.1658120000502,26,2
6,neutral,0.15321536422926882,108.1959799999604,26,2
7,infection,0.07593548447965053,126.22740089998116,26,2
8,neutral,0.1248789087039276,144.26004099997226,26,2
9,infection,0.19865367375384663,162.2906092000194,26,2
10,neutral,0.21033295600925442,180.3215541000245,26,2
11,infection,0.17611488062960376,198.35212150006555,26,2
12,neutral,0.2471326265841002,216.38389960001223,26,2
13,infection,0.11367930074726577,234.41496930003632,26,2
14,neutral,0.12024042460968697,252.4454159999732,26,2
15,infection,0.15993597917570002,270.47616860002745,26,2
16,neutral,0.04794720013426391,288.50776399997994,26,2
17,infection,0.051901938822316744,306.5391803999664,26,2
18,neutral,0.04584184699410652,324.5718524999684,26,2
19,infection,0.1181535523758051,342.6020392000209,26,2
20,neutral,0.15639990489843147,360.6327624999685,26,2
21,infection,0.4157907435448953,378.6638113000663,26,2
22,neutral,0.1654357817898973,396.6938420999795,26,2
23,infection,0.07221507528079263,414.7252363000298,26,2
24,neutral,0.14233286007908033,432.7565283000003,26,2
25,infection,0.0926387144842951,450.7888245000504,26,2
26,neutral,0.07983292141181503,468.81998689996544,26,2
27,infection,0.07736171151251128,486.8507978999987,26,2
28,neutral,0.09026248558419406,504.8814542000182,26,2
29,infection,0.1018987486431452,522.9139991999837,26,2
30,neutral,0.4653224977157694,540.943947999971,26,2
31,infection,0.3807274278726716,558.9754223000491,26,2
32,neutral,0.9409465512197023,577.0081500000088,26,2
33,infection,0.078709767103147,595.0387191000627,26,2
34,neutral,0.19311269253489577,613.0698252000147,26,2
35,infection,0.07159050078946108,631.0998589000665,26,2
36,neutral,0.26327896978331083,649.1315085999668,26,2
37,infection,0.03878943997451013,667.1619242000161,26,2
38,neutral,0.033156411585046494,685.1946529999841,26,2
39,infection,0.22626139436761705,703.2252844000468,26,2
1,neutral,0.1142224756323776,18.042448899999727,27,2
2,neutral,0.3563354610297562,36.07274679999682,27,2
3,infection,0.8930728076328512,54.10542239999632,27,2
4,infection,0.420989831891335,72.20980499999132,27,2
5,infection,0.8403409632918692,90.16642110000248,27,2
6,neutral,0.41187230998126506,108.1994854999939,27,2
7,infection,0.23957410485352448,126.23029049999604,27,2
8,neutral,0.5908750338012001,144.26334619999398,27,2
9,infection,0.03599493155506205,162.29511049999564,27,2
10,neutral,0.2856592261276457,180.32524879999983,27,2
11,infection,0.2654333156678575,198.35826589999488,27,2
12,neutral,0.6405233955214066,216.3893604999903,27,2
13,infection,0.6723494316977537,234.42065050000383,27,2
14,neutral,0.04719251288565998,252.45082489999183,27,2
15,infection,0.15891314361485195,270.4834594999993,27,2
16,neutral,0.29785579958155944,288.514597100002,27,2
17,infection,0.6886583188540095,306.5463127999974,27,2
18,neutral,0.08500829363638945,324.5787508999929,27,2
19,infection,0.4725746091282305,342.61076440000033,27,2
20,neutral,0.27592943883133136,360.6411507000011,27,2
21,infection,0.5621355468942388,378.67188460000034,27,2
22,neutral,0.5573782864153745,396.7038704000006,27,2
23,infection,0.30887708746116865,414.73266290000174,27,2
24,neutral,0.34983745556249707,432.76653480000095,27,2
25,infection,0.5117332669573013,450.7946531999914,27,2
26,neutral,0.3198441577546509,468.826292800004,27,2
27,infection,0.27204383371982493,486.8592305999919,27,2
28,neutral,0.2891808475636277,504.8885289000027,27,2
29,infection,0.6087072560458265,522.9196472999902,27,2
30,neutral,0.20167016322005463,540.9508138999954,27,2
31,infection,0.10774155450312137,558.9827708999946,27,2
32,neutral,0.35019226320331964,577.0139039999922,27,2
33,infection,0.2289629071668571,595.0426474999986,27,2
34,neutral,0.1329721291111053,613.0749941999966,27,2
35,infection,0.5317676416661028,631.1052684000024,27,2
36,neutral,0.32511621990598044,649.1370353999955,27,2
37,infection,0.29647879468422245,667.1685824000015,27,2
38,neutral,0.15248093823495681,685.1985896999977,27,2
39,infection,0.21303311475125786,703.2307043000037,27,2
1,neutral,0.006194530940130596,18.042448899999727,29,2
2,neutral,0.18377122444584676,36.07274679999682,29,2
3,infection,0.29903233818213626,54.10542239999632,29,2
4,infection,0.262827981594019,72.20980499999132,29,2
5,infection,0.13280091849951978,90.16642110000248,29,2
6,neutral,0.13602341934617818,108.1994854999939,29,2
7,infection,0.19483354953611523,126.23029049999604,29,2
8,neutral,0.1042375455709189,144.26334619999398,29,2
9,infection,0.12840261447892326,162.29511049999564,29,2
10,neutral,0.2384685002777386,180.32524879999983,29,2
11,infection,0.3528860203887425,198.35826589999488,29,2
12,neutral,0.034777199952757465,216.3893604999903,29,2
13,infection,0.3494326406904902,234.42065050000383,29,2
14,neutral,0.2842082191894077,252.45082489999183,29,2
15,infection,0.09653911132929674,270.4834594999993,29,2
16,neutral,0.09210857526067737,288.514597100002,29,2
17,infection,0.27880252640305414,306.5463127999974,29,2
18,neutral,0.12957417594417775,324.5787508999929,29,2
19,infection,0.09799776964050079,342.61076440000033,29,2
20,neutral,0.3392417198694296,360.6411507000011,29,2
21,infection,0.03849172971127982,378.67188460000034,29,2
22,neutral,0.16477283424218425,396.7038704000006,29,2
23,infection,0.10157352518551127,414.73266290000174,29,2
24,neutral,0.05080127106194579,432.76653480000095,29,2
25,infection,0.060429154059898724,450.7946531999914,29,2
26,neutral,0.1974848819724556,468.826292800004,29,2
27,infection,0.30913711108319253,486.8592305999919,29,2
28,neutral,0.2527007890783678,504.8885289000027,29,2
29,infection,0.08449392554017707,522.9196472999902,29,2
30,neutral,0.5488640484231836,540.9508138999954,29,2
31,infection,0.5027474719057032,558.9827708999946,29,2
32,neutral,0.33635004577563277,577.0139039999922,29,2
33,infection,0.0606620343031853,595.0426474999986,29,2
34,neutral,0.1932235567757182,613.0749941999966,29,2
35,infection,0.46765901647791513,631.1052684000024,29,2
36,neutral,0.3723202949831491,649.1370353999955,29,2
37,infection,0.14693812771465564,667.1685824000015,29,2
38,neutral,0.31583400200803063,685.1985896999977,29,2
39,infection,0.9100250791530703,703.2307043000037,29,2
1,neutral,0.055416050575548034,18.03912849999961,31,2
2,neutral,0.11977676952002163,36.0715995999999,31,2
3,infection,0.09187953464944895,54.10172520000015,31,2
4,infection,0.08469361737966874,72.13172140000006,31,2
5,infection,0.09506330356821442,90.16448080000008,31,2
6,neutral,0.43565952724323487,108.1963122999996,31,2
7,infection,0.3380323536829692,126.22765329999947,31,2
8,neutral,0.30800777251349853,144.2572425999997,31,2
9,infection,0.09876851546076332,162.2899127999999,31,2
10,neutral,0.2100338683552764,180.32066339999983,31,2
11,infection,0.4138499990643496,198.34965289999943,31,2
12,neutral,0.4133977829593017,216.38113949999936,31,2
13,infection,0.018890828356423653,234.41369750000013,31,2
14,neutral,0.21564658624754493,252.44556809999995,31,2
15,infection,0.08220685627810326,270.47433079999973,31,2
16,neutral,0.043581740288197085,288.5086416999993,31,2
17,infection,0.11451412405183245,306.53726279999955,31,2
18,neutral,0.08358789148903573,324.56869819999974,31,2
19,infection,0.3600683787833521,342.6014584999993,31,2
20,neutral,0.095561378252047,360.63203519999934,31,2
21,infection,0.18550211173549103,378.66330169999947,31,2
22,neutral,0.15749846015804786,396.6945939999996,31,2
23,infection,0.12153557235409616,414.7244909000001,31,2
24,neutral,0.22646698517162858,432.75823599999967,31,2
25,infection,0.2137351621332837,450.7871276999995,31,2
26,neutral,0.07218587235475989,468.8190237999997,31,2
27,infection,0.32157615545639556,486.8493047000002,31,2
28,neutral,0.07459970035051838,504.8815103999996,31,2
29,infection,0.21584191585415416,522.9139392999996,31,2
30,neutral,0.1691098678070399,540.9438493999996,31,2
31,infection,0.1207216449556249,558.9748663,31,2
32,neutral,0.22451212173109664,577.0075207,31,2
33,infection,0.20633522673486765,595.0380954000002,31,2
34,neutral,0.32968359654888996,613.0690608999994,31,2
35,infection,0.456428649191332,631.1011484999999,31,2
36,neutral,0.14116578991775686,649.1313389999996,31,2
37,infection,0.20499414545146757,667.1633382,31,2
38,neutral,0.02624032740327991,685.1944139999996,31,2
39,infection,0.6315331096415375,703.2251001999994,31,2
1,neutral,0.5228697647134927,18.0465021,32,2
2,neutral,0.6476674506111083,36.07700960000148,32,2
3,infection,0.1728766092947812,54.10868860000119,32,2
4,infection,0.2223771236605857,72.13992169999983,32,2
5,infection,0.20187348282347234,90.17081120000148,32,2
6,neutral,0.4171250022122617,108.20309290000114,32,2
7,infection,0.3626524790813573,126.23369810000077,32,2
8,neutral,0.3966466977818569,144.26538160000018,32,2
9,infection,0.4938854260615875,162.29468940000152,32,2
10,neutral,0.29510694412164934,180.3268036000009,32,2
11,infection,0.8100676097201127,198.3585658000011,32,2
12,neutral,0.7560713317655338,216.39026250000097,32,2
13,infection,0.4226221762284954,234.42035600000057,32,2
14,neutral,0.8727375443288692,252.4521703999999,32,2
15,infection,0.7541970025586044,270.4829562000013,32,2
16,neutral,0.4823660075221544,288.5144926000012,32,2
17,infection,0.32952683418100914,306.5466413000013,32,2
18,neutral,0.3067504772757309,324.5770977000011,32,2
19,infection,0.47441083016041585,342.60958290000053,32,2
20,neutral,0.5989167075213648,360.64169180000135,32,2
21,infection,0.2609635879867892,378.67132889999993,32,2
22,neutral,0.7462030462562299,396.70222680000006,32,2
23,infection,0.8042656654330815,414.7328886000014,32,2
24,neutral,0.5021036289436849,432.7632276000004,32,2
25,infection,0.5018358101581532,450.7951585999999,32,2
26,neutral,0.46142197983362765,468.8255798999999,32,2
27,infection,0.30986910804155443,486.8579451000005,32,2
28,neutral,0.3695113605061093,504.8891893,32,2
29,infection,0.581534161421036,522.9198571000015,32,2
30,neutral,0.6705200367446982,540.9524532000014,32,2
31,infection,0.3592848880706458,558.9835147000013,32,2
32,neutral,0.43355247322789625,577.0149443000009,32,2
33,infection,0.5297498925187637,595.0453367999999,32,2
34,neutral,0.30992942385597966,613.0772267000011,32,2
35,infection,0.32377967023120374,631.1086800000012,32,2
36,neutral,0.23478590360241072,649.1391859000014,32,2
37,infection,0.14220776714544617,667.1699526000011,32,2
38,neutral,0.40193063553632435,685.2027675000008,32,2
39,infection,0.5967496579903802,703.2322781000003,32,2
1,neutral,0.13901769990429205,18.042448899999727,33,2
2,neutral,0.09463818054403034,36.07274679999682,33,2
3,infection,0.19810115352459706,54.10542239999632,33,2
4,infection,0.29992476570142096,72.20980499999132,33,2
5,infection,0.35514355320572466,90.16642110000248,33,2
6,neutral,0.07418005834681562,108.1994854999939,33,2
7,infection,0.13105355396835197,126.23029049999604,33,2
8,neutral,0.14282281521260323,144.26334619999398,33,2
9,infection,0.11983205046423001,162.29511049999564,33,2
10,neutral,0.11101930520900166,180.32524879999983,33,2
11,infection,0.19446700922240936,198.35826589999488,33,2
12,neutral,0.1125655693232448,216.3893604999903,33,2
13,infection,0.22600953661229867,234.42065050000383,33,2
14,neutral,0.10053916902747195,252.45082489999183,33,2
15,infection,0.4429740200028459,270.4834594999993,33,2
16,neutral,0.043803784220338905,288.514597100002,33,2
17,infection,0.2625778805184133,306.5463127999974,33,2
18,neutral,0.3100140184141431,324.5787508999929,33,2
19,infection,0.3349790506804812,342.61076440000033,33,2
20,neutral,0.20054488595609277,360.6411507000011,33,2
21,infection,0.09301158684340832,378.67188460000034,33,2
22,neutral,0.09380777754551951,396.7038704000006,33,2
23,infection,0.13554561002329124,414.73266290000174,33,2
24,neutral,0.09314462830684186,432.76653480000095,33,2
25,infection,0.08383482983381581,450.7946531999914,33,2
26,neutral,0.118101546194042,468.826292800004,33,2
27,infection,0.29409368908476585,486.8592305999919,33,2
28,neutral,0.07415589051343681,504.8885289000027,33,2
29,infection,0.2138110396024677,522.9196472999902,33,2
30,neutral,0.3434886238896978,540.9508138999954,33,2
31,infection,0.4650104125363175,558.9827708999946,33,2
32,neutral,0.09828423997785346,577.0139039999922,33,2
33,infection,0.29446691761857224,595.0426474999986,33,2
34,neutral,0.20311130630986973,613.0749941999966,33,2
35,infection,0.1767111408540636,631.1052684000024,33,2
36,neutral,0.36633091571222304,649.1370353999955,33,2
37,infection,0.8214894826855033,667.1685824000015,33,2
38,neutral,0.253687061116462,685.1985896999977,33,2
39,infection,0.21302148597786105,703.2307043000037,33,2
1,neutral,0.08252896023959096,18.03254990000096,36,2
2,neutral,0.30591915858894736,36.064692200001446,36,2
3,infection,0.13586104257383796,54.09568639999998,36,2
4,infection,0.11002832525323487,72.12619919999997,36,2
5,infection,0.03123587025168249,90.15832480000064,36,2
6,neutral,0.3108206330091949,108.18915970000126,36,2
7,infection,0.1017252732516328,126.22043370000029,36,2
8,neutral,0.06032306222086503,144.25120059999972,36,2
9,infection,0.28404660183653896,162.2821668000015,36,2
10,neutral,0.13601773809500922,180.31516170000032,36,2
11,infection,0.25112272564961213,198.34600060000048,36,2
12,neutral,0.07999662724046086,216.37484070000028,36,2
13,infection,0.08423186846300203,234.4071724000005,36,2
14,neutral,0.19948480765098825,252.43691930000023,36,2
15,infection,0.07432771019566556,270.46873400000004,36,2
16,neutral,0.07338212374531956,288.50131800000054,36,2
17,infection,0.5321490888528871,306.530991900001,36,2
18,neutral,0.37626925781645776,324.56226010000137,36,2
19,infection,0.2609050973288044,342.59442320000016,36,2
20,neutral,0.24629245058755708,360.62511860000086,36,2
21,infection,0.11024195198118093,378.6552545000013,36,2
22,neutral,0.4404475780992665,396.6867953000001,36,2
23,infection,0.10315643725697755,414.7188305,36,2
24,neutral,0.044801506293924195,432.7506358999999,36,2
25,infection,0.3556487352414868,450.78200710000056,36,2
26,neutral,0.2798238078787175,468.8128360999999,36,2
27,infection,0.5517014646028466,486.84430489999977,36,2
28,neutral,0.17700812713892333,504.8749370000005,36,2
29,infection,0.12469118569184924,522.9075130000001,36,2
30,neutral,0.17841244556465263,540.9374090000001,36,2
31,infection,0.09863074658115106,558.969079800001,36,2
32,neutral,0.13339722411019048,577.0011302000003,36,2
33,infection,0.2049417499265781,595.0321739999999,36,2
34,neutral,0.07281625651156702,613.0645253000002,36,2
35,infection,0.16435274300123434,631.0941486000011,36,2
36,neutral,0.1873541702802748,649.1263142000007,36,2
37,infection,0.3031425773863336,667.156498100001,36,2
38,neutral,0.3709001948156346,685.1880974000014,36,2
39,infection,0.11683520105473816,703.2200964000003,36,2
1,neutral,0.1791128855856258,18.038099599987618,37,2
2,neutral,0.06797329068131082,36.068629599991255,37,2
3,infection,0.0598285987883888,54.10091599999578,37,2
4,infection,0.14078840074403412,72.13157339999452,37,2
5,infection,0.24008334106387594,90.16258029999152,37,2
6,neutral,0.0858022642193125,108.19530329998815,37,2
7,infection,0.10612590317636099,126.22586249999586,37,2
8,neutral,0.14905323575983745,144.2559700999991,37,2
9,infection,0.4403999274089611,162.28731159999734,37,2
10,neutral,0.11720794236188897,180.318889599992,37,2
11,infection,0.4685485974176601,198.34929679999183,37,2
12,neutral,0.1986949089866931,216.38069689999972,37,2
13,infection,0.1989958416854846,234.41090469999472,37,2
14,neutral,0.4616882462430175,252.44315829999687,37,2
15,infection,0.44116242516002036,270.47659789999307,37,2
16,neutral,0.10161756654596446,288.50679970000056,37,2
17,infection,0.22989225180157624,306.53641029998835,37,2
18,neutral,0.15546704806307493,324.5667151999951,37,2
19,infection,0.11137903014086933,342.60073379999085,37,2
20,neutral,0.20657893426714058,360.63119979998737,37,2
21,infection,0.3335941081063078,378.6632826999994,37,2
22,neutral,0.16050070046092807,396.6937457999884,37,2
23,infection,0.22645869896716678,414.7241106999864,37,2
24,neutral,0.07813471451137781,432.7567228999978,37,2
25,infection,0.15440535068114192,450.7884033999872,37,2
26,neutral,0.13596461272027224,468.8193638999946,37,2
27,infection,0.2771449677621935,486.8497040999937,37,2
28,neutral,0.1366239951392076,504.88106549999793,37,2
29,infection,0.2146762428649824,522.9128282999882,37,2
30,neutral,0.242568570924721,540.9439320999954,37,2
31,infection,0.6124332138388158,558.9746998999908,37,2
32,neutral,0.7730231684196679,577.0047940999939,37,2
33,infection,0.14188077930401827,595.036308099996,37,2
34,neutral,0.3259960340935094,613.0684417999873,37,2
35,infection,0.4119287482362901,631.0994546999864,37,2
36,neutral,0.20526431091135006,649.1321435999998,37,2
37,infection,0.17614453478999867,667.1629348999995,37,2
38,neutral,0.11788427752210778,685.193628699999,37,2
39,infection,0.11257973927817312,703.2250365999935,37,2
1,neutral,0.07732200695561632,18.046882199996617,38,2
2,neutral,0.06359749583072655,36.07815810000466,38,2
3,infection,0.11921652756032962,54.108930900009,38,2
4,infection,0.23270033479259597,72.1391494999989,38,2
5,infection,0.3057366286296905,90.17104909999762,38,2
6,neutral,0.3060671828358798,108.20303669999704,38,2
7,infection,0.27181973212751104,126.2322439999989,38,2
8,neutral,0.15395229817130485,144.26552889999584,38,2
9,infection,0.36941570060200873,162.29579930000182,38,2
10,neutral,0.26278809820470217,180.32740280000144,38,2
11,infection,0.06965013628063997,198.3582434999989,38,2
12,neutral,0.18051076819019016,216.38908059999807,38,2
13,infection,0.04532652285588232,234.4217496000056,38,2
14,neutral,0.6777979497064249,252.4510503000056,38,2
15,infection,0.5886187060201793,270.4832386000053,38,2
16,neutral,0.4204369257315214,288.5129545000091,38,2
17,infection,0.1784575784976625,306.5460669000022,38,2
18,neutral,0.4301718960446652,324.57669090000854,38,2
19,infection,0.3809141898174665,342.60917250000057,38,2
20,neutral,0.5583575993974348,360.63998400000855,38,2
21,infection,0.26989036789205845,378.6711136000085,38,2
22,neutral,0.5070647593108084,396.7023543999967,38,2
23,infection,0.882307579814374,414.73334479999903,38,2
24,neutral,0.7760940104731937,432.764173500007,38,2
25,infection,0.13184713694186997,450.7954383000033,38,2
26,neutral,0.19105377392830597,468.827275100004,38,2
27,infection,0.21685141946949593,486.8579266000015,38,2
28,neutral,0.3704340220179789,504.8899664000055,38,2
29,infection,0.1069464437609271,522.9207106999966,38,2
30,neutral,0.763615471573176,540.9518226000073,38,2
31,infection,0.6628228853504913,558.9835012999974,38,2
32,neutral,0.43346752037749126,577.0159092999966,38,2
33,infection,0.20553411388609763,595.0469499000028,38,2
34,neutral,0.17310998550029283,613.0767653000075,38,2
35,infection,0.47127535514659724,631.1096361999953,38,2
36,neutral,0.34018914421522894,649.1385679000086,38,2
37,infection,0.29121679500461156,667.1724969000061,38,2
38,neutral,0.2926938720544251,685.201444300008,38,2
39,infection,0.8953875359001364,703.2345709000074,38,2
1,neutral,0.48313231771625254,18.035684200003743,39,2
2,neutral,0.12532778703059333,36.066557800004375,39,2
3,infection,0.17045794651216856,54.09843310000724,39,2
4,infection,0.15141222086671408,72.12943410000298,39,2
5,infection,0.3053163471563415,90.16012110000884,39,2
6,neutral,0.1776251335790341,108.19087150000269,39,2
7,infection,0.08601884833535796,126.22315620000882,39,2
8,neutral,0.060905516631194895,144.2543447000062,39,2
9,infection,0.10932953545811562,162.2875342000043,39,2
10,neutral,0.25566783071050286,180.3158792000031,39,2
11,infection,0.24733897469609892,198.34950100000424,39,2
12,neutral,0.29716389386811004,216.37923669999876,39,2
13,infection,0.31510505270321504,234.41077180000136,39,2
14,neutral,0.1274533943733569,252.44166219999897,39,2
15,infection,0.2644021628494915,270.47369959999924,39,2
16,neutral,0.13840263655406385,288.5050147000002,39,2
17,infection,0.036447553386046556,306.5354210000078,39,2
18,neutral,0.19759376559535835,324.5682675999997,39,2
19,infection,0.3227365360299255,342.5994685000041,39,2
20,neutral,0.05999105109793907,360.6301094000082,39,2
21,infection,0.32731984643653217,378.6593026000046,39,2
22,neutral,0.48548742315658044,396.6917900999979,39,2
23,infection,0.12485240668219687,414.72340780000377,39,2
24,neutral,0.057546006911412526,432.75498910000897,39,2
25,infection,0.07092563285462013,450.7855056999979,39,2
26,neutral,0.07693083767886677,468.8186538000009,39,2
27,infection,0.36151638875102843,486.8487301999994,39,2
28,neutral,0.5069254841075544,504.8802990000113,39,2
29,infection,0.16881175783411714,522.9113500000094,39,2
30,neutral,0.21406723233911404,540.9426579999999,39,2
31,infection,0.3221209183398926,558.9741215000104,39,2
32,neutral,0.584996420706719,577.004941200008,39,2
33,infection,0.5602129610515632,595.036262300011,39,2
34,neutral,0.527486955743125,613.0670998999994,39,2
35,infection,0.48675399900482386,631.0985784000077,39,2
36,neutral,0.2143659032790746,649.1304292999994,39,2
37,infection,0.29606272941755096,667.1615610000008,39,2
38,neutral,0.40462277479567854,685.1922828000097,39,2
39,infection,0.10063563336168428,703.2231096000032,39,2
1,neutral,0.1541271211696836,18.03327139999601,40,2
2,neutral,0.1498927616561555,36.06230380000488,40,2
3,infection,0.45380193136810704,54.09445439999399,40,2
4,infection,0.23226518452791844,72.12410109999473,40,2
5,infection,0.3170227453427644,90.15753860000405,40,2
6,neutral,0.25527725050354705,108.18754729999635,40,2
7,infection,0.21209624460889354,126.21961070000545,40,2
8,neutral,0.6240355328829233,144.24926860000414,40,2
9,infection,0.13203403204366013,162.2806331000029,40,2
10,neutral,0.28568395514335543,180.31183930000407,40,2
11,infection,0.1667360873165445,198.34463019999384,40,2
12,neutral,0.08311106165270019,216.3742670000065,40,2
13,infection,0.10962935127393908,234.40546429999813,40,2
14,neutral,0.11273695725744462,252.43615700000373,40,2
15,infection,0.36181817926484516,270.4672845000023,40,2
16,neutral,0.05182433342936629,288.4979352999944,40,2
17,infection,0.11820244707497932,306.5305479999952,40,2
18,neutral,0.2217200618681782,324.5617235999962,40,2
19,infection,0.1535815618125476,342.5933991000056,40,2
20,neutral,0.23863030348772188,360.6246608000074,40,2
21,infection,0.18180300662397028,378.6556325999991,40,2
22,neutral,0.5692551277451084,396.68537110000034,40,2
23,infection,0.35399634146536463,414.71797369999695,40,2
24,neutral,0.1793710474929878,432.7483400000056,40,2
25,infection,0.2701371865077752,450.78117410000414,40,2
26,neutral,0.26011223514461534,468.8124360000074,40,2
27,infection,0.24840970215494187,486.84252219999325,40,2
28,neutral,0.06851681024196911,504.8733447999985,40,2
29,infection,0.3380892252467919,522.904497399999,40,2
30,neutral,0.10591645467000586,540.9350565000059,40,2
31,infection,0.2325288904009001,558.968343600005,40,2
32,neutral,0.4042049410257303,576.9989382000058,40,2
33,infection,0.278475474681375,595.0307527999976,40,2
34,neutral,0.3683286310431868,613.0609543000028,40,2
35,infection,0.3735448194794878,631.0921772000002,40,2
36,neutral,0.14933424964592162,649.1241177000047,40,2
37,infection,0.4410679915232306,667.1538717999938,40,2
38,neutral,0.15461398465920456,685.1857627999998,40,2
39,infection,0.3813278031004721,703.2168636999995,40,2
1,neutral,0.11907862923632317,18.0459431999916,41,2
2,neutral,0.050036842542806485,36.07756920000247,41,2
3,infection,0.2762968768213142,54.10908569999447,41,2
4,infection,0.3583588898010942,72.14092539998819,41,2
5,infection,0.7834511879939517,90.17211359999784,41,2
6,neutral,0.3442362446464227,108.20346609999253,41,2
7,infection,0.3856168167017599,126.23373779999385,41,2
8,neutral,0.1859899712778428,144.2658214999974,41,2
9,infection,0.3081180975133,162.29563609999605,41,2
10,neutral,0.16003586459127173,180.32743059999484,41,2
11,infection,0.1449001963284288,198.3580163000006,41,2
12,neutral,0.09961241537975293,216.3914559999976,41,2
13,infection,0.6951030951504862,234.42198759999883,41,2
14,neutral,0.6339439526648024,252.4530276000005,41,2
15,infection,0.12100297711924175,270.4829874999996,41,2
16,neutral,0.10030811149060781,288.5149030999892,41,2
17,infection,0.18676106836081904,306.54688599999645,41,2
18,neutral,0.07024672959795071,324.5780115999951,41,2
19,infection,0.1005100590934701,342.6089498999936,41,2
20,neutral,0.24352877890104377,360.6407424999925,41,2
21,infection,0.3029182085169471,378.6722707000008,41,2
22,neutral,0.49178474038796327,396.7019463999896,41,2
23,infection,0.2827924723008122,414.73539580000215,41,2
24,neutral,0.29837381794261403,432.7648240999988,41,2
25,infection,0.3056119970406606,450.7963063999923,41,2
26,neutral,0.07126775658826225,468.8276679999981,41,2
27,infection,0.1646663606466877,486.8596639999887,41,2
28,neutral,0.15848514489381035,504.8911436999915,41,2
29,infection,0.04678057362480368,522.9214529999881,41,2
30,neutral,0.3392258839495082,540.9525068999938,41,2
31,infection,0.3000689831033393,558.9831438999972,41,2
32,neutral,0.06684255889743931,577.0146570999932,41,2
33,infection,0.18950037482251839,595.0471500999993,41,2
34,neutral,0.08190763020212011,613.0775853999949,41,2
35,infection,0.19604459876636623,631.1095529000013,41,2
36,neutral,0.2702020323804151,649.1392267999909,41,2
37,infection,0.07900126936331989,667.1700539000012,41,2
38,neutral,0.2758512521186933,685.2025472999958,41,2
39,infection,0.3732833105324175,703.2341659999947,41,2
1,neutral,0.3288381469726828,18.043831899994984,42,2
2,neutral,0.11754332827592226,36.07502799999202,42,2
3,infection,0.1475969244686797,54.107093999991775,42,2
4,infection,0.3376461458833719,72.13678589998744,42,2
5,infection,0.25535142670475525,90.16841709999426,42,2
6,neutral,0.46344891449456554,108.19864449999297,42,2
7,infection,0.2572888030364078,126.22949689999224,42,2
8,neutral,0.32258370776960205,144.26264380000066,42,2
9,infection,0.34915880963902374,162.29259879999154,42,2
10,neutral,0.24762652926109605,180.3248118999909,42,2
11,infection,0.3561374099561011,198.3557191,42,2
12,neutral,0.3107500552435638,216.38621059998692,42,2
13,infection,0.2634346159836552,234.4171416999889,42,2
14,neutral,0.11841214639544281,252.44901339999345,42,2
15,infection,0.2078546643710212,270.4798422999884,42,2
16,neutral,0.44485121742246103,288.5122401999979,42,2
17,infection,0.42323976914462175,306.5430462999939,42,2
18,neutral,0.4683414178894848,324.57379789999686,42,2
19,infection,0.2882002523718067,342.6055345999921,42,2
20,neutral,0.11535116012069387,360.6381055999954,42,2
21,infection,0.19183709362447574,378.6676153000008,42,2
22,neutral,0.2988255855911237,396.69935499998974,42,2
23,infection,0.5105595035727267,414.7298917999869,42,2
24,neutral,0.4720398248844519,432.7621751999977,42,2
25,infection,0.12195279624225208,450.792168999993,42,2
26,neutral,0.29779017580296624,468.8240851999872,42,2
27,infection,0.42454687265726493,486.8545577999903,42,2
28,neutral,0.44683513040091205,504.8868777999887,42,2
29,infection,0.20844700297850646,522.916412999999,42,2
30,neutral,0.370277143161071,540.9501733999932,42,2
31,infection,0.35237541495921876,558.9816073999973,42,2
32,neutral,0.16460076515215946,577.0122668999975,42,2
33,infection,0.512685131625539,595.0423785999883,42,2
34,neutral,0.3020846994302928,613.0758712999959,42,2
35,infection,0.17082839115131324,631.1066461999872,42,2
36,neutral,0.32677805504756946,649.1357742999971,42,2
37,infection,0.43133884864657895,667.1682815999957,42,2
38,neutral,0.30793513675782336,685.2002371999988,42,2
39,infection,0.1391996224847719,703.2315422999964,42,2
1,neutral,0.30807180052585575,18.03893249999965,43,2
2,neutral,0.31812553478896305,36.07125829999859,43,2
3,infection,0.6506570029358137,54.10179810000409,43,2
4,infection,0.34892595342234894,72.1331724000047,43,2
5,infection,0.3704289563765835,90.16295170001104,43,2
6,neutral,0.6790969172461788,108.1942590000108,43,2
7,infection,0.4291062072110356,126.22570360000827,43,2
8,neutral,0.3035433850197978,144.25727590000315,43,2
9,infection,0.3242247377129959,162.2886126000085,43,2
10,neutral,0.1929358046225459,180.3181181000109,43,2
11,infection,0.1569473955435508,198.39980460000515,43,2
12,neutral,0.2742202949899414,216.43061619999932,43,2
13,infection,0.10963294372056448,234.46204410000064,43,2
14,neutral,0.3073951121524418,252.49286040000152,43,2
15,infection,0.5107978461691707,270.52501280000433,43,2
16,neutral,0.6934909085707763,288.6056144000031,43,2
17,infection,0.28577949983124595,306.63558660000854,43,2
18,neutral,0.31656722362936346,324.7166875000112,43,2
19,infection,0.15221938035138388,342.79786580000655,43,2
20,neutral,0.46159348192073774,360.8794137000077,43,2
21,infection,0.47114894430216314,378.960238300002,43,2
22,neutral,0.37133442147772266,396.9923980000021,43,2
23,infection,0.4895427298309309,415.0239709000016,43,2
24,neutral,0.3594178347676226,433.1047137999994,43,2
25,infection,0.18292419646032562,451.1367669000029,43,2
26,neutral,0.34275315749065544,469.1661335000099,43,2
27,infection,0.2617330094953058,487.1996113000059,43,2
28,neutral,0.18490887886291227,505.2304961000046,43,2
29,infection,0.32409901221304876,523.3109674000007,43,2
30,neutral,0.19225986761966607,541.3419299000088,43,2
31,infection,0.3781244806192962,559.3729351000075,43,2
32,neutral,0.3239447506454563,577.4542225000041,43,2
33,infection,0.2530491125045678,595.4849971000076,43,2
34,neutral,0.04998040147241303,613.5671990999981,43,2
35,infection,0.19983924490523164,631.6469747000083,43,2
36,neutral,0.021993066810952748,649.7304520000034,43,2
37,infection,0.08384202930465867,667.8098781000008,43,2
38,neutral,0.1559183934419019,685.8911375000025,43,2
39,infection,0.5931320837488381,703.9735720000026,43,2
1,neutral,0.5220533313684877,18.035574999987148,44,2
2,neutral,0.4290223907765561,36.06682770000771,44,2
3,infection,0.24020058222267326,54.09797959998832,44,2
4,infection,0.6166530024152179,72.12948820000747,44,2
5,infection,0.17047251124607998,90.16000529998564,44,2
6,neutral,0.40823152632767346,108.1910535999923,44,2
7,infection,0.5847024727803848,126.22458929999266,44,2
8,neutral,0.31283612617813683,144.25398889998905,44,2
9,infection,0.2839399447258859,162.28475150000304,44,2
10,neutral,0.37254847147505993,180.31683060000069,44,2
11,infection,0.536754188678325,198.3483722000092,44,2
12,neutral,0.25841063504897194,216.3804433000041,44,2
13,infection,0.41708757714334005,234.40903499998967,44,2
14,neutral,0.39665871595949287,252.4426567000046,44,2
15,infection,0.41225723036270034,270.4734959999914,44,2
16,neutral,0.5082441253527077,288.5042009000026,44,2
17,infection,0.563433391402992,306.53625569998985,44,2
18,neutral,0.1311625064499264,324.56624240000383,44,2
19,infection,0.36379777400928753,342.5980595999863,44,2
20,neutral,0.24544782479288887,360.6303572999896,44,2
21,infection,0.2682518876922931,378.6597357999999,44,2
22,neutral,0.2521855285893159,396.6923962000001,44,2
23,infection,0.35024973609273036,414.7226764000079,44,2
24,neutral,0.37873787557528515,432.7539575999835,44,2
25,infection,0.38551621818395687,450.784996500006,44,2
26,neutral,0.30444174930516094,468.8165069000097,44,2
27,infection,0.13756531150549892,486.847196799994,44,2
28,neutral,0.4782068862566016,504.8796163999941,44,2
29,infection,0.19077816530076439,522.9107347000099,44,2
30,neutral,0.2815909863612936,540.9421980000043,44,2
31,infection,0.38671240067922197,558.9722525999823,44,2
32,neutral,0.1248269931466217,577.0045640000026,44,2
33,infection,0.5921844911167303,595.0344631999906,44,2
34,neutral,0.565548343828199,613.0661711999855,44,2
35,infection,0.32115894841739945,631.0983197999885,44,2
36,neutral,0.3848691824871494,649.1285519000085,44,2
37,infection,0.3229831391268918,667.1613153000071,44,2
38,neutral,0.3756673341292703,685.1924575000012,44,2
39,infection,0.4316399216567741,703.2228000999894,44,2
1,neutral,0.13414341346637168,18.048563600023044,46,2
2,neutral,0.12514972064156776,36.0795180000132,46,2
3,infection,0.08545752564687886,54.11026490002405,46,2
4,infection,0.28113154228617643,72.14109720001579,46,2
5,infection,0.32705820176987305,90.17239780002274,46,2
6,neutral,0.15006144383522346,108.20388680000906,46,2
7,infection,0.24684262379938948,126.23404619999928,46,2
8,neutral,0.219961038656913,144.266913200001,46,2
9,infection,0.22497358478753862,162.29835430000094,46,2
10,neutral,0.14315668798441514,180.3290541000024,46,2
11,infection,0.08290079979148568,198.35936820000643,46,2
12,neutral,0.030821891280331026,216.3914361000061,46,2
13,infection,0.2800323667526975,234.42184310001903,46,2
14,neutral,0.5540248822396948,252.4531832000066,46,2
15,infection,0.45093364646263573,270.48556240001926,46,2
16,neutral,0.3757124253417183,288.51582870000857,46,2
17,infection,0.13629833010898715,306.5473016000178,46,2
18,neutral,0.41256279636611626,324.5774868000008,46,2
19,infection,0.9476272765227989,342.60932750001666,46,2
20,neutral,0.7836005472949457,360.6410168000148,46,2
21,infection,0.21757849165744192,378.6720282000024,46,2
22,neutral,0.4428772275215992,396.7044479000033,46,2
23,infection,0.6350750334253611,414.7333026000124,46,2
24,neutral,0.5120772737353103,432.7668351000175,46,2
25,infection,0.52674349247743,450.7954623000114,46,2
26,neutral,0.35843545246503566,468.8273105999979,46,2
27,infection,0.20379748237187137,486.8592154000071,46,2
28,neutral,0.6911165969892585,504.8920194000239,46,2
29,infection,1.0068910310255101,522.9723693999986,46,2
30,neutral,0.47657503387932015,541.0041698999994,46,2
31,infection,0.31620274439595875,559.0362255000218,46,2
32,neutral,0.20033838553998384,577.0669545000128,46,2
33,infection,0.32001866841258403,595.098289800022,46,2
34,neutral,0.23572261816504866,613.1281013000116,46,2
35,infection,0.2401526483994957,631.1599761000252,46,2
36,neutral,0.07575623021276393,649.1910175000085,46,2
37,infection,0.3221602972097153,667.2232951000042,46,2
38,neutral,0.51988806725098,685.2533541000157,46,2
39,infection,0.5951934902598969,703.2840012000233,46,2
1,neutral,0.05891328713529342,18.038095399999293,47,2
2,neutral,0.28173934455066507,36.07113209998352,47,2
3,infection,0.14902366388735966,54.10037899998133,47,2
4,infection,0.08073078143260462,72.13148229999933,47,2
5,infection,0.07115049433373147,90.1639496999851,47,2
6,neutral,0.21237958566358342,108.1922222999856,47,2
7,infection,0.12899871350347009,126.22505169999204,47,2
8,neutral,0.038078112903635254,144.2548539999989,47,2
9,infection,0.2595689174482258,162.28761790000135,47,2
10,neutral,0.14559419197231413,180.3176771999861,47,2
11,infection,0.13450834277116802,198.34886999998707,47,2
12,neutral,0.09540947579393701,216.3808533999836,47,2
13,infection,0.21643212192559222,234.4132578999852,47,2
14,neutral,0.44440125269736386,252.44229169999016,47,2
15,infection,0.4413554710245957,270.4733695999894,47,2
16,neutral,0.5591704576848542,288.5063275999855,47,2
17,infection,0.04203608927059968,306.5352056999982,47,2
18,neutral,0.07737615440958703,324.56789709997247,47,2
19,infection,0.21801837612973293,342.6009603999846,47,2
20,neutral,0.2630032024638626,360.62931359998765,47,2
21,infection,0.13720809604336864,378.66207429999486,47,2
22,neutral,0.24875095868560507,396.6941212999809,47,2
23,infection,0.23558689151730888,414.7236267999979,47,2
24,neutral,0.15470534098884667,432.7561708999856,47,2
25,infection,0.4190030421747628,450.78769659998943,47,2
26,neutral,0.10820250145634418,468.81712490000064,47,2
27,infection,0.19327577444922506,486.8496237999934,47,2
28,neutral,0.3345060299431698,504.879634699988,47,2
29,infection,0.15689492147883516,522.9127264999843,47,2
30,neutral,0.5092034714977174,540.9446182999818,47,2
31,infection,0.3901238883942239,558.9746004999906,47,2
32,neutral,0.17314365222948505,577.0061535999994,47,2
33,infection,0.3283148367181215,595.0361943999887,47,2
34,neutral,0.21518747951939388,613.0689010999922,47,2
35,infection,0.17342509309743986,631.0996588999988,47,2
36,neutral,0.31485615336982903,649.1306149999727,47,2
37,infection,0.3699204349155649,667.1614659999905,47,2
38,neutral,0.041753083132829036,685.1943442999909,47,2
39,infection,0.49053431485536697,703.2233888999908,47,2
1,neutral,0.32628138851198485,18.04135720001068,48,2
2,neutral,0.051951527426482756,36.07281550002517,48,2
3,infection,0.08919037426359724,54.10257580000325,48,2
4,infection,0.09450784755238038,72.13377610000316,48,2
5,infection,0.02191623588396672,90.16414050001184,48,2
6,neutral,0.05512398005769671,108.19647610001266,48,2
7,infection,0.06557367962927427,126.228382900008,48,2
8,neutral,0.04389745080256656,144.25800230001914,48,2
9,infection,0.05501996066926539,162.28873090000707,48,2
10,neutral,0.02749598230925329,180.3210098000127,48,2
11,infection,0.08426719475683923,198.35294390001212,48,2
12,neutral,0.039417592101151686,216.38379740001983,48,2
13,infection,0.12710130999958993,234.4155641000252,48,2
14,neutral,0.08245469620116178,252.4459927999997,48,2
15,infection,0.1434684766784967,270.47658750001574,48,2
16,neutral,0.05435160636936037,288.5062216000224,48,2
17,infection,0.25800535331793933,306.5398208000115,48,2
18,neutral,0.06378720188341766,324.5714780999988,48,2
19,infection,0.09146337366843026,342.6026477999985,48,2
20,neutral,0.06180462830388204,360.63422940002056,48,2
21,infection,0.05735044047272844,378.6644775000168,48,2
22,neutral,0.050806736153074517,396.6957231000124,48,2
23,infection,0.09514890542651051,414.7274984999967,48,2
24,neutral,0.036831569461219384,432.75740460000816,48,2
25,infection,0.07822083120205549,450.7892397000105,48,2
26,neutral,0.08611871709979387,468.82043790002353,48,2
27,infection,0.10929631785227535,486.8516545000021,48,2
28,neutral,0.1456803925860219,504.88250340000377,48,2
29,infection,0.055279951012439536,522.9137562000251,48,2
30,neutral,0.029733674410856826,540.9467090000107,48,2
31,infection,0.0935737225400065,558.9768333000247,48,2
32,neutral,0.05559904688140223,577.0076298000058,48,2
33,infection,0.07966970280368815,595.0392809000041,48,2
34,neutral,0.023233984509375288,613.071714700025,48,2
35,infection,0.07427595588462257,631.1015900000057,48,2
36,neutral,0.10046136766711179,649.13177550002,48,2
37,infection,0.07081096859320789,667.1654184000217,48,2
38,neutral,0.352192574138329,685.1951764000114,48,2
39,infection,0.12733148248040246,703.2282242000219,48,2
1,neutral,0.059324069145454204,18.036624800006397,49,2
2,neutral,0.2340751483086292,36.06928860000335,49,2
3,infection,0.5564452233541136,54.100238900020486,49,2
4,infection,0.16657343552895534,72.13002910002251,49,2
5,infection,0.26811415310396675,90.16211020000628,49,2
6,neutral,0.2791572541788062,108.19339940001372,49,2
7,infection,0.3781036707812279,126.2249465000059,49,2
8,neutral,0.199122926368192,144.25660120000248,49,2
9,infection,0.8152284419897633,162.28736170000047,49,2
10,neutral,0.3517487025364076,180.31917830000748,49,2
11,infection,0.3570855272456771,198.34758760000116,49,2
12,neutral,0.34563734551147063,216.38121300001512,49,2
13,infection,0.3040506565263719,234.41196920000948,49,2
14,neutral,0.27853154735169017,252.4434849000245,49,2
15,infection,0.19718163762433838,270.4740867000073,49,2
16,neutral,0.13720715979312698,288.505759200023,49,2
17,infection,0.21253970825984722,306.53550880000694,49,2
18,neutral,0.39360315535244284,324.5682278000168,49,2
19,infection,0.13834642743482367,342.598950500018,49,2
20,neutral,0.22044675551885795,360.6303315999976,49,2
21,infection,0.2150099282162988,378.6634214000078,49,2
22,neutral,0.24711292593151468,396.6937581000093,49,2
23,infection,0.31245354830151706,414.72569849999854,49,2
24,neutral,0.5308565801913132,432.7569832000008,49,2
25,infection,0.8947565035360603,450.7860346000234,49,2
26,neutral,0.0951412720391281,468.818073900009,49,2
27,infection,0.15726411906343488,486.84871040002326,49,2
28,neutral,0.33708666217195193,504.8797337000142,49,2
29,infection,0.45895355590533704,522.913260500005,49,2
30,neutral,0.6319991311087213,540.9428047999972,49,2
31,infection,0.3178655806147001,558.9747129000025,49,2
32,neutral,0.3668917448779488,577.006609300006,49,2
33,infection,0.21667484504686388,595.0353047000244,49,2
34,neutral,0.6184562682615081,613.0688069000025,49,2
35,infection,0.19994345908151767,631.0998381000245,49,2
36,neutral,0.5534200409751774,649.1304408000142,49,2
37,infection,0.5156181173252892,667.1628516000055,49,2
38,neutral,0.7453180476358411,685.1927835000097,49,2
39,infection,0.5140446873625827,703.2252140000055,49,2
1,neutral,0.17072957316072798,18.041071100044064,50,2
2,neutral,0.11143254202018357,36.07198170002084,50,2
3,infection,0.25525318698340244,54.10111769998912,50,2
4,infection,0.0978828078851066,72.1319137000246,50,2
5,infection,0.14849070032455747,90.1661388000357,50,2
6,neutral,0.12394235728744846,108.19590880000032,50,2
7,infection,0.23030881668169872,126.2276339000091,50,2
8,neutral,0.18801867603911876,144.25752510002349,50,2
9,infection,0.2717297421394774,162.2890524000395,50,2
10,neutral,0.15927127644541988,180.3203113999916,50,2
11,infection,0.30476991912349305,198.35105890000705,50,2
12,neutral,0.15109066518082132,216.3815088000265,50,2
13,infection,0.16156090031307382,234.41559839999536,50,2
14,neutral,0.0903511090568946,252.44692680001023,50,2
15,infection,0.08973345692479477,270.47697940003127,50,2
16,neutral,0.1040229154945255,288.5083068000385,50,2
17,infection,0.09969939117256699,306.53945410001324,50,2
18,neutral,0.14798243923605386,324.569767100038,50,2
19,infection,0.11093219598300645,342.6029501000303,50,2
20,neutral,0.10254819687227765,360.6336673999904,50,2
21,infection,0.1447494303785034,378.66474100004416,50,2
22,neutral,0.16255053745294817,396.6972379999934,50,2
23,infection,0.09550025254795283,414.7270224000095,50,2
24,neutral,0.08869397549476332,432.7585483000148,50,2
25,infection,0.036461062970294465,450.79006160004064,50,2
26,neutral,0.055442306357479244,468.8219700999907,50,2
27,infection,0.2053914631502005,486.8512965000118,50,2
28,neutral,0.19181084498974424,504.88220380002167,50,2
29,infection,0.17978383954013266,522.914701700036,50,2
30,neutral,0.1700778103605611,540.9463356999913,50,2
31,infection,0.2655307716036608,558.9776012999937,50,2
32,neutral,0.09128728374823289,577.0080072000274,50,2
33,infection,0.3103786754702281,595.0405392000102,50,2
34,neutral,0.1592588630741117,613.0718203000142,50,2
35,infection,0.2217361016278232,631.1026628999971,50,2
36,neutral,0.14635395261263032,649.1334836999886,50,2
37,infection,0.41044948856669883,667.165364800021,50,2
38,neutral,0.03524794068942,685.1979396000388,50,2
39,infection,0.2030083147100035,703.2278944000136,50,2
1,neutral,0.09422505303152276,18.03952329995809,52,2
2,neutral,0.08997255622074474,36.07166259997757,52,2
3,infection,0.148082545986604,54.10247149999486,52,2
4,infection,0.11242186654330229,72.13445819995832,52,2
5,infection,0.03088992713927824,90.16513689997372,52,2
6,neutral,0.05213722853164216,108.19584919995395,52,2
7,infection,0.06865058704867034,126.2282951999805,52,2
8,neutral,0.17793620239583824,144.2598814999801,52,2
9,infection,0.21069109713703288,162.28895159997046,52,2
10,neutral,0.5936469063812128,180.32149419997583,52,2
11,infection,0.4645572061620611,198.35248499998124,52,2
12,neutral,0.3973177072657136,216.38507289998236,52,2
13,infection,0.11739616696357583,234.41534639999736,52,2
14,neutral,0.0600645840408749,252.4470132999704,52,2
15,infection,0.15604715004084252,270.47809559997404,52,2
16,neutral,0.2693688643353128,288.5100706999656,52,2
17,infection,0.13433596889683683,306.54029340000125,52,2
18,neutral,0.10515940294478322,324.5710190999671,52,2
19,infection,0.13009050508874903,342.6034001999651,52,2
20,neutral,0.08025460185174182,360.6339189999853,52,2
21,infection,0.15000294361435906,378.6668152999482,52,2
22,neutral,0.21182457498326615,396.6981499999529,52,2
23,infection,0.03295934151165419,414.72925239999313,52,2
24,neutral,0.14216429759337101,432.75965449999785,52,2
25,infection,0.037174826612864156,450.78927629999816,52,2
26,neutral,0.20681752629085945,468.82109240000136,52,2
27,infection,0.07374286671729074,486.8532309999573,52,2
28,neutral,0.32991455983938883,504.88509769999655,52,2
29,infection,0.12993169404269037,522.9158884999924,52,2
30,neutral,0.17217227062941395,540.9479093999835,52,2
31,infection,0.06499443758764534,558.978319899994,52,2
32,neutral,0.3360290740869492,577.0101386999595,52,2
33,infection,0.24139204781035487,595.0397059999523,52,2
34,neutral,0.15873704565966698,613.072380299971,52,2
35,infection,0.18830286254191914,631.1031157999532,52,2
36,neutral,0.20829958020676748,649.1352583999978,52,2
37,infection,0.06032976960238629,667.1655726999743,52,2
38,neutral,0.18172912213157985,685.1976273999899,52,2
39,infection,0.08578314704881579,703.2282068999484,52,2
1,neutral,0.44901007181976227,18.047593800001778,53,2
2,neutral,0.31546354386411884,36.07858520001173,53,2
3,infection,0.2767116090455614,54.10911699995631,53,2
4,infection,0.09249530018214609,72.14031330001308,53,2
5,infection,0.3026478892594011,90.17090669996104,53,2
6,neutral,0.37549431527016286,108.20306799997344,53,2
7,infection,0.285152315162444,126.23308390000602,53,2
8,neutral,0.31550430398696955,144.26474339998094,53,2
9,infection,0.48589511202202584,162.29609999997774,53,2
10,neutral,0.17302460207254816,180.32759619998976,53,2
11,infection,0.08421319123186108,198.35832539998228,53,2
12,neutral,0.27290379111940727,216.38902780000356,53,2
13,infection,0.12409227829336704,234.41988659999333,53,2
14,neutral,0.13381683734564842,252.4516378999688,53,2
15,infection,0.2669628849897483,270.48477849998744,53,2
16,neutral,0.06654657425694775,288.51510999997845,53,2
17,infection,0.27857174180008504,306.54628700000467,53,2
18,neutral,0.13088992103634414,324.57594820001395,53,2
19,infection,0.3754063757932125,342.6080929999589,53,2
20,neutral,0.5937752607808516,360.6408847999992,53,2
21,infection,0.5753382471393502,378.6720773999696,53,2
22,neutral,0.6210977145178329,396.70146509999176,53,2
23,infection,0.3072533720228192,414.73269289999735,53,2
24,neutral,0.24223641080832345,432.764756599965,53,2
25,infection,0.2970424705505224,450.7957422999898,53,2
26,neutral,0.42175521352852213,468.8289618999697,53,2
27,infection,0.23977749532351414,486.85891869995976,53,2
28,neutral,0.3036793577534038,504.8888580999919,53,2
29,infection,0.21565677058311394,522.9227676999872,53,2
30,neutral,0.20676680105475795,540.9533154999954,53,2
31,infection,0.5007307508393171,558.9840210999828,53,2
32,neutral,0.23491075301603523,577.0143952000071,53,2
33,infection,0.4193296093208733,595.0462781999959,53,2
34,neutral,0.9083950409481476,613.0773604999995,53,2
35,infection,0.5135227944409722,631.1098423000076,53,2
36,neutral,0.07595227562337985,649.1397410999634,53,2
37,infection,0.31488372532953074,667.1724969999632,53,2
38,neutral,0.16383590225154873,685.2030323999934,53,2
39,infection,0.401323284364169,703.2343007999589,53,2
1,neutral,0.23017255515106666,18.038942100014538,55,2
2,neutral,0.6497295453499733,36.06835020001745,55,2
3,infection,0.7112706381799438,54.10042470000917,55,2
4,infection,0.09106791141859287,72.13228169997456,55,2
5,infection,0.08940535110005449,90.1639026000048,55,2
6,neutral,0.4195452088413743,108.19407739996676,55,2
7,infection,0.2650075189838679,126.22551059996476,55,2
8,neutral,0.19390072929066499,144.2557810000144,55,2
9,infection,0.1646423028803557,162.2885553999804,55,2
10,neutral,0.4232850152329207,180.3178294000099,55,2
11,infection,0.049203269877381696,198.3523549999809,55,2
12,neutral,0.4539609700546042,216.38182989996852,55,2
13,infection,0.2821130813686877,234.4125105999992,55,2
14,neutral,0.5057011811169628,252.44445419998377,55,2
15,infection,0.04310899930815211,270.47597640001914,55,2
16,neutral,0.27945163038274157,288.50804420001805,55,2
17,infection,0.15365908876850873,306.538764500001,55,2
18,neutral,0.39936626938036135,324.56910670001525,55,2
19,infection,0.2195698819557448,342.59949769999366,55,2
20,neutral,0.252304385780144,360.63251819997095,55,2
21,infection,0.3534808178245557,378.66300289996434,55,2
22,neutral,0.16657419841597604,396.6945989999804,55,2
23,infection,0.13069814208011882,414.7256676999969,55,2
24,neutral,0.3746370403094702,432.7566566999885,55,2
25,infection,0.3595747162662183,450.7882318000193,55,2
26,neutral,0.12325977507392773,468.8190733999945,55,2
27,infection,0.29793645387431233,486.8517279999796,55,2
28,neutral,0.3601745962315397,504.8824252000195,55,2
29,infection,0.10805038614648543,522.9131864999654,55,2
30,neutral,0.44070070314673127,540.9442660000059,55,2
31,infection,0.11788923125271626,558.9763089999906,55,2
32,neutral,0.7340578569938583,577.0070236999891,55,2
33,infection,0.7288304545672153,595.0394580999855,55,2
34,neutral,0.40119874908937214,613.0712198999827,55,2
35,infection,0.454534448770199,631.1019874999765,55,2
36,neutral,0.5461116896598972,649.1326465000166,55,2
37,infection,0.5172722206763547,667.1642397000105,55,2
38,neutral,0.9434243051598685,685.1964444000041,55,2
39,infection,0.19183937128683193,703.2259744000039,55,2
